{
    "Sum_Trips_per_Mode": {
        "work": {
            "60101": {
                "car": 786.6917552662496,
                "publicTransport": 167.01265863772556
            },
            "60669": {
                "car": 33.658359032690086,
                "publicTransport": 7.417522444991137
            },
            "60608": {
                "car": 16.082971252216872,
                "publicTransport": 3.4725958598553492
            },
            "60611": {
                "car": 9.103035296639543,
                "publicTransport": 3.685036967130155
            },
            "60670": {
                "car": 27.862153563947395,
                "publicTransport": 9.385820711731895
            },
            "60662": {
                "car": 7.491159683390801,
                "publicTransport": 2.8745025391103463
            },
            "60656": {
                "car": 8.20226244779347,
                "publicTransport": 2.0257522181650613
            },
            "60655": {
                "car": 11.645061793815852,
                "publicTransport": 3.168362528114221
            },
            "60624": {
                "car": 25.56545810944258,
                "publicTransport": 7.500704804905571
            },
            "60660": {
                "car": 8.711149706960814,
                "publicTransport": 2.2963117951543333
            },
            "60629": {
                "car": 12.93601581242623,
                "publicTransport": 3.7413062240442674
            },
            "60618": {
                "car": 2.5117887555339125,
                "publicTransport": 0.9165903239940985
            },
            "61059": {
                "car": 13.410663340440518,
                "publicTransport": 4.081970994253972
            },
            "61001": {
                "car": 2.6400050928182166,
                "publicTransport": 0.8470711418799364
            },
            "61055": {
                "car": 3.394493739364835,
                "publicTransport": 1.6517354741367147
            },
            "61021": {
                "car": 16.338050857163132,
                "publicTransport": 8.613259636916553,
                "bicycle": 5.963628472007491
            },
            "61017": {
                "car": 2.4481512601899893,
                "publicTransport": 1.2575942333492298
            },
            "61020": {
                "car": 4.945462019458731,
                "publicTransport": 2.558801863166946,
                "bicycle": 1.934430311870185
            },
            "61012": {
                "car": 10.29551790551051,
                "publicTransport": 5.331084146590882,
                "bicycle": 4.016688267660581
            },
            "61043": {
                "car": 7.158963721790813,
                "publicTransport": 4.311758767774009,
                "bicycle": 2.8758996469465354,
                "walk": 1.1335486100288887
            },
            "61053": {
                "car": 75.06972550387883,
                "publicTransport": 39.27157495362454,
                "bicycle": 29.526413019025412
            },
            "61027": {
                "car": 4.699402092240476,
                "publicTransport": 2.3684940915617014
            },
            "61016": {
                "car": 3.996825674306827,
                "publicTransport": 2.11680295875208,
                "bicycle": 1.2457264791954938
            },
            "61045": {
                "car": 17.139311110519674,
                "publicTransport": 8.705306743757298
            },
            "61008": {
                "car": 5.9630895491380755,
                "publicTransport": 2.917015668752874
            },
            "61050": {
                "car": 7.856283368014544,
                "publicTransport": 4.080604691948536
            },
            "61049": {
                "car": 6.1264144414268,
                "publicTransport": 3.610087463411818
            },
            "61058": {
                "car": 15.259622041589381,
                "publicTransport": 7.509993434548919
            },
            "62347": {
                "car": 1.8324401689606602,
                "publicTransport": 0.8716899736412004
            }
        }
    },
    "Trips_per_group": {
        "work": {
            "60101": {
                "car": {
                    "popGroup2": 390.0165610426193,
                    "popGroup4": 0.0,
                    "popGroup6": 0.0,
                    "popGroup10": 396.6751942236304,
                    "popGroup12": 0.0,
                    "popGroup14": 0.0
                },
                "publicTransport": {
                    "popGroup0": 0.0,
                    "popGroup1": 0.0,
                    "popGroup2": 14.411281183398177,
                    "popGroup3": 67.20168374011587,
                    "popGroup4": 0.0,
                    "popGroup5": 0.0,
                    "popGroup6": 0.0,
                    "popGroup7": 0.0,
                    "popGroup8": 0.0,
                    "popGroup9": 0.0,
                    "popGroup10": 14.656977830114585,
                    "popGroup11": 70.74271588409692,
                    "popGroup12": 0.0,
                    "popGroup13": 0.0,
                    "popGroup14": 0.0,
                    "popGroup15": 0.0
                }
            },
            "60669": {
                "car": {
                    "popGroup2": 16.68673646660352,
                    "popGroup4": 0.0,
                    "popGroup6": 0.0,
                    "popGroup10": 16.971622566086566,
                    "popGroup12": 0.0,
                    "popGroup14": 0.0
                },
                "publicTransport": {
                    "popGroup0": 0.0,
                    "popGroup1": 0.0,
                    "popGroup2": 0.6267537003269985,
                    "popGroup3": 2.9976805268227205,
                    "popGroup4": 0.0,
                    "popGroup5": 0.0,
                    "popGroup6": 0.0,
                    "popGroup7": 0.0,
                    "popGroup8": 0.0,
                    "popGroup9": 0.0,
                    "popGroup10": 0.6374394680429001,
                    "popGroup11": 3.1556487497985177,
                    "popGroup12": 0.0,
                    "popGroup13": 0.0,
                    "popGroup14": 0.0,
                    "popGroup15": 0.0
                }
            },
            "60608": {
                "car": {
                    "popGroup2": 7.9734219908651625,
                    "popGroup4": 0.0,
                    "popGroup6": 0.0,
                    "popGroup10": 8.109549261351711,
                    "popGroup12": 0.0,
                    "popGroup14": 0.0
                },
                "publicTransport": {
                    "popGroup0": 0.0,
                    "popGroup1": 0.0,
                    "popGroup2": 0.29981421468146674,
                    "popGroup3": 1.3971195231490114,
                    "popGroup4": 0.0,
                    "popGroup5": 0.0,
                    "popGroup6": 0.0,
                    "popGroup7": 0.0,
                    "popGroup8": 0.0,
                    "popGroup9": 0.0,
                    "popGroup10": 0.3049255102503581,
                    "popGroup11": 1.4707366117745129,
                    "popGroup12": 0.0,
                    "popGroup13": 0.0,
                    "popGroup14": 0.0,
                    "popGroup15": 0.0
                }
            },
            "60611": {
                "car": {
                    "popGroup2": 4.512993363950175,
                    "popGroup4": 0.0,
                    "popGroup6": 0.0,
                    "popGroup10": 4.590041932689368,
                    "popGroup12": 0.0,
                    "popGroup14": 0.0
                },
                "publicTransport": {
                    "popGroup0": 0.0,
                    "popGroup1": 0.0,
                    "popGroup2": 0.2493042071308555,
                    "popGroup3": 1.5501866876285182,
                    "popGroup4": 0.0,
                    "popGroup5": 0.0,
                    "popGroup6": 0.0,
                    "popGroup7": 0.0,
                    "popGroup8": 0.0,
                    "popGroup9": 0.0,
                    "popGroup10": 0.25356007893031624,
                    "popGroup11": 1.6319859934404646,
                    "popGroup12": 0.0,
                    "popGroup13": 0.0,
                    "popGroup14": 0.0,
                    "popGroup15": 0.0
                }
            },
            "60670": {
                "car": {
                    "popGroup2": 13.813163505047049,
                    "popGroup4": 0.0,
                    "popGroup6": 0.0,
                    "popGroup10": 14.048990058900344,
                    "popGroup12": 0.0,
                    "popGroup14": 0.0
                },
                "publicTransport": {
                    "popGroup0": 0.0,
                    "popGroup1": 0.0,
                    "popGroup2": 0.6730403136321926,
                    "popGroup3": 3.910942362036089,
                    "popGroup4": 0.0,
                    "popGroup5": 0.0,
                    "popGroup6": 0.0,
                    "popGroup7": 0.0,
                    "popGroup8": 0.0,
                    "popGroup9": 0.0,
                    "popGroup10": 0.6845259288632108,
                    "popGroup11": 4.1173121072004015,
                    "popGroup12": 0.0,
                    "popGroup13": 0.0,
                    "popGroup14": 0.0,
                    "popGroup15": 0.0
                }
            },
            "60662": {
                "car": {
                    "popGroup2": 3.7138768336659895,
                    "popGroup4": 0.0,
                    "popGroup6": 0.0,
                    "popGroup10": 3.7772828497248123,
                    "popGroup12": 0.0,
                    "popGroup14": 0.0
                },
                "publicTransport": {
                    "popGroup0": 0.0,
                    "popGroup1": 0.0,
                    "popGroup2": 0.1969006544152896,
                    "popGroup3": 1.2068287086039093,
                    "popGroup4": 0.0,
                    "popGroup5": 0.0,
                    "popGroup6": 0.0,
                    "popGroup7": 0.0,
                    "popGroup8": 0.0,
                    "popGroup9": 0.0,
                    "popGroup10": 0.20026234640835308,
                    "popGroup11": 1.270510829682794,
                    "popGroup12": 0.0,
                    "popGroup13": 0.0,
                    "popGroup14": 0.0,
                    "popGroup15": 0.0
                }
            },
            "60656": {
                "car": {
                    "popGroup2": 4.066418720913516,
                    "popGroup4": 0.0,
                    "popGroup6": 0.0,
                    "popGroup10": 4.135843726879952,
                    "popGroup12": 0.0,
                    "popGroup14": 0.0
                },
                "publicTransport": {
                    "popGroup0": 0.0,
                    "popGroup1": 0.0,
                    "popGroup2": 0.15108822503632857,
                    "popGroup3": 0.8383802996818943,
                    "popGroup4": 0.0,
                    "popGroup5": 0.0,
                    "popGroup6": 0.0,
                    "popGroup7": 0.0,
                    "popGroup8": 0.0,
                    "popGroup9": 0.0,
                    "popGroup10": 0.15366641772064607,
                    "popGroup11": 0.8826172757261923,
                    "popGroup12": 0.0,
                    "popGroup13": 0.0,
                    "popGroup14": 0.0,
                    "popGroup15": 0.0
                }
            },
            "60655": {
                "car": {
                    "popGroup2": 5.773248406550225,
                    "popGroup4": 0.0,
                    "popGroup6": 0.0,
                    "popGroup10": 5.871813387265628,
                    "popGroup12": 0.0,
                    "popGroup14": 0.0
                },
                "publicTransport": {
                    "popGroup0": 0.0,
                    "popGroup1": 0.0,
                    "popGroup2": 0.24333366256765512,
                    "popGroup3": 1.304361274194428,
                    "popGroup4": 0.0,
                    "popGroup5": 0.0,
                    "popGroup6": 0.0,
                    "popGroup7": 0.0,
                    "popGroup8": 0.0,
                    "popGroup9": 0.0,
                    "popGroup10": 0.24748563049488748,
                    "popGroup11": 1.3731819608572502,
                    "popGroup12": 0.0,
                    "popGroup13": 0.0,
                    "popGroup14": 0.0,
                    "popGroup15": 0.0
                }
            },
            "60624": {
                "car": {
                    "popGroup2": 12.674535084562851,
                    "popGroup4": 0.0,
                    "popGroup6": 0.0,
                    "popGroup10": 12.890923024879731,
                    "popGroup12": 0.0,
                    "popGroup14": 0.0
                },
                "publicTransport": {
                    "popGroup0": 0.0,
                    "popGroup1": 0.0,
                    "popGroup2": 0.5728326929916039,
                    "popGroup3": 3.0910898563367537,
                    "popGroup4": 0.0,
                    "popGroup5": 0.0,
                    "popGroup6": 0.0,
                    "popGroup7": 0.0,
                    "popGroup8": 0.0,
                    "popGroup9": 0.0,
                    "popGroup10": 0.5826024877440558,
                    "popGroup11": 3.2541797678331585,
                    "popGroup12": 0.0,
                    "popGroup13": 0.0,
                    "popGroup14": 0.0,
                    "popGroup15": 0.0
                }
            },
            "60660": {
                "car": {
                    "popGroup2": 4.31870884931855,
                    "popGroup4": 0.0,
                    "popGroup6": 0.0,
                    "popGroup10": 4.392440857642265,
                    "popGroup12": 0.0,
                    "popGroup14": 0.0
                },
                "publicTransport": {
                    "popGroup0": 0.0,
                    "popGroup1": 0.0,
                    "popGroup2": 0.16635496379139714,
                    "popGroup3": 0.9551806113013567,
                    "popGroup4": 0.0,
                    "popGroup5": 0.0,
                    "popGroup6": 0.0,
                    "popGroup7": 0.0,
                    "popGroup8": 0.0,
                    "popGroup9": 0.0,
                    "popGroup10": 0.16919381729294214,
                    "popGroup11": 1.0055824027686373,
                    "popGroup12": 0.0,
                    "popGroup13": 0.0,
                    "popGroup14": 0.0,
                    "popGroup15": 0.0
                }
            },
            "60629": {
                "car": {
                    "popGroup2": 6.413262513603863,
                    "popGroup4": 0.0,
                    "popGroup6": 0.0,
                    "popGroup10": 6.522753298822368,
                    "popGroup12": 0.0,
                    "popGroup14": 0.0
                },
                "publicTransport": {
                    "popGroup0": 0.0,
                    "popGroup1": 0.0,
                    "popGroup2": 0.26217368747655917,
                    "popGroup3": 1.5649527113613622,
                    "popGroup4": 0.0,
                    "popGroup5": 0.0,
                    "popGroup6": 0.0,
                    "popGroup7": 0.0,
                    "popGroup8": 0.0,
                    "popGroup9": 0.0,
                    "popGroup10": 0.26664788299819886,
                    "popGroup11": 1.6475319422081471,
                    "popGroup12": 0.0,
                    "popGroup13": 0.0,
                    "popGroup14": 0.0,
                    "popGroup15": 0.0
                }
            },
            "60618": {
                "car": {
                    "popGroup2": 1.2452644835052382,
                    "popGroup4": 0.0,
                    "popGroup6": 0.0,
                    "popGroup10": 1.2665242720286742,
                    "popGroup12": 0.0,
                    "popGroup14": 0.0
                },
                "publicTransport": {
                    "popGroup0": 0.0,
                    "popGroup1": 0.0,
                    "popGroup2": 0.06381983756600502,
                    "popGroup3": 0.38380446112766997,
                    "popGroup4": 0.0,
                    "popGroup5": 0.0,
                    "popGroup6": 0.0,
                    "popGroup7": 0.0,
                    "popGroup8": 0.0,
                    "popGroup9": 0.0,
                    "popGroup10": 0.06490898122101696,
                    "popGroup11": 0.4040570440794065,
                    "popGroup12": 0.0,
                    "popGroup13": 0.0,
                    "popGroup14": 0.0,
                    "popGroup15": 0.0
                }
            },
            "61059": {
                "car": {
                    "popGroup2": 6.64857643848054,
                    "popGroup4": 0.0,
                    "popGroup6": 0.0,
                    "popGroup10": 6.762086901959977,
                    "popGroup12": 0.0,
                    "popGroup14": 0.0
                },
                "publicTransport": {
                    "popGroup0": 0.0,
                    "popGroup1": 0.0,
                    "popGroup2": 0.29107787872518776,
                    "popGroup3": 1.7025035332052094,
                    "popGroup4": 0.0,
                    "popGroup5": 0.0,
                    "popGroup6": 0.0,
                    "popGroup7": 0.0,
                    "popGroup8": 0.0,
                    "popGroup9": 0.0,
                    "popGroup10": 0.29604885061767544,
                    "popGroup11": 1.7923407317058988,
                    "popGroup12": 0.0,
                    "popGroup13": 0.0,
                    "popGroup14": 0.0,
                    "popGroup15": 0.0
                }
            },
            "61001": {
                "car": {
                    "popGroup2": 1.3088297950921604,
                    "popGroup4": 0.0,
                    "popGroup6": 0.0,
                    "popGroup10": 1.3311752977260565,
                    "popGroup12": 0.0,
                    "popGroup14": 0.0
                },
                "publicTransport": {
                    "popGroup0": 0.0,
                    "popGroup1": 0.0,
                    "popGroup2": 0.059742609130344265,
                    "popGroup3": 0.35394434490596727,
                    "popGroup4": 0.0,
                    "popGroup5": 0.0,
                    "popGroup6": 0.0,
                    "popGroup7": 0.0,
                    "popGroup8": 0.0,
                    "popGroup9": 0.0,
                    "popGroup10": 0.060762794725903554,
                    "popGroup11": 0.37262139311772136,
                    "popGroup12": 0.0,
                    "popGroup13": 0.0,
                    "popGroup14": 0.0,
                    "popGroup15": 0.0
                }
            },
            "61055": {
                "car": {
                    "popGroup2": 1.6828808484106692,
                    "popGroup4": 0.0,
                    "popGroup6": 0.0,
                    "popGroup10": 1.7116128909541655,
                    "popGroup12": 0.0,
                    "popGroup14": 0.0
                },
                "publicTransport": {
                    "popGroup0": 0.0,
                    "popGroup1": 0.0,
                    "popGroup2": 0.1130571577735465,
                    "popGroup3": 0.6935472647791477,
                    "popGroup4": 0.0,
                    "popGroup5": 0.0,
                    "popGroup6": 0.0,
                    "popGroup7": 0.0,
                    "popGroup8": 0.0,
                    "popGroup9": 0.0,
                    "popGroup10": 0.11498618734891776,
                    "popGroup11": 0.7301448642351027,
                    "popGroup12": 0.0,
                    "popGroup13": 0.0,
                    "popGroup14": 0.0,
                    "popGroup15": 0.0
                }
            },
            "61021": {
                "car": {
                    "popGroup2": 8.099879973924766,
                    "popGroup4": 0.0,
                    "popGroup6": 0.0,
                    "popGroup10": 8.238170883238368,
                    "popGroup12": 0.0,
                    "popGroup14": 0.0
                },
                "publicTransport": {
                    "popGroup0": 0.0,
                    "popGroup1": 0.0,
                    "popGroup2": 0.5880537654684874,
                    "popGroup3": 3.618098145259264,
                    "popGroup4": 0.0,
                    "popGroup5": 0.0,
                    "popGroup6": 0.0,
                    "popGroup7": 0.0,
                    "popGroup8": 0.0,
                    "popGroup9": 0.0,
                    "popGroup10": 0.5980881459681218,
                    "popGroup11": 3.8090195802206797,
                    "popGroup12": 0.0,
                    "popGroup13": 0.0,
                    "popGroup14": 0.0,
                    "popGroup15": 0.0
                },
                "bicycle": {
                    "popGroup0": 0.0,
                    "popGroup1": 0.0,
                    "popGroup2": 0.407265392526725,
                    "popGroup3": 2.5049794306090787,
                    "popGroup4": 0.0,
                    "popGroup5": 0.0,
                    "popGroup6": 0.0,
                    "popGroup7": 0.0,
                    "popGroup8": 0.0,
                    "popGroup9": 0.0,
                    "popGroup10": 0.41421876634783666,
                    "popGroup11": 2.63716488252385,
                    "popGroup12": 0.0,
                    "popGroup13": 0.0,
                    "popGroup14": 0.0,
                    "popGroup15": 0.0
                }
            },
            "61017": {
                "car": {
                    "popGroup2": 1.2137146748382572,
                    "popGroup4": 0.0,
                    "popGroup6": 0.0,
                    "popGroup10": 1.234436585351732,
                    "popGroup12": 0.0,
                    "popGroup14": 0.0
                },
                "publicTransport": {
                    "popGroup0": 0.0,
                    "popGroup1": 0.0,
                    "popGroup2": 0.08585924856401941,
                    "popGroup3": 0.5282673422673366,
                    "popGroup4": 0.0,
                    "popGroup5": 0.0,
                    "popGroup6": 0.0,
                    "popGroup7": 0.0,
                    "popGroup8": 0.0,
                    "popGroup9": 0.0,
                    "popGroup10": 0.08732420508841761,
                    "popGroup11": 0.5561434374294563,
                    "popGroup12": 0.0,
                    "popGroup13": 0.0,
                    "popGroup14": 0.0,
                    "popGroup15": 0.0
                }
            },
            "61020": {
                "car": {
                    "popGroup2": 2.451800618626614,
                    "popGroup4": 0.0,
                    "popGroup6": 0.0,
                    "popGroup10": 2.4936614008321167,
                    "popGroup12": 0.0,
                    "popGroup14": 0.0
                },
                "publicTransport": {
                    "popGroup0": 0.0,
                    "popGroup1": 0.0,
                    "popGroup2": 0.17316594544552627,
                    "popGroup3": 1.076358557703066,
                    "popGroup4": 0.0,
                    "popGroup5": 0.0,
                    "popGroup6": 0.0,
                    "popGroup7": 0.0,
                    "popGroup8": 0.0,
                    "popGroup9": 0.0,
                    "popGroup10": 0.17612059097220018,
                    "popGroup11": 1.1331567690461533,
                    "popGroup12": 0.0,
                    "popGroup13": 0.0,
                    "popGroup14": 0.0,
                    "popGroup15": 0.0
                },
                "bicycle": {
                    "popGroup0": 0.0,
                    "popGroup1": 0.0,
                    "popGroup2": 0.1321082873872108,
                    "popGroup3": 0.8125408698535304,
                    "popGroup4": 0.0,
                    "popGroup5": 0.0,
                    "popGroup6": 0.0,
                    "popGroup7": 0.0,
                    "popGroup8": 0.0,
                    "popGroup9": 0.0,
                    "popGroup10": 0.13436376456378157,
                    "popGroup11": 0.8554173900656623,
                    "popGroup12": 0.0,
                    "popGroup13": 0.0,
                    "popGroup14": 0.0,
                    "popGroup15": 0.0
                }
            },
            "61012": {
                "car": {
                    "popGroup2": 5.104185796483925,
                    "popGroup4": 0.0,
                    "popGroup6": 0.0,
                    "popGroup10": 5.191332109026584,
                    "popGroup12": 0.0,
                    "popGroup14": 0.0
                },
                "publicTransport": {
                    "popGroup0": 0.0,
                    "popGroup1": 0.0,
                    "popGroup2": 0.3604227823270878,
                    "popGroup3": 2.242867659130936,
                    "popGroup4": 0.0,
                    "popGroup5": 0.0,
                    "popGroup6": 0.0,
                    "popGroup7": 0.0,
                    "popGroup8": 0.0,
                    "popGroup9": 0.0,
                    "popGroup10": 0.36657241296217424,
                    "popGroup11": 2.361221292170684,
                    "popGroup12": 0.0,
                    "popGroup13": 0.0,
                    "popGroup14": 0.0,
                    "popGroup15": 0.0
                },
                "bicycle": {
                    "popGroup0": 0.0,
                    "popGroup1": 0.0,
                    "popGroup2": 0.2743121862559771,
                    "popGroup3": 1.6871754743028544,
                    "popGroup4": 0.0,
                    "popGroup5": 0.0,
                    "popGroup6": 0.0,
                    "popGroup7": 0.0,
                    "popGroup8": 0.0,
                    "popGroup9": 0.0,
                    "popGroup10": 0.2789955024020879,
                    "popGroup11": 1.7762051046996614,
                    "popGroup12": 0.0,
                    "popGroup13": 0.0,
                    "popGroup14": 0.0,
                    "popGroup15": 0.0
                }
            },
            "61043": {
                "car": {
                    "popGroup2": 3.5491849757912757,
                    "popGroup4": 0.0,
                    "popGroup6": 0.0,
                    "popGroup10": 3.609778745999537,
                    "popGroup12": 0.0,
                    "popGroup14": 0.0
                },
                "publicTransport": {
                    "popGroup0": 0.0,
                    "popGroup1": 0.0,
                    "popGroup2": 0.294467441917409,
                    "popGroup3": 1.8111137632283576,
                    "popGroup4": 0.0,
                    "popGroup5": 0.0,
                    "popGroup6": 0.0,
                    "popGroup7": 0.0,
                    "popGroup8": 0.0,
                    "popGroup9": 0.0,
                    "popGroup10": 0.2994948021633792,
                    "popGroup11": 1.9066827604648635,
                    "popGroup12": 0.0,
                    "popGroup13": 0.0,
                    "popGroup14": 0.0,
                    "popGroup15": 0.0
                },
                "bicycle": {
                    "popGroup0": 0.0,
                    "popGroup1": 0.0,
                    "popGroup2": 0.19639421548518468,
                    "popGroup3": 1.2080058821921285,
                    "popGroup4": 0.0,
                    "popGroup5": 0.0,
                    "popGroup6": 0.0,
                    "popGroup7": 0.0,
                    "popGroup8": 0.0,
                    "popGroup9": 0.0,
                    "popGroup10": 0.199747406624163,
                    "popGroup11": 1.2717521426450593,
                    "popGroup12": 0.0,
                    "popGroup13": 0.0,
                    "popGroup14": 0.0,
                    "popGroup15": 0.0
                },
                "walk": {
                    "popGroup0": 0.0,
                    "popGroup1": 0.0,
                    "popGroup2": 0.07739901925031187,
                    "popGroup3": 0.4761503753722259,
                    "popGroup4": 0.0,
                    "popGroup5": 0.0,
                    "popGroup6": 0.0,
                    "popGroup7": 0.0,
                    "popGroup8": 0.0,
                    "popGroup9": 0.0,
                    "popGroup10": 0.07872068808432123,
                    "popGroup11": 0.5012785273220298,
                    "popGroup12": 0.0,
                    "popGroup13": 0.0,
                    "popGroup14": 0.0,
                    "popGroup15": 0.0
                }
            },
            "61053": {
                "car": {
                    "popGroup2": 37.21715163709996,
                    "popGroup4": 0.0,
                    "popGroup6": 0.0,
                    "popGroup10": 37.852573866778876,
                    "popGroup12": 0.0,
                    "popGroup14": 0.0
                },
                "publicTransport": {
                    "popGroup0": 0.0,
                    "popGroup1": 0.0,
                    "popGroup2": 2.6660121073472376,
                    "popGroup3": 16.511387055790884,
                    "popGroup4": 0.0,
                    "popGroup5": 0.0,
                    "popGroup6": 0.0,
                    "popGroup7": 0.0,
                    "popGroup8": 0.0,
                    "popGroup9": 0.0,
                    "popGroup10": 2.7115018627343357,
                    "popGroup11": 17.382673927752077,
                    "popGroup12": 0.0,
                    "popGroup13": 0.0,
                    "popGroup14": 0.0,
                    "popGroup15": 0.0
                },
                "bicycle": {
                    "popGroup0": 0.0,
                    "popGroup1": 0.0,
                    "popGroup2": 2.027999499518707,
                    "popGroup3": 12.39096827893313,
                    "popGroup4": 0.0,
                    "popGroup5": 0.0,
                    "popGroup6": 0.0,
                    "popGroup7": 0.0,
                    "popGroup8": 0.0,
                    "popGroup9": 0.0,
                    "popGroup10": 2.0626200454470625,
                    "popGroup11": 13.044825195126514,
                    "popGroup12": 0.0,
                    "popGroup13": 0.0,
                    "popGroup14": 0.0,
                    "popGroup15": 0.0
                }
            },
            "61027": {
                "car": {
                    "popGroup2": 2.329812245550739,
                    "popGroup4": 0.0,
                    "popGroup6": 0.0,
                    "popGroup10": 2.369589846689737,
                    "popGroup12": 0.0,
                    "popGroup14": 0.0
                },
                "publicTransport": {
                    "popGroup0": 0.0,
                    "popGroup1": 0.0,
                    "popGroup2": 0.16111232211304002,
                    "popGroup3": 0.9954947255067654,
                    "popGroup4": 0.0,
                    "popGroup5": 0.0,
                    "popGroup6": 0.0,
                    "popGroup7": 0.0,
                    "popGroup8": 0.0,
                    "popGroup9": 0.0,
                    "popGroup10": 0.1638612600179536,
                    "popGroup11": 1.0480257839239422,
                    "popGroup12": 0.0,
                    "popGroup13": 0.0,
                    "popGroup14": 0.0,
                    "popGroup15": 0.0
                }
            },
            "61016": {
                "car": {
                    "popGroup2": 1.9814975327849922,
                    "popGroup4": 0.0,
                    "popGroup6": 0.0,
                    "popGroup10": 2.015328141521835,
                    "popGroup12": 0.0,
                    "popGroup14": 0.0
                },
                "publicTransport": {
                    "popGroup0": 0.0,
                    "popGroup1": 0.0,
                    "popGroup2": 0.14404844092659308,
                    "popGroup3": 0.8896511822814228,
                    "popGroup4": 0.0,
                    "popGroup5": 0.0,
                    "popGroup6": 0.0,
                    "popGroup7": 0.0,
                    "popGroup8": 0.0,
                    "popGroup9": 0.0,
                    "popGroup10": 0.14650631282107596,
                    "popGroup11": 0.9365970227229882,
                    "popGroup12": 0.0,
                    "popGroup13": 0.0,
                    "popGroup14": 0.0,
                    "popGroup15": 0.0
                },
                "bicycle": {
                    "popGroup0": 0.0,
                    "popGroup1": 0.0,
                    "popGroup2": 0.08507024048995565,
                    "popGroup3": 0.5232605790220825,
                    "popGroup4": 0.0,
                    "popGroup5": 0.0,
                    "popGroup6": 0.0,
                    "popGroup7": 0.0,
                    "popGroup8": 0.0,
                    "popGroup9": 0.0,
                    "popGroup10": 0.08652271084860116,
                    "popGroup11": 0.5508729488348547,
                    "popGroup12": 0.0,
                    "popGroup13": 0.0,
                    "popGroup14": 0.0,
                    "popGroup15": 0.0
                }
            },
            "61045": {
                "car": {
                    "popGroup2": 8.497119438356446,
                    "popGroup4": 0.0,
                    "popGroup6": 0.0,
                    "popGroup10": 8.642191672163229,
                    "popGroup12": 0.0,
                    "popGroup14": 0.0
                },
                "publicTransport": {
                    "popGroup0": 0.0,
                    "popGroup1": 0.0,
                    "popGroup2": 0.5966582315759646,
                    "popGroup3": 3.654483533002205,
                    "popGroup4": 0.0,
                    "popGroup5": 0.0,
                    "popGroup6": 0.0,
                    "popGroup7": 0.0,
                    "popGroup8": 0.0,
                    "popGroup9": 0.0,
                    "popGroup10": 0.60683987997236,
                    "popGroup11": 3.8473250992067682,
                    "popGroup12": 0.0,
                    "popGroup13": 0.0,
                    "popGroup14": 0.0,
                    "popGroup15": 0.0
                }
            },
            "61008": {
                "car": {
                    "popGroup2": 2.9563082056151924,
                    "popGroup4": 0.0,
                    "popGroup6": 0.0,
                    "popGroup10": 3.006781343522883,
                    "popGroup12": 0.0,
                    "popGroup14": 0.0
                },
                "publicTransport": {
                    "popGroup0": 0.0,
                    "popGroup1": 0.0,
                    "popGroup2": 0.2003586688797695,
                    "popGroup3": 1.2241416201207764,
                    "popGroup4": 0.0,
                    "popGroup5": 0.0,
                    "popGroup6": 0.0,
                    "popGroup7": 0.0,
                    "popGroup8": 0.0,
                    "popGroup9": 0.0,
                    "popGroup10": 0.20377758741974097,
                    "popGroup11": 1.2887377923325873,
                    "popGroup12": 0.0,
                    "popGroup13": 0.0,
                    "popGroup14": 0.0,
                    "popGroup15": 0.0
                }
            },
            "61050": {
                "car": {
                    "popGroup2": 3.894893289397743,
                    "popGroup4": 0.0,
                    "popGroup6": 0.0,
                    "popGroup10": 3.961390078616801,
                    "popGroup12": 0.0,
                    "popGroup14": 0.0
                },
                "publicTransport": {
                    "popGroup0": 0.0,
                    "popGroup1": 0.0,
                    "popGroup2": 0.28048010567574083,
                    "popGroup3": 1.7122522874297164,
                    "popGroup4": 0.0,
                    "popGroup5": 0.0,
                    "popGroup6": 0.0,
                    "popGroup7": 0.0,
                    "popGroup8": 0.0,
                    "popGroup9": 0.0,
                    "popGroup10": 0.2852658227207824,
                    "popGroup11": 1.8026064761222962,
                    "popGroup12": 0.0,
                    "popGroup13": 0.0,
                    "popGroup14": 0.0,
                    "popGroup15": 0.0
                }
            },
            "61049": {
                "car": {
                    "popGroup2": 3.0372796809692106,
                    "popGroup4": 0.0,
                    "popGroup6": 0.0,
                    "popGroup10": 3.0891347604575885,
                    "popGroup12": 0.0,
                    "popGroup14": 0.0
                },
                "publicTransport": {
                    "popGroup0": 0.0,
                    "popGroup1": 0.0,
                    "popGroup2": 0.2470029521306188,
                    "popGroup3": 1.5159363752312536,
                    "popGroup4": 0.0,
                    "popGroup5": 0.0,
                    "popGroup6": 0.0,
                    "popGroup7": 0.0,
                    "popGroup8": 0.0,
                    "popGroup9": 0.0,
                    "popGroup10": 0.25121756465143724,
                    "popGroup11": 1.5959305713985081,
                    "popGroup12": 0.0,
                    "popGroup13": 0.0,
                    "popGroup14": 0.0,
                    "popGroup15": 0.0
                }
            },
            "61058": {
                "car": {
                    "popGroup2": 7.565230776111951,
                    "popGroup4": 0.0,
                    "popGroup6": 0.0,
                    "popGroup10": 7.69439126547743,
                    "popGroup12": 0.0,
                    "popGroup14": 0.0
                },
                "publicTransport": {
                    "popGroup0": 0.0,
                    "popGroup1": 0.0,
                    "popGroup2": 0.5156730115440178,
                    "popGroup3": 3.151766753942527,
                    "popGroup4": 0.0,
                    "popGroup5": 0.0,
                    "popGroup6": 0.0,
                    "popGroup7": 0.0,
                    "popGroup8": 0.0,
                    "popGroup9": 0.0,
                    "popGroup10": 0.5244718577128521,
                    "popGroup11": 3.3180818113495225,
                    "popGroup12": 0.0,
                    "popGroup13": 0.0,
                    "popGroup14": 0.0,
                    "popGroup15": 0.0
                }
            },
            "62347": {
                "car": {
                    "popGroup2": 0.9084650835448574,
                    "popGroup4": 0.0,
                    "popGroup6": 0.0,
                    "popGroup10": 0.9239750854158028,
                    "popGroup12": 0.0,
                    "popGroup14": 0.0
                },
                "publicTransport": {
                    "popGroup0": 0.0,
                    "popGroup1": 0.0,
                    "popGroup2": 0.060109503479012935,
                    "popGroup3": 0.36557711155937483,
                    "popGroup4": 0.0,
                    "popGroup5": 0.0,
                    "popGroup6": 0.0,
                    "popGroup7": 0.0,
                    "popGroup8": 0.0,
                    "popGroup9": 0.0,
                    "popGroup10": 0.06113514229607482,
                    "popGroup11": 0.3848682163067378,
                    "popGroup12": 0.0,
                    "popGroup13": 0.0,
                    "popGroup14": 0.0,
                    "popGroup15": 0.0
                }
            }
        }
    }
}