{
    "Sum_Trips_per_Mode": {
        "work": {
            "60101": {
                "car": 652.375247951374,
                "publicTransport": 237.11221427112346
            },
            "60669": {
                "car": 29.529837841861095,
                "publicTransport": 9.636414282519684
            },
            "60608": {
                "car": 13.33392329881227,
                "publicTransport": 4.940022788481012
            },
            "60611": {
                "car": 7.43134832491166,
                "publicTransport": 2.368921935076906
            },
            "60670": {
                "car": 29.510404178099733,
                "publicTransport": 9.288978365975266
            },
            "60662": {
                "car": 5.710992084702928,
                "publicTransport": 1.8640879631576777
            },
            "60656": {
                "car": 7.292727498811079,
                "publicTransport": 2.2500077103605562,
                "bicycle": 1.799978475474615
            },
            "60655": {
                "car": 6.877069331313095,
                "publicTransport": 2.7344314721993586,
                "bicycle": 1.8241682540849125,
                "walk": 0.7192828235451404
            },
            "60624": {
                "car": 21.172723897139793,
                "publicTransport": 8.128419077994165,
                "bicycle": 6.3930292350041515
            },
            "60660": {
                "car": 7.5481441461155665,
                "publicTransport": 2.3450248485765672
            },
            "60629": {
                "car": 11.057764472065436,
                "publicTransport": 3.4381821759356326
            },
            "60618": {
                "car": 2.631697145998686,
                "publicTransport": 0.82565058109153
            },
            "61059": {
                "car": 7.739281664998341,
                "publicTransport": 3.053469358994163,
                "bicycle": 1.8747581932989827
            },
            "61001": {
                "car": 1.5658340334796703,
                "publicTransport": 0.5808714655193172,
                "bicycle": 0.3770984036598035
            },
            "61055": {
                "car": 1.6905452047408591,
                "publicTransport": 0.625793469180854
            },
            "61021": {
                "car": 7.30980788667115,
                "publicTransport": 2.8830726543557934
            },
            "61017": {
                "car": 1.240514694555079,
                "publicTransport": 0.45954449556137267
            },
            "61020": {
                "car": 1.8793785370503868,
                "publicTransport": 0.6985134215340788
            },
            "61012": {
                "car": 3.7254847362428194,
                "publicTransport": 1.3653011525923744
            },
            "61043": {
                "car": 3.7527164739386403,
                "publicTransport": 1.3956120970235149
            },
            "61053": {
                "car": 26.79874430978245,
                "publicTransport": 10.503385170782202
            },
            "61027": {
                "car": 1.9026936648496853,
                "publicTransport": 0.7084003153184693
            },
            "61016": {
                "car": 1.3187139357001434,
                "publicTransport": 0.47203416709454404
            },
            "61045": {
                "car": 6.307864742662421,
                "publicTransport": 2.3514969263457974
            },
            "61008": {
                "car": 2.311791616422336,
                "publicTransport": 0.7786936674457471
            },
            "61050": {
                "car": 2.895013304753826,
                "publicTransport": 1.171246143897621
            },
            "61049": {
                "car": 2.2623639577829935,
                "publicTransport": 0.9607889356374465
            },
            "61058": {
                "car": 5.564030810386162,
                "publicTransport": 1.9845515347807274
            },
            "62347": {
                "car": 0.6668999483932891,
                "publicTransport": 0.22792684391631435
            }
        }
    },
    "Trips_per_group": {
        "work": {
            "60101": {
                "car": {
                    "popGroup2": 331.4895111345696,
                    "popGroup4": 0.0,
                    "popGroup6": 0.0,
                    "popGroup10": 320.8857368168044,
                    "popGroup12": 0.0,
                    "popGroup14": 0.0
                },
                "publicTransport": {
                    "popGroup0": 0.0,
                    "popGroup1": 0.0,
                    "popGroup2": 25.142126248725933,
                    "popGroup3": 83.50529358029688,
                    "popGroup4": 0.0,
                    "popGroup5": 0.0,
                    "popGroup6": 0.0,
                    "popGroup7": 0.0,
                    "popGroup8": 0.0,
                    "popGroup9": 0.0,
                    "popGroup10": 24.337147144954734,
                    "popGroup11": 104.12764729714593,
                    "popGroup12": 0.0,
                    "popGroup13": 0.0,
                    "popGroup14": 0.0,
                    "popGroup15": 0.0
                }
            },
            "60669": {
                "car": {
                    "popGroup2": 15.004671488664927,
                    "popGroup4": 0.0,
                    "popGroup6": 0.0,
                    "popGroup10": 14.525166353196166,
                    "popGroup12": 0.0,
                    "popGroup14": 0.0
                },
                "publicTransport": {
                    "popGroup0": 0.0,
                    "popGroup1": 0.0,
                    "popGroup2": 1.0217644416275673,
                    "popGroup3": 3.393894706507077,
                    "popGroup4": 0.0,
                    "popGroup5": 0.0,
                    "popGroup6": 0.0,
                    "popGroup7": 0.0,
                    "popGroup8": 0.0,
                    "popGroup9": 0.0,
                    "popGroup10": 0.9889911288355927,
                    "popGroup11": 4.231764005549447,
                    "popGroup12": 0.0,
                    "popGroup13": 0.0,
                    "popGroup14": 0.0,
                    "popGroup15": 0.0
                }
            },
            "60608": {
                "car": {
                    "popGroup2": 6.775082732415938,
                    "popGroup4": 0.0,
                    "popGroup6": 0.0,
                    "popGroup10": 6.5588405663963325,
                    "popGroup12": 0.0,
                    "popGroup14": 0.0
                },
                "publicTransport": {
                    "popGroup0": 0.0,
                    "popGroup1": 0.0,
                    "popGroup2": 0.5238024767828193,
                    "popGroup3": 1.7396816262859303,
                    "popGroup4": 0.0,
                    "popGroup5": 0.0,
                    "popGroup6": 0.0,
                    "popGroup7": 0.0,
                    "popGroup8": 0.0,
                    "popGroup9": 0.0,
                    "popGroup10": 0.5070652773574434,
                    "popGroup11": 2.169473408054819,
                    "popGroup12": 0.0,
                    "popGroup13": 0.0,
                    "popGroup14": 0.0,
                    "popGroup15": 0.0
                }
            },
            "60611": {
                "car": {
                    "popGroup2": 3.7760573755532874,
                    "popGroup4": 0.0,
                    "popGroup6": 0.0,
                    "popGroup10": 3.655290949358373,
                    "popGroup12": 0.0,
                    "popGroup14": 0.0
                },
                "publicTransport": {
                    "popGroup0": 0.0,
                    "popGroup1": 0.0,
                    "popGroup2": 0.2511724916604056,
                    "popGroup3": 0.8343123173140816,
                    "popGroup4": 0.0,
                    "popGroup5": 0.0,
                    "popGroup6": 0.0,
                    "popGroup7": 0.0,
                    "popGroup8": 0.0,
                    "popGroup9": 0.0,
                    "popGroup10": 0.24312230555672754,
                    "popGroup11": 1.0403148205456914,
                    "popGroup12": 0.0,
                    "popGroup13": 0.0,
                    "popGroup14": 0.0,
                    "popGroup15": 0.0
                }
            },
            "60670": {
                "car": {
                    "popGroup2": 14.994686939046549,
                    "popGroup4": 0.0,
                    "popGroup6": 0.0,
                    "popGroup10": 14.515717239053187,
                    "popGroup12": 0.0,
                    "popGroup14": 0.0
                },
                "publicTransport": {
                    "popGroup0": 0.0,
                    "popGroup1": 0.0,
                    "popGroup2": 0.9848733501064812,
                    "popGroup3": 3.2713429409661336,
                    "popGroup4": 0.0,
                    "popGroup5": 0.0,
                    "popGroup6": 0.0,
                    "popGroup7": 0.0,
                    "popGroup8": 0.0,
                    "popGroup9": 0.0,
                    "popGroup10": 0.9533718137387659,
                    "popGroup11": 4.079390261163885,
                    "popGroup12": 0.0,
                    "popGroup13": 0.0,
                    "popGroup14": 0.0,
                    "popGroup15": 0.0
                }
            },
            "60662": {
                "car": {
                    "popGroup2": 2.9017835485016077,
                    "popGroup4": 0.0,
                    "popGroup6": 0.0,
                    "popGroup10": 2.8092085362013206,
                    "popGroup12": 0.0,
                    "popGroup14": 0.0
                },
                "publicTransport": {
                    "popGroup0": 0.0,
                    "popGroup1": 0.0,
                    "popGroup2": 0.19764862422650337,
                    "popGroup3": 0.656447855117017,
                    "popGroup4": 0.0,
                    "popGroup5": 0.0,
                    "popGroup6": 0.0,
                    "popGroup7": 0.0,
                    "popGroup8": 0.0,
                    "popGroup9": 0.0,
                    "popGroup10": 0.19133877665674112,
                    "popGroup11": 0.8186527071574162,
                    "popGroup12": 0.0,
                    "popGroup13": 0.0,
                    "popGroup14": 0.0,
                    "popGroup15": 0.0
                }
            },
            "60656": {
                "car": {
                    "popGroup2": 3.7053977305259904,
                    "popGroup4": 0.0,
                    "popGroup6": 0.0,
                    "popGroup10": 3.5873297682850884,
                    "popGroup12": 0.0,
                    "popGroup14": 0.0
                },
                "publicTransport": {
                    "popGroup0": 0.0,
                    "popGroup1": 0.0,
                    "popGroup2": 0.23856016144864395,
                    "popGroup3": 0.7923245769210592,
                    "popGroup4": 0.0,
                    "popGroup5": 0.0,
                    "popGroup6": 0.0,
                    "popGroup7": 0.0,
                    "popGroup8": 0.0,
                    "popGroup9": 0.0,
                    "popGroup10": 0.2309569518009854,
                    "popGroup11": 0.9881660201898677,
                    "popGroup12": 0.0,
                    "popGroup13": 0.0,
                    "popGroup14": 0.0,
                    "popGroup15": 0.0
                },
                "bicycle": {
                    "popGroup0": 0.0,
                    "popGroup1": 0.0,
                    "popGroup2": 0.19084383540755298,
                    "popGroup3": 0.6339076989947537,
                    "popGroup4": 0.0,
                    "popGroup5": 0.0,
                    "popGroup6": 0.0,
                    "popGroup7": 0.0,
                    "popGroup8": 0.0,
                    "popGroup9": 0.0,
                    "popGroup10": 0.184739518159507,
                    "popGroup11": 0.7904874229128014,
                    "popGroup12": 0.0,
                    "popGroup13": 0.0,
                    "popGroup14": 0.0,
                    "popGroup15": 0.0
                }
            },
            "60655": {
                "car": {
                    "popGroup2": 3.4942669674148448,
                    "popGroup4": 0.0,
                    "popGroup6": 0.0,
                    "popGroup10": 3.3828023638982505,
                    "popGroup12": 0.0,
                    "popGroup14": 0.0
                },
                "publicTransport": {
                    "popGroup0": 0.0,
                    "popGroup1": 0.0,
                    "popGroup2": 0.2899198464410534,
                    "popGroup3": 0.9629782544534948,
                    "popGroup4": 0.0,
                    "popGroup5": 0.0,
                    "popGroup6": 0.0,
                    "popGroup7": 0.0,
                    "popGroup8": 0.0,
                    "popGroup9": 0.0,
                    "popGroup10": 0.2806544171195868,
                    "popGroup11": 1.2008789541852232,
                    "popGroup12": 0.0,
                    "popGroup13": 0.0,
                    "popGroup14": 0.0,
                    "popGroup15": 0.0
                },
                "bicycle": {
                    "popGroup0": 0.0,
                    "popGroup1": 0.0,
                    "popGroup2": 0.19340800359145768,
                    "popGroup3": 0.6426497910111989,
                    "popGroup4": 0.0,
                    "popGroup5": 0.0,
                    "popGroup6": 0.0,
                    "popGroup7": 0.0,
                    "popGroup8": 0.0,
                    "popGroup9": 0.0,
                    "popGroup10": 0.187135755948961,
                    "popGroup11": 0.8009747035332947,
                    "popGroup12": 0.0,
                    "popGroup13": 0.0,
                    "popGroup14": 0.0,
                    "popGroup15": 0.0
                },
                "walk": {
                    "popGroup0": 0.0,
                    "popGroup1": 0.0,
                    "popGroup2": 0.07626165047878475,
                    "popGroup3": 0.25360143671472934,
                    "popGroup4": 0.0,
                    "popGroup5": 0.0,
                    "popGroup6": 0.0,
                    "popGroup7": 0.0,
                    "popGroup8": 0.0,
                    "popGroup9": 0.0,
                    "popGroup10": 0.07371154468580439,
                    "popGroup11": 0.3157081916658219,
                    "popGroup12": 0.0,
                    "popGroup13": 0.0,
                    "popGroup14": 0.0,
                    "popGroup15": 0.0
                }
            },
            "60624": {
                "car": {
                    "popGroup2": 10.757762976041985,
                    "popGroup4": 0.0,
                    "popGroup6": 0.0,
                    "popGroup10": 10.414960921097808,
                    "popGroup12": 0.0,
                    "popGroup14": 0.0
                },
                "publicTransport": {
                    "popGroup0": 0.0,
                    "popGroup1": 0.0,
                    "popGroup2": 0.8618490366078727,
                    "popGroup3": 2.8623703023581184,
                    "popGroup4": 0.0,
                    "popGroup5": 0.0,
                    "popGroup6": 0.0,
                    "popGroup7": 0.0,
                    "popGroup8": 0.0,
                    "popGroup9": 0.0,
                    "popGroup10": 0.834372351302182,
                    "popGroup11": 3.5698273877259923,
                    "popGroup12": 0.0,
                    "popGroup13": 0.0,
                    "popGroup14": 0.0,
                    "popGroup15": 0.0
                },
                "bicycle": {
                    "popGroup0": 0.0,
                    "popGroup1": 0.0,
                    "popGroup2": 0.6778245753606141,
                    "popGroup3": 2.2515923207270836,
                    "popGroup4": 0.0,
                    "popGroup5": 0.0,
                    "popGroup6": 0.0,
                    "popGroup7": 0.0,
                    "popGroup8": 0.0,
                    "popGroup9": 0.0,
                    "popGroup10": 0.6560950860102189,
                    "popGroup11": 2.8075172529062353,
                    "popGroup12": 0.0,
                    "popGroup13": 0.0,
                    "popGroup14": 0.0,
                    "popGroup15": 0.0
                }
            },
            "60660": {
                "car": {
                    "popGroup2": 3.835275347656452,
                    "popGroup4": 0.0,
                    "popGroup6": 0.0,
                    "popGroup10": 3.712868798459115,
                    "popGroup12": 0.0,
                    "popGroup14": 0.0
                },
                "publicTransport": {
                    "popGroup0": 0.0,
                    "popGroup1": 0.0,
                    "popGroup2": 0.24863354910171706,
                    "popGroup3": 0.8258311533906286,
                    "popGroup4": 0.0,
                    "popGroup5": 0.0,
                    "popGroup6": 0.0,
                    "popGroup7": 0.0,
                    "popGroup8": 0.0,
                    "popGroup9": 0.0,
                    "popGroup10": 0.24069144945626111,
                    "popGroup11": 1.0298686966279604,
                    "popGroup12": 0.0,
                    "popGroup13": 0.0,
                    "popGroup14": 0.0,
                    "popGroup15": 0.0
                }
            },
            "60629": {
                "car": {
                    "popGroup2": 5.618806361695613,
                    "popGroup4": 0.0,
                    "popGroup6": 0.0,
                    "popGroup10": 5.438958110369824,
                    "popGroup12": 0.0,
                    "popGroup14": 0.0
                },
                "publicTransport": {
                    "popGroup0": 0.0,
                    "popGroup1": 0.0,
                    "popGroup2": 0.36453580990471296,
                    "popGroup3": 1.2109454603159613,
                    "popGroup4": 0.0,
                    "popGroup5": 0.0,
                    "popGroup6": 0.0,
                    "popGroup7": 0.0,
                    "popGroup8": 0.0,
                    "popGroup9": 0.0,
                    "popGroup10": 0.3528358463882537,
                    "popGroup11": 1.5098650593267047,
                    "popGroup12": 0.0,
                    "popGroup13": 0.0,
                    "popGroup14": 0.0,
                    "popGroup15": 0.0
                }
            },
            "60618": {
                "car": {
                    "popGroup2": 1.3372680698941835,
                    "popGroup4": 0.0,
                    "popGroup6": 0.0,
                    "popGroup10": 1.2944290761045023,
                    "popGroup12": 0.0,
                    "popGroup14": 0.0
                },
                "publicTransport": {
                    "popGroup0": 0.0,
                    "popGroup1": 0.0,
                    "popGroup2": 0.08754029806200041,
                    "popGroup3": 0.29081042645845057,
                    "popGroup4": 0.0,
                    "popGroup5": 0.0,
                    "popGroup6": 0.0,
                    "popGroup7": 0.0,
                    "popGroup8": 0.0,
                    "popGroup9": 0.0,
                    "popGroup10": 0.08472597079504637,
                    "popGroup11": 0.36257388577603267,
                    "popGroup12": 0.0,
                    "popGroup13": 0.0,
                    "popGroup14": 0.0,
                    "popGroup15": 0.0
                }
            },
            "61059": {
                "car": {
                    "popGroup2": 3.932363956335543,
                    "popGroup4": 0.0,
                    "popGroup6": 0.0,
                    "popGroup10": 3.8069177086627985,
                    "popGroup12": 0.0,
                    "popGroup14": 0.0
                },
                "publicTransport": {
                    "popGroup0": 0.0,
                    "popGroup1": 0.0,
                    "popGroup2": 0.3237545933721573,
                    "popGroup3": 1.0752729642476069,
                    "popGroup4": 0.0,
                    "popGroup5": 0.0,
                    "popGroup6": 0.0,
                    "popGroup7": 0.0,
                    "popGroup8": 0.0,
                    "popGroup9": 0.0,
                    "popGroup10": 0.31342838105715753,
                    "popGroup11": 1.3410134203172415,
                    "popGroup12": 0.0,
                    "popGroup13": 0.0,
                    "popGroup14": 0.0,
                    "popGroup15": 0.0
                },
                "bicycle": {
                    "popGroup0": 0.0,
                    "popGroup1": 0.0,
                    "popGroup2": 0.1987719568855144,
                    "popGroup3": 0.6604183188673329,
                    "popGroup4": 0.0,
                    "popGroup5": 0.0,
                    "popGroup6": 0.0,
                    "popGroup7": 0.0,
                    "popGroup8": 0.0,
                    "popGroup9": 0.0,
                    "popGroup10": 0.19234661858426685,
                    "popGroup11": 0.8232212989618686,
                    "popGroup12": 0.0,
                    "popGroup13": 0.0,
                    "popGroup14": 0.0,
                    "popGroup15": 0.0
                }
            },
            "61001": {
                "car": {
                    "popGroup2": 0.7956180840796989,
                    "popGroup4": 0.0,
                    "popGroup6": 0.0,
                    "popGroup10": 0.7702159493999715,
                    "popGroup12": 0.0,
                    "popGroup14": 0.0
                },
                "publicTransport": {
                    "popGroup0": 0.0,
                    "popGroup1": 0.0,
                    "popGroup2": 0.06158854064174796,
                    "popGroup3": 0.2045584528177493,
                    "popGroup4": 0.0,
                    "popGroup5": 0.0,
                    "popGroup6": 0.0,
                    "popGroup7": 0.0,
                    "popGroup8": 0.0,
                    "popGroup9": 0.0,
                    "popGroup10": 0.05962204518658354,
                    "popGroup11": 0.2551024268732364,
                    "popGroup12": 0.0,
                    "popGroup13": 0.0,
                    "popGroup14": 0.0,
                    "popGroup15": 0.0
                },
                "bicycle": {
                    "popGroup0": 0.0,
                    "popGroup1": 0.0,
                    "popGroup2": 0.03998237350049062,
                    "popGroup3": 0.13284673735394623,
                    "popGroup4": 0.0,
                    "popGroup5": 0.0,
                    "popGroup6": 0.0,
                    "popGroup7": 0.0,
                    "popGroup8": 0.0,
                    "popGroup9": 0.0,
                    "popGroup10": 0.03868717653801952,
                    "popGroup11": 0.16558211626734717,
                    "popGroup12": 0.0,
                    "popGroup13": 0.0,
                    "popGroup14": 0.0,
                    "popGroup15": 0.0
                }
            },
            "61055": {
                "car": {
                    "popGroup2": 0.8590207844143651,
                    "popGroup4": 0.0,
                    "popGroup6": 0.0,
                    "popGroup10": 0.8315244203264941,
                    "popGroup12": 0.0,
                    "popGroup14": 0.0
                },
                "publicTransport": {
                    "popGroup0": 0.0,
                    "popGroup1": 0.0,
                    "popGroup2": 0.0663508406661909,
                    "popGroup3": 0.22040234860531924,
                    "popGroup4": 0.0,
                    "popGroup5": 0.0,
                    "popGroup6": 0.0,
                    "popGroup7": 0.0,
                    "popGroup8": 0.0,
                    "popGroup9": 0.0,
                    "popGroup10": 0.06422313435229929,
                    "popGroup11": 0.2748171455570445,
                    "popGroup12": 0.0,
                    "popGroup13": 0.0,
                    "popGroup14": 0.0,
                    "popGroup15": 0.0
                }
            },
            "61021": {
                "car": {
                    "popGroup2": 3.7142335046230563,
                    "popGroup4": 0.0,
                    "popGroup6": 0.0,
                    "popGroup10": 3.5955743820480937,
                    "popGroup12": 0.0,
                    "popGroup14": 0.0
                },
                "publicTransport": {
                    "popGroup0": 0.0,
                    "popGroup1": 0.0,
                    "popGroup2": 0.3056862594849045,
                    "popGroup3": 1.015311470899608,
                    "popGroup4": 0.0,
                    "popGroup5": 0.0,
                    "popGroup6": 0.0,
                    "popGroup7": 0.0,
                    "popGroup8": 0.0,
                    "popGroup9": 0.0,
                    "popGroup10": 0.2959200160788965,
                    "popGroup11": 1.2661549078923842,
                    "popGroup12": 0.0,
                    "popGroup13": 0.0,
                    "popGroup14": 0.0,
                    "popGroup15": 0.0
                }
            },
            "61017": {
                "car": {
                    "popGroup2": 0.630341064774217,
                    "popGroup4": 0.0,
                    "popGroup6": 0.0,
                    "popGroup10": 0.6101736297808619,
                    "popGroup12": 0.0,
                    "popGroup14": 0.0
                },
                "publicTransport": {
                    "popGroup0": 0.0,
                    "popGroup1": 0.0,
                    "popGroup2": 0.04872406638106391,
                    "popGroup3": 0.16184666445561732,
                    "popGroup4": 0.0,
                    "popGroup5": 0.0,
                    "popGroup6": 0.0,
                    "popGroup7": 0.0,
                    "popGroup8": 0.0,
                    "popGroup9": 0.0,
                    "popGroup10": 0.047162882959207404,
                    "popGroup11": 0.20181088176548403,
                    "popGroup12": 0.0,
                    "popGroup13": 0.0,
                    "popGroup14": 0.0,
                    "popGroup15": 0.0
                }
            },
            "61020": {
                "car": {
                    "popGroup2": 0.9549692023586039,
                    "popGroup4": 0.0,
                    "popGroup6": 0.0,
                    "popGroup10": 0.9244093346917828,
                    "popGroup12": 0.0,
                    "popGroup14": 0.0
                },
                "publicTransport": {
                    "popGroup0": 0.0,
                    "popGroup1": 0.0,
                    "popGroup2": 0.07406147965253992,
                    "popGroup3": 0.2460063046429181,
                    "popGroup4": 0.0,
                    "popGroup5": 0.0,
                    "popGroup6": 0.0,
                    "popGroup7": 0.0,
                    "popGroup8": 0.0,
                    "popGroup9": 0.0,
                    "popGroup10": 0.07168938625763918,
                    "popGroup11": 0.3067562509809816,
                    "popGroup12": 0.0,
                    "popGroup13": 0.0,
                    "popGroup14": 0.0,
                    "popGroup15": 0.0
                }
            },
            "61012": {
                "car": {
                    "popGroup2": 1.8930401872025022,
                    "popGroup4": 0.0,
                    "popGroup6": 0.0,
                    "popGroup10": 1.8324445490403172,
                    "popGroup12": 0.0,
                    "popGroup14": 0.0
                },
                "publicTransport": {
                    "popGroup0": 0.0,
                    "popGroup1": 0.0,
                    "popGroup2": 0.1447636546171128,
                    "popGroup3": 0.4808407863324887,
                    "popGroup4": 0.0,
                    "popGroup5": 0.0,
                    "popGroup6": 0.0,
                    "popGroup7": 0.0,
                    "popGroup8": 0.0,
                    "popGroup9": 0.0,
                    "popGroup10": 0.1401250314669081,
                    "popGroup11": 0.5995716801758648,
                    "popGroup12": 0.0,
                    "popGroup13": 0.0,
                    "popGroup14": 0.0,
                    "popGroup15": 0.0
                }
            },
            "61043": {
                "car": {
                    "popGroup2": 1.9068932286698104,
                    "popGroup4": 0.0,
                    "popGroup6": 0.0,
                    "popGroup10": 1.84582324526883,
                    "popGroup12": 0.0,
                    "popGroup14": 0.0
                },
                "publicTransport": {
                    "popGroup0": 0.0,
                    "popGroup1": 0.0,
                    "popGroup2": 0.14797286608653276,
                    "popGroup3": 0.4915322884730994,
                    "popGroup4": 0.0,
                    "popGroup5": 0.0,
                    "popGroup6": 0.0,
                    "popGroup7": 0.0,
                    "popGroup8": 0.0,
                    "popGroup9": 0.0,
                    "popGroup10": 0.1432265886467689,
                    "popGroup11": 0.6128803538171136,
                    "popGroup12": 0.0,
                    "popGroup13": 0.0,
                    "popGroup14": 0.0,
                    "popGroup15": 0.0
                }
            },
            "61053": {
                "car": {
                    "popGroup2": 13.617579782319396,
                    "popGroup4": 0.0,
                    "popGroup6": 0.0,
                    "popGroup10": 13.181164527463052,
                    "popGroup12": 0.0,
                    "popGroup14": 0.0
                },
                "publicTransport": {
                    "popGroup0": 0.0,
                    "popGroup1": 0.0,
                    "popGroup2": 1.1136446072226527,
                    "popGroup3": 3.699331264906867,
                    "popGroup4": 0.0,
                    "popGroup5": 0.0,
                    "popGroup6": 0.0,
                    "popGroup7": 0.0,
                    "popGroup8": 0.0,
                    "popGroup9": 0.0,
                    "popGroup10": 1.0779023988217056,
                    "popGroup11": 4.6125068998309775,
                    "popGroup12": 0.0,
                    "popGroup13": 0.0,
                    "popGroup14": 0.0,
                    "popGroup15": 0.0
                }
            },
            "61027": {
                "car": {
                    "popGroup2": 0.9668292812171053,
                    "popGroup4": 0.0,
                    "popGroup6": 0.0,
                    "popGroup10": 0.93586438363258,
                    "popGroup12": 0.0,
                    "popGroup14": 0.0
                },
                "publicTransport": {
                    "popGroup0": 0.0,
                    "popGroup1": 0.0,
                    "popGroup2": 0.07510949838616776,
                    "popGroup3": 0.24949801125354576,
                    "popGroup4": 0.0,
                    "popGroup5": 0.0,
                    "popGroup6": 0.0,
                    "popGroup7": 0.0,
                    "popGroup8": 0.0,
                    "popGroup9": 0.0,
                    "popGroup10": 0.07270018183530472,
                    "popGroup11": 0.311092623843451,
                    "popGroup12": 0.0,
                    "popGroup13": 0.0,
                    "popGroup14": 0.0,
                    "popGroup15": 0.0
                }
            },
            "61016": {
                "car": {
                    "popGroup2": 0.6701229164691382,
                    "popGroup4": 0.0,
                    "popGroup6": 0.0,
                    "popGroup10": 0.648591019231005,
                    "popGroup12": 0.0,
                    "popGroup14": 0.0
                },
                "publicTransport": {
                    "popGroup0": 0.0,
                    "popGroup1": 0.0,
                    "popGroup2": 0.050048176270693884,
                    "popGroup3": 0.1662772072948598,
                    "popGroup4": 0.0,
                    "popGroup5": 0.0,
                    "popGroup6": 0.0,
                    "popGroup7": 0.0,
                    "popGroup8": 0.0,
                    "popGroup9": 0.0,
                    "popGroup10": 0.048432321455451906,
                    "popGroup11": 0.20727646207353848,
                    "popGroup12": 0.0,
                    "popGroup13": 0.0,
                    "popGroup14": 0.0,
                    "popGroup15": 0.0
                }
            },
            "61045": {
                "car": {
                    "popGroup2": 3.2053550876435435,
                    "popGroup4": 0.0,
                    "popGroup6": 0.0,
                    "popGroup10": 3.102509655018877,
                    "popGroup12": 0.0,
                    "popGroup14": 0.0
                },
                "publicTransport": {
                    "popGroup0": 0.0,
                    "popGroup1": 0.0,
                    "popGroup2": 0.24932442464315857,
                    "popGroup3": 0.8282439666948584,
                    "popGroup4": 0.0,
                    "popGroup5": 0.0,
                    "popGroup6": 0.0,
                    "popGroup7": 0.0,
                    "popGroup8": 0.0,
                    "popGroup9": 0.0,
                    "popGroup10": 0.24130713230028056,
                    "popGroup11": 1.0326214027075002,
                    "popGroup12": 0.0,
                    "popGroup13": 0.0,
                    "popGroup14": 0.0,
                    "popGroup15": 0.0
                }
            },
            "61008": {
                "car": {
                    "popGroup2": 1.1747623319048408,
                    "popGroup4": 0.0,
                    "popGroup6": 0.0,
                    "popGroup10": 1.1370292845174954,
                    "popGroup12": 0.0,
                    "popGroup14": 0.0
                },
                "publicTransport": {
                    "popGroup0": 0.0,
                    "popGroup1": 0.0,
                    "popGroup2": 0.08256308940303865,
                    "popGroup3": 0.27428562585929805,
                    "popGroup4": 0.0,
                    "popGroup5": 0.0,
                    "popGroup6": 0.0,
                    "popGroup7": 0.0,
                    "popGroup8": 0.0,
                    "popGroup9": 0.0,
                    "popGroup10": 0.07990275403486241,
                    "popGroup11": 0.341942198148548,
                    "popGroup12": 0.0,
                    "popGroup13": 0.0,
                    "popGroup14": 0.0,
                    "popGroup15": 0.0
                }
            },
            "61050": {
                "car": {
                    "popGroup2": 1.4711926629874599,
                    "popGroup4": 0.0,
                    "popGroup6": 0.0,
                    "popGroup10": 1.423820641766366,
                    "popGroup12": 0.0,
                    "popGroup14": 0.0
                },
                "publicTransport": {
                    "popGroup0": 0.0,
                    "popGroup1": 0.0,
                    "popGroup2": 0.12418343204427325,
                    "popGroup3": 0.412578650506958,
                    "popGroup4": 0.0,
                    "popGroup5": 0.0,
                    "popGroup6": 0.0,
                    "popGroup7": 0.0,
                    "popGroup8": 0.0,
                    "popGroup9": 0.0,
                    "popGroup10": 0.12017424145305663,
                    "popGroup11": 0.514309819893333,
                    "popGroup12": 0.0,
                    "popGroup13": 0.0,
                    "popGroup14": 0.0,
                    "popGroup15": 0.0
                }
            },
            "61049": {
                "car": {
                    "popGroup2": 1.1496772900839787,
                    "popGroup4": 0.0,
                    "popGroup6": 0.0,
                    "popGroup10": 1.1126866676990148,
                    "popGroup12": 0.0,
                    "popGroup14": 0.0
                },
                "publicTransport": {
                    "popGroup0": 0.0,
                    "popGroup1": 0.0,
                    "popGroup2": 0.10186928898519201,
                    "popGroup3": 0.3384340339702926,
                    "popGroup4": 0.0,
                    "popGroup5": 0.0,
                    "popGroup6": 0.0,
                    "popGroup7": 0.0,
                    "popGroup8": 0.0,
                    "popGroup9": 0.0,
                    "popGroup10": 0.09858428902228542,
                    "popGroup11": 0.4219013236596765,
                    "popGroup12": 0.0,
                    "popGroup13": 0.0,
                    "popGroup14": 0.0,
                    "popGroup15": 0.0
                }
            },
            "61058": {
                "car": {
                    "popGroup2": 2.8274228043444087,
                    "popGroup4": 0.0,
                    "popGroup6": 0.0,
                    "popGroup10": 2.7366080060417532,
                    "popGroup12": 0.0,
                    "popGroup14": 0.0
                },
                "publicTransport": {
                    "popGroup0": 0.0,
                    "popGroup1": 0.0,
                    "popGroup2": 0.21041512990081493,
                    "popGroup3": 0.6990890919565529,
                    "popGroup4": 0.0,
                    "popGroup5": 0.0,
                    "popGroup6": 0.0,
                    "popGroup7": 0.0,
                    "popGroup8": 0.0,
                    "popGroup9": 0.0,
                    "popGroup10": 0.20361495550396877,
                    "popGroup11": 0.8714323574193908,
                    "popGroup12": 0.0,
                    "popGroup13": 0.0,
                    "popGroup14": 0.0,
                    "popGroup15": 0.0
                }
            },
            "62347": {
                "car": {
                    "popGroup2": 0.3389003826673395,
                    "popGroup4": 0.0,
                    "popGroup6": 0.0,
                    "popGroup10": 0.3279995657259497,
                    "popGroup12": 0.0,
                    "popGroup14": 0.0
                },
                "publicTransport": {
                    "popGroup0": 0.0,
                    "popGroup1": 0.0,
                    "popGroup2": 0.024166243066272443,
                    "popGroup3": 0.08029727170796053,
                    "popGroup4": 0.0,
                    "popGroup5": 0.0,
                    "popGroup6": 0.0,
                    "popGroup7": 0.0,
                    "popGroup8": 0.0,
                    "popGroup9": 0.0,
                    "popGroup10": 0.023382747598240373,
                    "popGroup11": 0.100080581543841,
                    "popGroup12": 0.0,
                    "popGroup13": 0.0,
                    "popGroup14": 0.0,
                    "popGroup15": 0.0
                }
            }
        }
    }
}