{
    "Sum_Trips_per_Mode": {
        "work": {
            "60101": {
                "car": 3148.420828611487,
                "publicTransport": 210.78070644319303,
                "bicycle": 858.8209631081082
            },
            "60669": {
                "car": 96.5282127532607,
                "publicTransport": 40.42899548526027,
                "bicycle": 26.966715997779335,
                "walk": 10.629880969531605
            },
            "60608": {
                "car": 68.18383097177743,
                "publicTransport": 22.926905531424367,
                "bicycle": 18.13143458012125
            },
            "60611": {
                "car": 29.23585446079234,
                "publicTransport": 9.972943451791032
            },
            "60670": {
                "car": 97.62841867865905,
                "publicTransport": 33.05163800223446,
                "bicycle": 27.1108655850318
            },
            "60662": {
                "car": 18.865002414992727,
                "publicTransport": 1.5519639514195758
            },
            "60656": {
                "car": 17.229275889924324,
                "publicTransport": 6.167933608163631
            },
            "60655": {
                "car": 26.216927734050252,
                "publicTransport": 2.3669243217194396
            },
            "60624": {
                "car": 74.31228657756625,
                "publicTransport": 4.865888994075715,
                "bicycle": 22.383722277850246
            },
            "60660": {
                "car": 20.72160692073798,
                "publicTransport": 7.126588061000266
            },
            "60629": {
                "car": 42.06365148096451,
                "publicTransport": 14.57638637691438
            },
            "60618": {
                "car": 11.201666340986849,
                "publicTransport": 4.0417064105008125,
                "bicycle": 2.750966934670773
            },
            "61059": {
                "car": 21.649482648234077,
                "publicTransport": 2.26915872372078
            },
            "61001": {
                "car": 4.213714009086104,
                "publicTransport": 0.5638102607512885
            },
            "61055": {
                "car": 4.287345705091796,
                "publicTransport": 0.7086237919600178
            },
            "61021": {
                "car": 19.59026496842207,
                "publicTransport": 2.3011168933620834
            },
            "61017": {
                "car": 3.1775285543237834,
                "publicTransport": 0.438837453554465
            },
            "61020": {
                "car": 4.793456030824806,
                "publicTransport": 0.645354128504898
            },
            "61012": {
                "car": 9.566357232199614,
                "publicTransport": 1.340591042903438
            },
            "61043": {
                "car": 9.46535657967194,
                "publicTransport": 1.3700884380537754
            },
            "61053": {
                "car": 70.57332141741216,
                "publicTransport": 10.15954655589984
            },
            "61027": {
                "car": 4.778748850302664,
                "publicTransport": 0.6908354938729374
            },
            "61016": {
                "car": 2.985709991806428,
                "publicTransport": 0.5603341764133104
            },
            "61045": {
                "car": 16.339428049384434,
                "publicTransport": 2.488664534595613
            },
            "61008": {
                "car": 5.572316271009408,
                "publicTransport": 0.9595718612999309
            },
            "61050": {
                "car": 8.757124847110056,
                "publicTransport": 1.3862090644162863
            },
            "61049": {
                "car": 6.800241144323092,
                "publicTransport": 1.085425512275519
            },
            "61058": {
                "car": 13.579879209381627,
                "publicTransport": 2.324556038802916
            },
            "62347": {
                "car": 1.6016449843840581,
                "publicTransport": 0.2822934986400884
            }
        }
    },
    "Trips_per_group": {
        "work": {
            "60101": {
                "car": {
                    "popGroup2": 1533.28181496982,
                    "popGroup4": 0.0,
                    "popGroup6": 0.0,
                    "popGroup10": 1615.1390136416671,
                    "popGroup12": 0.0,
                    "popGroup14": 0.0
                },
                "publicTransport": {
                    "popGroup0": 0.0,
                    "popGroup1": 0.0,
                    "popGroup2": 25.221064664132236,
                    "popGroup3": 80.5651441630738,
                    "popGroup4": 0.0,
                    "popGroup5": 0.0,
                    "popGroup6": 0.0,
                    "popGroup7": 0.0,
                    "popGroup8": 0.0,
                    "popGroup9": 0.0,
                    "popGroup10": 26.576666846435142,
                    "popGroup11": 78.41783076955186,
                    "popGroup12": 0.0,
                    "popGroup13": 0.0,
                    "popGroup14": 0.0,
                    "popGroup15": 0.0
                },
                "bicycle": {
                    "popGroup0": 0.0,
                    "popGroup1": 0.0,
                    "popGroup2": 82.77532198842913,
                    "popGroup3": 349.05981541809876,
                    "popGroup4": 0.0,
                    "popGroup5": 0.0,
                    "popGroup6": 0.0,
                    "popGroup7": 0.0,
                    "popGroup8": 0.0,
                    "popGroup9": 0.0,
                    "popGroup10": 87.1902819504459,
                    "popGroup11": 339.79554375113446,
                    "popGroup12": 0.0,
                    "popGroup13": 0.0,
                    "popGroup14": 0.0,
                    "popGroup15": 0.0
                }
            },
            "60669": {
                "car": {
                    "popGroup2": 47.00938908166338,
                    "popGroup4": 0.0,
                    "popGroup6": 0.0,
                    "popGroup10": 49.51882367159733,
                    "popGroup12": 0.0,
                    "popGroup14": 0.0
                },
                "publicTransport": {
                    "popGroup0": 0.0,
                    "popGroup1": 0.0,
                    "popGroup2": 3.9003378256156456,
                    "popGroup3": 16.42837869679507,
                    "popGroup4": 0.0,
                    "popGroup5": 0.0,
                    "popGroup6": 0.0,
                    "popGroup7": 0.0,
                    "popGroup8": 0.0,
                    "popGroup9": 0.0,
                    "popGroup10": 4.108488920937913,
                    "popGroup11": 15.991790041911646,
                    "popGroup12": 0.0,
                    "popGroup13": 0.0,
                    "popGroup14": 0.0,
                    "popGroup15": 0.0
                },
                "bicycle": {
                    "popGroup0": 0.0,
                    "popGroup1": 0.0,
                    "popGroup2": 2.6017463665367173,
                    "popGroup3": 10.957000999360933,
                    "popGroup4": 0.0,
                    "popGroup5": 0.0,
                    "popGroup6": 0.0,
                    "popGroup7": 0.0,
                    "popGroup8": 0.0,
                    "popGroup9": 0.0,
                    "popGroup10": 2.7403030439768967,
                    "popGroup11": 10.66766558790479,
                    "popGroup12": 0.0,
                    "popGroup13": 0.0,
                    "popGroup14": 0.0,
                    "popGroup15": 0.0
                },
                "walk": {
                    "popGroup0": 0.0,
                    "popGroup1": 0.0,
                    "popGroup2": 1.025709608082448,
                    "popGroup3": 4.318276321037805,
                    "popGroup4": 0.0,
                    "popGroup5": 0.0,
                    "popGroup6": 0.0,
                    "popGroup7": 0.0,
                    "popGroup8": 0.0,
                    "popGroup9": 0.0,
                    "popGroup10": 1.080087698981984,
                    "popGroup11": 4.2058073414293675,
                    "popGroup12": 0.0,
                    "popGroup13": 0.0,
                    "popGroup14": 0.0,
                    "popGroup15": 0.0
                }
            },
            "60608": {
                "car": {
                    "popGroup2": 33.20550856218912,
                    "popGroup4": 0.0,
                    "popGroup6": 0.0,
                    "popGroup10": 34.97832240958831,
                    "popGroup12": 0.0,
                    "popGroup14": 0.0
                },
                "publicTransport": {
                    "popGroup0": 0.0,
                    "popGroup1": 0.0,
                    "popGroup2": 2.2116807536632397,
                    "popGroup3": 9.31667062914917,
                    "popGroup4": 0.0,
                    "popGroup5": 0.0,
                    "popGroup6": 0.0,
                    "popGroup7": 0.0,
                    "popGroup8": 0.0,
                    "popGroup9": 0.0,
                    "popGroup10": 2.329764038956168,
                    "popGroup11": 9.068790109655788,
                    "popGroup12": 0.0,
                    "popGroup13": 0.0,
                    "popGroup14": 0.0,
                    "popGroup15": 0.0
                },
                "bicycle": {
                    "popGroup0": 0.0,
                    "popGroup1": 0.0,
                    "popGroup2": 1.7492143943637775,
                    "popGroup3": 7.36769624763132,
                    "popGroup4": 0.0,
                    "popGroup5": 0.0,
                    "popGroup6": 0.0,
                    "popGroup7": 0.0,
                    "popGroup8": 0.0,
                    "popGroup9": 0.0,
                    "popGroup10": 1.842554134800857,
                    "popGroup11": 7.1719698033252985,
                    "popGroup12": 0.0,
                    "popGroup13": 0.0,
                    "popGroup14": 0.0,
                    "popGroup15": 0.0
                }
            },
            "60611": {
                "car": {
                    "popGroup2": 14.238027403684592,
                    "popGroup4": 0.0,
                    "popGroup6": 0.0,
                    "popGroup10": 14.997827057107749,
                    "popGroup12": 0.0,
                    "popGroup14": 0.0
                },
                "publicTransport": {
                    "popGroup0": 0.0,
                    "popGroup1": 0.0,
                    "popGroup2": 0.9622210855525692,
                    "popGroup3": 4.052372855545398,
                    "popGroup4": 0.0,
                    "popGroup5": 0.0,
                    "popGroup6": 0.0,
                    "popGroup7": 0.0,
                    "popGroup8": 0.0,
                    "popGroup9": 0.0,
                    "popGroup10": 1.013558182140439,
                    "popGroup11": 3.9447913285526264,
                    "popGroup12": 0.0,
                    "popGroup13": 0.0,
                    "popGroup14": 0.0,
                    "popGroup15": 0.0
                }
            },
            "60670": {
                "car": {
                    "popGroup2": 47.54510063598189,
                    "popGroup4": 0.0,
                    "popGroup6": 0.0,
                    "popGroup10": 50.08331804267715,
                    "popGroup12": 0.0,
                    "popGroup14": 0.0
                },
                "publicTransport": {
                    "popGroup0": 0.0,
                    "popGroup1": 0.0,
                    "popGroup2": 3.1751331908028564,
                    "popGroup3": 13.444715340797906,
                    "popGroup4": 0.0,
                    "popGroup5": 0.0,
                    "popGroup6": 0.0,
                    "popGroup7": 0.0,
                    "popGroup8": 0.0,
                    "popGroup9": 0.0,
                    "popGroup10": 3.3446409121704423,
                    "popGroup11": 13.087148558463257,
                    "popGroup12": 0.0,
                    "popGroup13": 0.0,
                    "popGroup14": 0.0,
                    "popGroup15": 0.0
                },
                "bicycle": {
                    "popGroup0": 0.0,
                    "popGroup1": 0.0,
                    "popGroup2": 2.6155509728867528,
                    "popGroup3": 11.016169468706021,
                    "popGroup4": 0.0,
                    "popGroup5": 0.0,
                    "popGroup6": 0.0,
                    "popGroup7": 0.0,
                    "popGroup8": 0.0,
                    "popGroup9": 0.0,
                    "popGroup10": 2.7550243919847373,
                    "popGroup11": 10.724120751454286,
                    "popGroup12": 0.0,
                    "popGroup13": 0.0,
                    "popGroup14": 0.0,
                    "popGroup15": 0.0
                }
            },
            "60662": {
                "car": {
                    "popGroup2": 9.187311423651234,
                    "popGroup4": 0.0,
                    "popGroup6": 0.0,
                    "popGroup10": 9.677690991341493,
                    "popGroup12": 0.0,
                    "popGroup14": 0.0
                },
                "publicTransport": {
                    "popGroup0": 0.0,
                    "popGroup1": 0.0,
                    "popGroup2": 0.17665364448451815,
                    "popGroup3": 0.6026019818897508,
                    "popGroup4": 0.0,
                    "popGroup5": 0.0,
                    "popGroup6": 0.0,
                    "popGroup7": 0.0,
                    "popGroup8": 0.0,
                    "popGroup9": 0.0,
                    "popGroup10": 0.1861399537836569,
                    "popGroup11": 0.5865683712616501,
                    "popGroup12": 0.0,
                    "popGroup13": 0.0,
                    "popGroup14": 0.0,
                    "popGroup15": 0.0
                }
            },
            "60656": {
                "car": {
                    "popGroup2": 8.390712214141942,
                    "popGroup4": 0.0,
                    "popGroup6": 0.0,
                    "popGroup10": 8.83856367578238,
                    "popGroup12": 0.0,
                    "popGroup14": 0.0
                },
                "publicTransport": {
                    "popGroup0": 0.0,
                    "popGroup1": 0.0,
                    "popGroup2": 0.5927058792581323,
                    "popGroup3": 2.5087549811048424,
                    "popGroup4": 0.0,
                    "popGroup5": 0.0,
                    "popGroup6": 0.0,
                    "popGroup7": 0.0,
                    "popGroup8": 0.0,
                    "popGroup9": 0.0,
                    "popGroup10": 0.6243307198050253,
                    "popGroup11": 2.4421420279956303,
                    "popGroup12": 0.0,
                    "popGroup13": 0.0,
                    "popGroup14": 0.0,
                    "popGroup15": 0.0
                }
            },
            "60655": {
                "car": {
                    "popGroup2": 12.767730999874132,
                    "popGroup4": 0.0,
                    "popGroup6": 0.0,
                    "popGroup10": 13.44919673417612,
                    "popGroup12": 0.0,
                    "popGroup14": 0.0
                },
                "publicTransport": {
                    "popGroup0": 0.0,
                    "popGroup1": 0.0,
                    "popGroup2": 0.26581635459036007,
                    "popGroup3": 0.9227855063975128,
                    "popGroup4": 0.0,
                    "popGroup5": 0.0,
                    "popGroup6": 0.0,
                    "popGroup7": 0.0,
                    "popGroup8": 0.0,
                    "popGroup9": 0.0,
                    "popGroup10": 0.2800859364833243,
                    "popGroup11": 0.8982365242482426,
                    "popGroup12": 0.0,
                    "popGroup13": 0.0,
                    "popGroup14": 0.0,
                    "popGroup15": 0.0
                }
            },
            "60624": {
                "car": {
                    "popGroup2": 36.190152824870616,
                    "popGroup4": 0.0,
                    "popGroup6": 0.0,
                    "popGroup10": 38.122133752695646,
                    "popGroup12": 0.0,
                    "popGroup14": 0.0
                },
                "publicTransport": {
                    "popGroup0": 0.0,
                    "popGroup1": 0.0,
                    "popGroup2": 0.5946385514663967,
                    "popGroup3": 1.846904686728336,
                    "popGroup4": 0.0,
                    "popGroup5": 0.0,
                    "popGroup6": 0.0,
                    "popGroup7": 0.0,
                    "popGroup8": 0.0,
                    "popGroup9": 0.0,
                    "popGroup10": 0.6266027331364975,
                    "popGroup11": 1.7977430227444853,
                    "popGroup12": 0.0,
                    "popGroup13": 0.0,
                    "popGroup14": 0.0,
                    "popGroup15": 0.0
                },
                "bicycle": {
                    "popGroup0": 0.0,
                    "popGroup1": 0.0,
                    "popGroup2": 2.1597270199105214,
                    "popGroup3": 9.095174466951537,
                    "popGroup4": 0.0,
                    "popGroup5": 0.0,
                    "popGroup6": 0.0,
                    "popGroup7": 0.0,
                    "popGroup8": 0.0,
                    "popGroup9": 0.0,
                    "popGroup10": 2.2749113205171136,
                    "popGroup11": 8.853909470471075,
                    "popGroup12": 0.0,
                    "popGroup13": 0.0,
                    "popGroup14": 0.0,
                    "popGroup15": 0.0
                }
            },
            "60660": {
                "car": {
                    "popGroup2": 10.091542028903586,
                    "popGroup4": 0.0,
                    "popGroup6": 0.0,
                    "popGroup10": 10.630064891834394,
                    "popGroup12": 0.0,
                    "popGroup14": 0.0
                },
                "publicTransport": {
                    "popGroup0": 0.0,
                    "popGroup1": 0.0,
                    "popGroup2": 0.6850011683717554,
                    "popGroup3": 2.8984886085360273,
                    "popGroup4": 0.0,
                    "popGroup5": 0.0,
                    "popGroup6": 0.0,
                    "popGroup7": 0.0,
                    "popGroup8": 0.0,
                    "popGroup9": 0.0,
                    "popGroup10": 0.7215457930675089,
                    "popGroup11": 2.8215524910249736,
                    "popGroup12": 0.0,
                    "popGroup13": 0.0,
                    "popGroup14": 0.0,
                    "popGroup15": 0.0
                }
            },
            "60629": {
                "car": {
                    "popGroup2": 20.485123704098203,
                    "popGroup4": 0.0,
                    "popGroup6": 0.0,
                    "popGroup10": 21.578527776866306,
                    "popGroup12": 0.0,
                    "popGroup14": 0.0
                },
                "publicTransport": {
                    "popGroup0": 0.0,
                    "popGroup1": 0.0,
                    "popGroup2": 1.405591235928358,
                    "popGroup3": 5.923805314730945,
                    "popGroup4": 0.0,
                    "popGroup5": 0.0,
                    "popGroup6": 0.0,
                    "popGroup7": 0.0,
                    "popGroup8": 0.0,
                    "popGroup9": 0.0,
                    "popGroup10": 1.4806056098667266,
                    "popGroup11": 5.766384216388351,
                    "popGroup12": 0.0,
                    "popGroup13": 0.0,
                    "popGroup14": 0.0,
                    "popGroup15": 0.0
                }
            },
            "60618": {
                "car": {
                    "popGroup2": 5.455229179597087,
                    "popGroup4": 0.0,
                    "popGroup6": 0.0,
                    "popGroup10": 5.746437161389762,
                    "popGroup12": 0.0,
                    "popGroup14": 0.0
                },
                "publicTransport": {
                    "popGroup0": 0.0,
                    "popGroup1": 0.0,
                    "popGroup2": 0.38960044432797725,
                    "popGroup3": 1.6426919548183998,
                    "popGroup4": 0.0,
                    "popGroup5": 0.0,
                    "popGroup6": 0.0,
                    "popGroup7": 0.0,
                    "popGroup8": 0.0,
                    "popGroup9": 0.0,
                    "popGroup10": 0.41039584154068426,
                    "popGroup11": 1.599018169813751,
                    "popGroup12": 0.0,
                    "popGroup13": 0.0,
                    "popGroup14": 0.0,
                    "popGroup15": 0.0
                },
                "bicycle": {
                    "popGroup0": 0.0,
                    "popGroup1": 0.0,
                    "popGroup2": 0.2654057985456878,
                    "popGroup3": 1.1178032680127181,
                    "popGroup4": 0.0,
                    "popGroup5": 0.0,
                    "popGroup6": 0.0,
                    "popGroup7": 0.0,
                    "popGroup8": 0.0,
                    "popGroup9": 0.0,
                    "popGroup10": 0.27955283730108693,
                    "popGroup11": 1.0882050308112803,
                    "popGroup12": 0.0,
                    "popGroup13": 0.0,
                    "popGroup14": 0.0,
                    "popGroup15": 0.0
                }
            },
            "61059": {
                "car": {
                    "popGroup2": 10.543411815921411,
                    "popGroup4": 0.0,
                    "popGroup6": 0.0,
                    "popGroup10": 11.106070832312668,
                    "popGroup12": 0.0,
                    "popGroup14": 0.0
                },
                "publicTransport": {
                    "popGroup0": 0.0,
                    "popGroup1": 0.0,
                    "popGroup2": 0.24126668189552306,
                    "popGroup3": 0.8987893727306697,
                    "popGroup4": 0.0,
                    "popGroup5": 0.0,
                    "popGroup6": 0.0,
                    "popGroup7": 0.0,
                    "popGroup8": 0.0,
                    "popGroup9": 0.0,
                    "popGroup10": 0.2541986009644715,
                    "popGroup11": 0.8749040681301159,
                    "popGroup12": 0.0,
                    "popGroup13": 0.0,
                    "popGroup14": 0.0,
                    "popGroup15": 0.0
                }
            },
            "61001": {
                "car": {
                    "popGroup2": 2.052106219964327,
                    "popGroup4": 0.0,
                    "popGroup6": 0.0,
                    "popGroup10": 2.161607789121777,
                    "popGroup12": 0.0,
                    "popGroup14": 0.0
                },
                "publicTransport": {
                    "popGroup0": 0.0,
                    "popGroup1": 0.0,
                    "popGroup2": 0.05817470528566916,
                    "popGroup3": 0.2251626982125345,
                    "popGroup4": 0.0,
                    "popGroup5": 0.0,
                    "popGroup6": 0.0,
                    "popGroup7": 0.0,
                    "popGroup8": 0.0,
                    "popGroup9": 0.0,
                    "popGroup10": 0.0612917700105977,
                    "popGroup11": 0.21918108724248703,
                    "popGroup12": 0.0,
                    "popGroup13": 0.0,
                    "popGroup14": 0.0,
                    "popGroup15": 0.0
                }
            },
            "61055": {
                "car": {
                    "popGroup2": 2.087981539980948,
                    "popGroup4": 0.0,
                    "popGroup6": 0.0,
                    "popGroup10": 2.1993641651108478,
                    "popGroup12": 0.0,
                    "popGroup14": 0.0
                },
                "publicTransport": {
                    "popGroup0": 0.0,
                    "popGroup1": 0.0,
                    "popGroup2": 0.07072260264599205,
                    "popGroup3": 0.2854826089637439,
                    "popGroup4": 0.0,
                    "popGroup5": 0.0,
                    "popGroup6": 0.0,
                    "popGroup7": 0.0,
                    "popGroup8": 0.0,
                    "popGroup9": 0.0,
                    "popGroup10": 0.07450661976037909,
                    "popGroup11": 0.27791196058990275,
                    "popGroup12": 0.0,
                    "popGroup13": 0.0,
                    "popGroup14": 0.0,
                    "popGroup15": 0.0
                }
            },
            "61021": {
                "car": {
                    "popGroup2": 9.540598855817365,
                    "popGroup4": 0.0,
                    "popGroup6": 0.0,
                    "popGroup10": 10.049666112604703,
                    "popGroup12": 0.0,
                    "popGroup14": 0.0
                },
                "publicTransport": {
                    "popGroup0": 0.0,
                    "popGroup1": 0.0,
                    "popGroup2": 0.239167863702914,
                    "popGroup3": 0.9171641026046273,
                    "popGroup4": 0.0,
                    "popGroup5": 0.0,
                    "popGroup6": 0.0,
                    "popGroup7": 0.0,
                    "popGroup8": 0.0,
                    "popGroup9": 0.0,
                    "popGroup10": 0.251976125532761,
                    "popGroup11": 0.8928088015217812,
                    "popGroup12": 0.0,
                    "popGroup13": 0.0,
                    "popGroup14": 0.0,
                    "popGroup15": 0.0
                }
            },
            "61017": {
                "car": {
                    "popGroup2": 1.5474870957126927,
                    "popGroup4": 0.0,
                    "popGroup6": 0.0,
                    "popGroup10": 1.6300414586110907,
                    "popGroup12": 0.0,
                    "popGroup14": 0.0
                },
                "publicTransport": {
                    "popGroup0": 0.0,
                    "popGroup1": 0.0,
                    "popGroup2": 0.044425206283040454,
                    "popGroup3": 0.17614099247403392,
                    "popGroup4": 0.0,
                    "popGroup5": 0.0,
                    "popGroup6": 0.0,
                    "popGroup7": 0.0,
                    "popGroup8": 0.0,
                    "popGroup9": 0.0,
                    "popGroup10": 0.04680238365343496,
                    "popGroup11": 0.17146887114395568,
                    "popGroup12": 0.0,
                    "popGroup13": 0.0,
                    "popGroup14": 0.0,
                    "popGroup15": 0.0
                }
            },
            "61020": {
                "car": {
                    "popGroup2": 2.334458640118045,
                    "popGroup4": 0.0,
                    "popGroup6": 0.0,
                    "popGroup10": 2.458997390706761,
                    "popGroup12": 0.0,
                    "popGroup14": 0.0
                },
                "publicTransport": {
                    "popGroup0": 0.0,
                    "popGroup1": 0.0,
                    "popGroup2": 0.06542561869692608,
                    "popGroup3": 0.25893534618263425,
                    "popGroup4": 0.0,
                    "popGroup5": 0.0,
                    "popGroup6": 0.0,
                    "popGroup7": 0.0,
                    "popGroup8": 0.0,
                    "popGroup9": 0.0,
                    "popGroup10": 0.06892618842393802,
                    "popGroup11": 0.2520669752013997,
                    "popGroup12": 0.0,
                    "popGroup13": 0.0,
                    "popGroup14": 0.0,
                    "popGroup15": 0.0
                }
            },
            "61012": {
                "car": {
                    "popGroup2": 4.658911321823303,
                    "popGroup4": 0.0,
                    "popGroup6": 0.0,
                    "popGroup10": 4.90744591037631,
                    "popGroup12": 0.0,
                    "popGroup14": 0.0
                },
                "publicTransport": {
                    "popGroup0": 0.0,
                    "popGroup1": 0.0,
                    "popGroup2": 0.13540773958852803,
                    "popGroup3": 0.5384045462841143,
                    "popGroup4": 0.0,
                    "popGroup5": 0.0,
                    "popGroup6": 0.0,
                    "popGroup7": 0.0,
                    "popGroup8": 0.0,
                    "popGroup9": 0.0,
                    "popGroup10": 0.1426510364751411,
                    "popGroup11": 0.5241277205556547,
                    "popGroup12": 0.0,
                    "popGroup13": 0.0,
                    "popGroup14": 0.0,
                    "popGroup15": 0.0
                }
            },
            "61043": {
                "car": {
                    "popGroup2": 4.609729152099507,
                    "popGroup4": 0.0,
                    "popGroup6": 0.0,
                    "popGroup10": 4.8556274275724345,
                    "popGroup12": 0.0,
                    "popGroup14": 0.0
                },
                "publicTransport": {
                    "popGroup0": 0.0,
                    "popGroup1": 0.0,
                    "popGroup2": 0.13781629371892906,
                    "popGroup3": 0.5508432784599554,
                    "popGroup4": 0.0,
                    "popGroup5": 0.0,
                    "popGroup6": 0.0,
                    "popGroup7": 0.0,
                    "popGroup8": 0.0,
                    "popGroup9": 0.0,
                    "popGroup10": 0.14518682075367484,
                    "popGroup11": 0.5362420451212162,
                    "popGroup12": 0.0,
                    "popGroup13": 0.0,
                    "popGroup14": 0.0,
                    "popGroup15": 0.0
                }
            },
            "61053": {
                "car": {
                    "popGroup2": 34.369861355269435,
                    "popGroup4": 0.0,
                    "popGroup6": 0.0,
                    "popGroup10": 36.20346006214272,
                    "popGroup12": 0.0,
                    "popGroup14": 0.0
                },
                "publicTransport": {
                    "popGroup0": 0.0,
                    "popGroup1": 0.0,
                    "popGroup2": 1.0135256165510431,
                    "popGroup3": 4.093375398977222,
                    "popGroup4": 0.0,
                    "popGroup5": 0.0,
                    "popGroup6": 0.0,
                    "popGroup7": 0.0,
                    "popGroup8": 0.0,
                    "popGroup9": 0.0,
                    "popGroup10": 1.0677076012851419,
                    "popGroup11": 3.984937939086432,
                    "popGroup12": 0.0,
                    "popGroup13": 0.0,
                    "popGroup14": 0.0,
                    "popGroup15": 0.0
                }
            },
            "61027": {
                "car": {
                    "popGroup2": 2.3273015870623497,
                    "popGroup4": 0.0,
                    "popGroup6": 0.0,
                    "popGroup10": 2.451447263240315,
                    "popGroup12": 0.0,
                    "popGroup14": 0.0
                },
                "publicTransport": {
                    "popGroup0": 0.0,
                    "popGroup1": 0.0,
                    "popGroup2": 0.06948346414392376,
                    "popGroup3": 0.27775751355430345,
                    "popGroup4": 0.0,
                    "popGroup5": 0.0,
                    "popGroup6": 0.0,
                    "popGroup7": 0.0,
                    "popGroup8": 0.0,
                    "popGroup9": 0.0,
                    "popGroup10": 0.07319949990997139,
                    "popGroup11": 0.27039501626473883,
                    "popGroup12": 0.0,
                    "popGroup13": 0.0,
                    "popGroup14": 0.0,
                    "popGroup15": 0.0
                }
            },
            "61016": {
                "car": {
                    "popGroup2": 1.4540822856784468,
                    "popGroup4": 0.0,
                    "popGroup6": 0.0,
                    "popGroup10": 1.531627706127981,
                    "popGroup12": 0.0,
                    "popGroup14": 0.0
                },
                "publicTransport": {
                    "popGroup0": 0.0,
                    "popGroup1": 0.0,
                    "popGroup2": 0.05512787575167036,
                    "popGroup3": 0.22656036819689876,
                    "popGroup4": 0.0,
                    "popGroup5": 0.0,
                    "popGroup6": 0.0,
                    "popGroup7": 0.0,
                    "popGroup8": 0.0,
                    "popGroup9": 0.0,
                    "popGroup10": 0.058071033785000635,
                    "popGroup11": 0.2205748986797407,
                    "popGroup12": 0.0,
                    "popGroup13": 0.0,
                    "popGroup14": 0.0,
                    "popGroup15": 0.0
                }
            },
            "61045": {
                "car": {
                    "popGroup2": 7.957477958841365,
                    "popGroup4": 0.0,
                    "popGroup6": 0.0,
                    "popGroup10": 8.381950090543068,
                    "popGroup12": 0.0,
                    "popGroup14": 0.0
                },
                "publicTransport": {
                    "popGroup0": 0.0,
                    "popGroup1": 0.0,
                    "popGroup2": 0.2460136074047372,
                    "popGroup3": 1.0050450884681463,
                    "popGroup4": 0.0,
                    "popGroup5": 0.0,
                    "popGroup6": 0.0,
                    "popGroup7": 0.0,
                    "popGroup8": 0.0,
                    "popGroup9": 0.0,
                    "popGroup10": 0.25915730612433946,
                    "popGroup11": 0.9784485325983898,
                    "popGroup12": 0.0,
                    "popGroup13": 0.0,
                    "popGroup14": 0.0,
                    "popGroup15": 0.0
                }
            },
            "61008": {
                "car": {
                    "popGroup2": 2.7137868539679366,
                    "popGroup4": 0.0,
                    "popGroup6": 0.0,
                    "popGroup10": 2.8585294170414715,
                    "popGroup12": 0.0,
                    "popGroup14": 0.0
                },
                "publicTransport": {
                    "popGroup0": 0.0,
                    "popGroup1": 0.0,
                    "popGroup2": 0.09457268871242845,
                    "popGroup3": 0.38781345965942915,
                    "popGroup4": 0.0,
                    "popGroup5": 0.0,
                    "popGroup6": 0.0,
                    "popGroup7": 0.0,
                    "popGroup8": 0.0,
                    "popGroup9": 0.0,
                    "popGroup10": 0.09962287770081646,
                    "popGroup11": 0.3775628352272568,
                    "popGroup12": 0.0,
                    "popGroup13": 0.0,
                    "popGroup14": 0.0,
                    "popGroup15": 0.0
                }
            },
            "61050": {
                "car": {
                    "popGroup2": 4.264897761323537,
                    "popGroup4": 0.0,
                    "popGroup6": 0.0,
                    "popGroup10": 4.492227085786518,
                    "popGroup12": 0.0,
                    "popGroup14": 0.0
                },
                "publicTransport": {
                    "popGroup0": 0.0,
                    "popGroup1": 0.0,
                    "popGroup2": 0.13553938323951029,
                    "popGroup3": 0.5613595664856041,
                    "popGroup4": 0.0,
                    "popGroup5": 0.0,
                    "popGroup6": 0.0,
                    "popGroup7": 0.0,
                    "popGroup8": 0.0,
                    "popGroup9": 0.0,
                    "popGroup10": 0.14277263105575883,
                    "popGroup11": 0.5465374836354131,
                    "popGroup12": 0.0,
                    "popGroup13": 0.0,
                    "popGroup14": 0.0,
                    "popGroup15": 0.0
                }
            },
            "61049": {
                "car": {
                    "popGroup2": 3.311834860586299,
                    "popGroup4": 0.0,
                    "popGroup6": 0.0,
                    "popGroup10": 3.4884062837367926,
                    "popGroup12": 0.0,
                    "popGroup14": 0.0
                },
                "publicTransport": {
                    "popGroup0": 0.0,
                    "popGroup1": 0.0,
                    "popGroup2": 0.10651066995749105,
                    "popGroup3": 0.4391609025223166,
                    "popGroup4": 0.0,
                    "popGroup5": 0.0,
                    "popGroup6": 0.0,
                    "popGroup7": 0.0,
                    "popGroup8": 0.0,
                    "popGroup9": 0.0,
                    "popGroup10": 0.11219668029795735,
                    "popGroup11": 0.42755725949775397,
                    "popGroup12": 0.0,
                    "popGroup13": 0.0,
                    "popGroup14": 0.0,
                    "popGroup15": 0.0
                }
            },
            "61058": {
                "car": {
                    "popGroup2": 6.613556201883121,
                    "popGroup4": 0.0,
                    "popGroup6": 0.0,
                    "popGroup10": 6.966323007498506,
                    "popGroup12": 0.0,
                    "popGroup14": 0.0
                },
                "publicTransport": {
                    "popGroup0": 0.0,
                    "popGroup1": 0.0,
                    "popGroup2": 0.22670458709660654,
                    "popGroup3": 0.9419347079679098,
                    "popGroup4": 0.0,
                    "popGroup5": 0.0,
                    "popGroup6": 0.0,
                    "popGroup7": 0.0,
                    "popGroup8": 0.0,
                    "popGroup9": 0.0,
                    "popGroup10": 0.23879220441986007,
                    "popGroup11": 0.9171245393185394,
                    "popGroup12": 0.0,
                    "popGroup13": 0.0,
                    "popGroup14": 0.0,
                    "popGroup15": 0.0
                }
            },
            "62347": {
                "car": {
                    "popGroup2": 0.78002215528531,
                    "popGroup4": 0.0,
                    "popGroup6": 0.0,
                    "popGroup10": 0.8216228290987482,
                    "popGroup12": 0.0,
                    "popGroup14": 0.0
                },
                "publicTransport": {
                    "popGroup0": 0.0,
                    "popGroup1": 0.0,
                    "popGroup2": 0.027430573725168765,
                    "popGroup3": 0.11449023426375676,
                    "popGroup4": 0.0,
                    "popGroup5": 0.0,
                    "popGroup6": 0.0,
                    "popGroup7": 0.0,
                    "popGroup8": 0.0,
                    "popGroup9": 0.0,
                    "popGroup10": 0.028891937283941037,
                    "popGroup11": 0.11148075336722182,
                    "popGroup12": 0.0,
                    "popGroup13": 0.0,
                    "popGroup14": 0.0,
                    "popGroup15": 0.0
                }
            }
        }
    }
}