{
    "Sum_Trips_per_Mode": {
        "work": {
            "60101": {
                "car": 3112.2643517922943,
                "publicTransport": 318.41158120168,
                "bicycle": 837.1553572970029
            },
            "60669": {
                "car": 102.27651509627549,
                "publicTransport": 37.755289626363876,
                "bicycle": 25.18266001464651,
                "walk": 9.926078690535586
            },
            "60608": {
                "car": 62.296544535193576,
                "publicTransport": 20.3227030432907,
                "bicycle": 16.932316075341355
            },
            "60611": {
                "car": 27.249950522651453,
                "publicTransport": 8.813127520867345
            },
            "60670": {
                "car": 95.34369346931098,
                "publicTransport": 20.967759778157912,
                "bicycle": 25.31768113702496
            },
            "60662": {
                "car": 18.18766772238011,
                "publicTransport": 2.089092766252473
            },
            "60656": {
                "car": 16.677136806205095,
                "publicTransport": 4.4690105470782076
            },
            "60655": {
                "car": 25.70052262350733,
                "publicTransport": 3.08510276579481
            },
            "60624": {
                "car": 71.43458925362498,
                "publicTransport": 7.991608098988711,
                "bicycle": 20.80828316088292
            },
            "60660": {
                "car": 19.992813640732834,
                "publicTransport": 5.24080256321064
            },
            "60629": {
                "car": 40.14170528329386,
                "publicTransport": 12.794241071411552
            },
            "60618": {
                "car": 10.649556886616383,
                "publicTransport": 3.513923924360704,
                "bicycle": 2.5689980179903467
            },
            "61059": {
                "car": 21.16169102422832,
                "publicTransport": 2.5553750477938286
            },
            "61001": {
                "car": 4.128139001690453,
                "publicTransport": 0.5554519930266822
            },
            "61055": {
                "car": 4.233706963221208,
                "publicTransport": 0.6116030686522345
            },
            "61021": {
                "car": 19.327132107647024,
                "publicTransport": 2.429850196340418
            },
            "61017": {
                "car": 3.1356627834519633,
                "publicTransport": 0.41167014235084187
            },
            "61020": {
                "car": 4.756807304161388,
                "publicTransport": 0.6168355616997091
            },
            "61012": {
                "car": 9.54194120890146,
                "publicTransport": 1.2633236684400666
            },
            "61043": {
                "car": 9.434367332010874,
                "publicTransport": 1.2672223158044944
            },
            "61053": {
                "car": 70.46874460923526,
                "publicTransport": 9.05471888180951
            },
            "61027": {
                "car": 4.758260939119923,
                "publicTransport": 0.6384578892650633
            },
            "61016": {
                "car": 3.0213631168584945,
                "publicTransport": 0.4678421577338784
            },
            "61045": {
                "car": 16.416286590259467,
                "publicTransport": 2.1254543730116753
            },
            "61008": {
                "car": 5.622635741370624,
                "publicTransport": 0.8075868523668697
            },
            "61050": {
                "car": 8.894752287825764,
                "publicTransport": 1.1262815090078058
            },
            "61049": {
                "car": 6.879030594449736,
                "publicTransport": 0.8965486411045838
            },
            "61058": {
                "car": 13.75526719832768,
                "publicTransport": 1.865897752486262
            },
            "62347": {
                "car": 1.631937897392205,
                "publicTransport": 0.2238606423525333
            }
        }
    },
    "Trips_per_group": {
        "work": {
            "60101": {
                "car": {
                    "popGroup2": 1521.0450724628706,
                    "popGroup4": 0.0,
                    "popGroup6": 0.0,
                    "popGroup10": 1591.2192793294237,
                    "popGroup12": 0.0,
                    "popGroup14": 0.0
                },
                "publicTransport": {
                    "popGroup0": 0.0,
                    "popGroup1": 0.0,
                    "popGroup2": 54.23871269821207,
                    "popGroup3": 102.97624670974965,
                    "popGroup4": 0.0,
                    "popGroup5": 0.0,
                    "popGroup6": 0.0,
                    "popGroup7": 0.0,
                    "popGroup8": 0.0,
                    "popGroup9": 0.0,
                    "popGroup10": 56.74151742158218,
                    "popGroup11": 104.4551043721361,
                    "popGroup12": 0.0,
                    "popGroup13": 0.0,
                    "popGroup14": 0.0,
                    "popGroup15": 0.0
                },
                "bicycle": {
                    "popGroup0": 0.0,
                    "popGroup1": 0.0,
                    "popGroup2": 88.26112827067931,
                    "popGroup3": 325.94327751243566,
                    "popGroup4": 0.0,
                    "popGroup5": 0.0,
                    "popGroup6": 0.0,
                    "popGroup7": 0.0,
                    "popGroup8": 0.0,
                    "popGroup9": 0.0,
                    "popGroup10": 92.3349805704226,
                    "popGroup11": 330.6159709434653,
                    "popGroup12": 0.0,
                    "popGroup13": 0.0,
                    "popGroup14": 0.0,
                    "popGroup15": 0.0
                }
            },
            "60669": {
                "car": {
                    "popGroup2": 49.98513543110259,
                    "popGroup4": 0.0,
                    "popGroup6": 0.0,
                    "popGroup10": 52.2913796651729,
                    "popGroup12": 0.0,
                    "popGroup14": 0.0
                },
                "publicTransport": {
                    "popGroup0": 0.0,
                    "popGroup1": 0.0,
                    "popGroup2": 4.147147271645908,
                    "popGroup3": 14.530457694376437,
                    "popGroup4": 0.0,
                    "popGroup5": 0.0,
                    "popGroup6": 0.0,
                    "popGroup7": 0.0,
                    "popGroup8": 0.0,
                    "popGroup9": 0.0,
                    "popGroup10": 4.338518409874992,
                    "popGroup11": 14.739166250466536,
                    "popGroup12": 0.0,
                    "popGroup13": 0.0,
                    "popGroup14": 0.0,
                    "popGroup15": 0.0
                },
                "bicycle": {
                    "popGroup0": 0.0,
                    "popGroup1": 0.0,
                    "popGroup2": 2.765924722571124,
                    "popGroup3": 9.692519272341762,
                    "popGroup4": 0.0,
                    "popGroup5": 0.0,
                    "popGroup6": 0.0,
                    "popGroup7": 0.0,
                    "popGroup8": 0.0,
                    "popGroup9": 0.0,
                    "popGroup10": 2.8937052100945606,
                    "popGroup11": 9.830510809639058,
                    "popGroup12": 0.0,
                    "popGroup13": 0.0,
                    "popGroup14": 0.0,
                    "popGroup15": 0.0
                },
                "walk": {
                    "popGroup0": 0.0,
                    "popGroup1": 0.0,
                    "popGroup2": 1.0900490200642314,
                    "popGroup3": 3.821067232319696,
                    "popGroup4": 0.0,
                    "popGroup5": 0.0,
                    "popGroup6": 0.0,
                    "popGroup7": 0.0,
                    "popGroup8": 0.0,
                    "popGroup9": 0.0,
                    "popGroup10": 1.140530591449732,
                    "popGroup11": 3.8744318467019276,
                    "popGroup12": 0.0,
                    "popGroup13": 0.0,
                    "popGroup14": 0.0,
                    "popGroup15": 0.0
                }
            },
            "60608": {
                "car": {
                    "popGroup2": 30.445974477833794,
                    "popGroup4": 0.0,
                    "popGroup6": 0.0,
                    "popGroup10": 31.850570057359782,
                    "popGroup12": 0.0,
                    "popGroup14": 0.0
                },
                "publicTransport": {
                    "popGroup0": 0.0,
                    "popGroup1": 0.0,
                    "popGroup2": 2.2267231370471503,
                    "popGroup3": 7.82696019147007,
                    "popGroup4": 0.0,
                    "popGroup5": 0.0,
                    "popGroup6": 0.0,
                    "popGroup7": 0.0,
                    "popGroup8": 0.0,
                    "popGroup9": 0.0,
                    "popGroup10": 2.329453273814351,
                    "popGroup11": 7.93956644095913,
                    "popGroup12": 0.0,
                    "popGroup13": 0.0,
                    "popGroup14": 0.0,
                    "popGroup15": 0.0
                },
                "bicycle": {
                    "popGroup0": 0.0,
                    "popGroup1": 0.0,
                    "popGroup2": 1.8598850859338347,
                    "popGroup3": 6.516581058401109,
                    "popGroup4": 0.0,
                    "popGroup5": 0.0,
                    "popGroup6": 0.0,
                    "popGroup7": 0.0,
                    "popGroup8": 0.0,
                    "popGroup9": 0.0,
                    "popGroup10": 1.945715642507902,
                    "popGroup11": 6.610134288498506,
                    "popGroup12": 0.0,
                    "popGroup13": 0.0,
                    "popGroup14": 0.0,
                    "popGroup15": 0.0
                }
            },
            "60611": {
                "car": {
                    "popGroup2": 13.317704348070114,
                    "popGroup4": 0.0,
                    "popGroup6": 0.0,
                    "popGroup10": 13.93224617458134,
                    "popGroup12": 0.0,
                    "popGroup14": 0.0
                },
                "publicTransport": {
                    "popGroup0": 0.0,
                    "popGroup1": 0.0,
                    "popGroup2": 0.9720459814058603,
                    "popGroup3": 3.3877892406048913,
                    "popGroup4": 0.0,
                    "popGroup5": 0.0,
                    "popGroup6": 0.0,
                    "popGroup7": 0.0,
                    "popGroup8": 0.0,
                    "popGroup9": 0.0,
                    "popGroup10": 1.0169077807463185,
                    "popGroup11": 3.436384518110275,
                    "popGroup12": 0.0,
                    "popGroup13": 0.0,
                    "popGroup14": 0.0,
                    "popGroup15": 0.0
                }
            },
            "60670": {
                "car": {
                    "popGroup2": 46.596946803866814,
                    "popGroup4": 0.0,
                    "popGroup6": 0.0,
                    "popGroup10": 48.746746665444164,
                    "popGroup12": 0.0,
                    "popGroup14": 0.0
                },
                "publicTransport": {
                    "popGroup0": 0.0,
                    "popGroup1": 0.0,
                    "popGroup2": 2.6241279323578506,
                    "popGroup3": 7.743536280754784,
                    "popGroup4": 0.0,
                    "popGroup5": 0.0,
                    "popGroup6": 0.0,
                    "popGroup7": 0.0,
                    "popGroup8": 0.0,
                    "popGroup9": 0.0,
                    "popGroup10": 2.745199260134565,
                    "popGroup11": 7.854896304910713,
                    "popGroup12": 0.0,
                    "popGroup13": 0.0,
                    "popGroup14": 0.0,
                    "popGroup15": 0.0
                },
                "bicycle": {
                    "popGroup0": 0.0,
                    "popGroup1": 0.0,
                    "popGroup2": 2.7808850440499917,
                    "popGroup3": 9.744021127063395,
                    "popGroup4": 0.0,
                    "popGroup5": 0.0,
                    "popGroup6": 0.0,
                    "popGroup7": 0.0,
                    "popGroup8": 0.0,
                    "popGroup9": 0.0,
                    "popGroup10": 2.909265711394009,
                    "popGroup11": 9.883509254517563,
                    "popGroup12": 0.0,
                    "popGroup13": 0.0,
                    "popGroup14": 0.0,
                    "popGroup15": 0.0
                }
            },
            "60662": {
                "car": {
                    "popGroup2": 8.888769215266116,
                    "popGroup4": 0.0,
                    "popGroup6": 0.0,
                    "popGroup10": 9.298898507113993,
                    "popGroup12": 0.0,
                    "popGroup14": 0.0
                },
                "publicTransport": {
                    "popGroup0": 0.0,
                    "popGroup1": 0.0,
                    "popGroup2": 0.32272632065703943,
                    "popGroup3": 0.7092813420726198,
                    "popGroup4": 0.0,
                    "popGroup5": 0.0,
                    "popGroup6": 0.0,
                    "popGroup7": 0.0,
                    "popGroup8": 0.0,
                    "popGroup9": 0.0,
                    "popGroup10": 0.3376193997041399,
                    "popGroup11": 0.719465703818674,
                    "popGroup12": 0.0,
                    "popGroup13": 0.0,
                    "popGroup14": 0.0,
                    "popGroup15": 0.0
                }
            },
            "60656": {
                "car": {
                    "popGroup2": 8.150532853253887,
                    "popGroup4": 0.0,
                    "popGroup6": 0.0,
                    "popGroup10": 8.526603952951207,
                    "popGroup12": 0.0,
                    "popGroup14": 0.0
                },
                "publicTransport": {
                    "popGroup0": 0.0,
                    "popGroup1": 0.0,
                    "popGroup2": 0.5073985527768964,
                    "popGroup3": 1.703175694535731,
                    "popGroup4": 0.0,
                    "popGroup5": 0.0,
                    "popGroup6": 0.0,
                    "popGroup7": 0.0,
                    "popGroup8": 0.0,
                    "popGroup9": 0.0,
                    "popGroup10": 0.5308146743146707,
                    "popGroup11": 1.727621625450909,
                    "popGroup12": 0.0,
                    "popGroup13": 0.0,
                    "popGroup14": 0.0,
                    "popGroup15": 0.0
                }
            },
            "60655": {
                "car": {
                    "popGroup2": 12.560484148531955,
                    "popGroup4": 0.0,
                    "popGroup6": 0.0,
                    "popGroup10": 13.140038474975373,
                    "popGroup12": 0.0,
                    "popGroup14": 0.0
                },
                "publicTransport": {
                    "popGroup0": 0.0,
                    "popGroup1": 0.0,
                    "popGroup2": 0.4736746171909919,
                    "popGroup3": 1.0504076863196838,
                    "popGroup4": 0.0,
                    "popGroup5": 0.0,
                    "popGroup6": 0.0,
                    "popGroup7": 0.0,
                    "popGroup8": 0.0,
                    "popGroup9": 0.0,
                    "popGroup10": 0.49553458246148957,
                    "popGroup11": 1.0654858798226448,
                    "popGroup12": 0.0,
                    "popGroup13": 0.0,
                    "popGroup14": 0.0,
                    "popGroup15": 0.0
                }
            },
            "60624": {
                "car": {
                    "popGroup2": 34.91193719893894,
                    "popGroup4": 0.0,
                    "popGroup6": 0.0,
                    "popGroup10": 36.52265205468603,
                    "popGroup12": 0.0,
                    "popGroup14": 0.0
                },
                "publicTransport": {
                    "popGroup0": 0.0,
                    "popGroup1": 0.0,
                    "popGroup2": 1.2696093063946832,
                    "popGroup3": 2.6776664601978086,
                    "popGroup4": 0.0,
                    "popGroup5": 0.0,
                    "popGroup6": 0.0,
                    "popGroup7": 0.0,
                    "popGroup8": 0.0,
                    "popGroup9": 0.0,
                    "popGroup10": 1.32819255939818,
                    "popGroup11": 2.716139772998039,
                    "popGroup12": 0.0,
                    "popGroup13": 0.0,
                    "popGroup14": 0.0,
                    "popGroup15": 0.0
                },
                "bicycle": {
                    "popGroup0": 0.0,
                    "popGroup1": 0.0,
                    "popGroup2": 2.2890415827583075,
                    "popGroup3": 8.00492354366702,
                    "popGroup4": 0.0,
                    "popGroup5": 0.0,
                    "popGroup6": 0.0,
                    "popGroup7": 0.0,
                    "popGroup8": 0.0,
                    "popGroup9": 0.0,
                    "popGroup10": 2.394704399012309,
                    "popGroup11": 8.119613635445283,
                    "popGroup12": 0.0,
                    "popGroup13": 0.0,
                    "popGroup14": 0.0,
                    "popGroup15": 0.0
                }
            },
            "60660": {
                "car": {
                    "popGroup2": 9.770964506826441,
                    "popGroup4": 0.0,
                    "popGroup6": 0.0,
                    "popGroup10": 10.221849133906392,
                    "popGroup12": 0.0,
                    "popGroup14": 0.0
                },
                "publicTransport": {
                    "popGroup0": 0.0,
                    "popGroup1": 0.0,
                    "popGroup2": 0.5904535575722657,
                    "popGroup3": 2.001961048762044,
                    "popGroup4": 0.0,
                    "popGroup5": 0.0,
                    "popGroup6": 0.0,
                    "popGroup7": 0.0,
                    "popGroup8": 0.0,
                    "popGroup9": 0.0,
                    "popGroup10": 0.6177039951965296,
                    "popGroup11": 2.030683961679801,
                    "popGroup12": 0.0,
                    "popGroup13": 0.0,
                    "popGroup14": 0.0,
                    "popGroup15": 0.0
                }
            },
            "60629": {
                "car": {
                    "popGroup2": 19.618257820191218,
                    "popGroup4": 0.0,
                    "popGroup6": 0.0,
                    "popGroup10": 20.52344746310264,
                    "popGroup12": 0.0,
                    "popGroup14": 0.0
                },
                "publicTransport": {
                    "popGroup0": 0.0,
                    "popGroup1": 0.0,
                    "popGroup2": 1.3942733937148444,
                    "popGroup3": 4.935232364797217,
                    "popGroup4": 0.0,
                    "popGroup5": 0.0,
                    "popGroup6": 0.0,
                    "popGroup7": 0.0,
                    "popGroup8": 0.0,
                    "popGroup9": 0.0,
                    "popGroup10": 1.4586111168853169,
                    "popGroup11": 5.006124196014174,
                    "popGroup12": 0.0,
                    "popGroup13": 0.0,
                    "popGroup14": 0.0,
                    "popGroup15": 0.0
                }
            },
            "60618": {
                "car": {
                    "popGroup2": 5.2047120132320455,
                    "popGroup4": 0.0,
                    "popGroup6": 0.0,
                    "popGroup10": 5.444844873384337,
                    "popGroup12": 0.0,
                    "popGroup14": 0.0
                },
                "publicTransport": {
                    "popGroup0": 0.0,
                    "popGroup1": 0.0,
                    "popGroup2": 0.3799655394791738,
                    "popGroup3": 1.3584675163195965,
                    "popGroup4": 0.0,
                    "popGroup5": 0.0,
                    "popGroup6": 0.0,
                    "popGroup7": 0.0,
                    "popGroup8": 0.0,
                    "popGroup9": 0.0,
                    "popGroup10": 0.39749735807418535,
                    "popGroup11": 1.3779935104877485,
                    "popGroup12": 0.0,
                    "popGroup13": 0.0,
                    "popGroup14": 0.0,
                    "popGroup15": 0.0
                },
                "bicycle": {
                    "popGroup0": 0.0,
                    "popGroup1": 0.0,
                    "popGroup2": 0.28217377477440586,
                    "popGroup3": 0.9887452765906996,
                    "popGroup4": 0.0,
                    "popGroup5": 0.0,
                    "popGroup6": 0.0,
                    "popGroup7": 0.0,
                    "popGroup8": 0.0,
                    "popGroup9": 0.0,
                    "popGroup10": 0.29520326508366307,
                    "popGroup11": 1.002875701541578,
                    "popGroup12": 0.0,
                    "popGroup13": 0.0,
                    "popGroup14": 0.0,
                    "popGroup15": 0.0
                }
            },
            "61059": {
                "car": {
                    "popGroup2": 10.342226560543297,
                    "popGroup4": 0.0,
                    "popGroup6": 0.0,
                    "popGroup10": 10.819464463685023,
                    "popGroup12": 0.0,
                    "popGroup14": 0.0
                },
                "publicTransport": {
                    "popGroup0": 0.0,
                    "popGroup1": 0.0,
                    "popGroup2": 0.3792961222497956,
                    "popGroup3": 0.8833099441966479,
                    "popGroup4": 0.0,
                    "popGroup5": 0.0,
                    "popGroup6": 0.0,
                    "popGroup7": 0.0,
                    "popGroup8": 0.0,
                    "popGroup9": 0.0,
                    "popGroup10": 0.3968062775392559,
                    "popGroup11": 0.8959627038081295,
                    "popGroup12": 0.0,
                    "popGroup13": 0.0,
                    "popGroup14": 0.0,
                    "popGroup15": 0.0
                }
            },
            "61001": {
                "car": {
                    "popGroup2": 2.0175183176943774,
                    "popGroup4": 0.0,
                    "popGroup6": 0.0,
                    "popGroup10": 2.110620683996076,
                    "popGroup12": 0.0,
                    "popGroup14": 0.0
                },
                "publicTransport": {
                    "popGroup0": 0.0,
                    "popGroup1": 0.0,
                    "popGroup2": 0.08073704781198693,
                    "popGroup3": 0.1937377175444224,
                    "popGroup4": 0.0,
                    "popGroup5": 0.0,
                    "popGroup6": 0.0,
                    "popGroup7": 0.0,
                    "popGroup8": 0.0,
                    "popGroup9": 0.0,
                    "popGroup10": 0.08446424480932707,
                    "popGroup11": 0.19651298286094582,
                    "popGroup12": 0.0,
                    "popGroup13": 0.0,
                    "popGroup14": 0.0,
                    "popGroup15": 0.0
                }
            },
            "61055": {
                "car": {
                    "popGroup2": 2.0691046378792057,
                    "popGroup4": 0.0,
                    "popGroup6": 0.0,
                    "popGroup10": 2.1646023253420026,
                    "popGroup12": 0.0,
                    "popGroup14": 0.0
                },
                "publicTransport": {
                    "popGroup0": 0.0,
                    "popGroup1": 0.0,
                    "popGroup2": 0.0855609247201599,
                    "popGroup3": 0.21671622968280563,
                    "popGroup4": 0.0,
                    "popGroup5": 0.0,
                    "popGroup6": 0.0,
                    "popGroup7": 0.0,
                    "popGroup8": 0.0,
                    "popGroup9": 0.0,
                    "popGroup10": 0.08951209589439627,
                    "popGroup11": 0.21981381835487263,
                    "popGroup12": 0.0,
                    "popGroup13": 0.0,
                    "popGroup14": 0.0,
                    "popGroup15": 0.0
                }
            },
            "61021": {
                "car": {
                    "popGroup2": 9.445616822389406,
                    "popGroup4": 0.0,
                    "popGroup6": 0.0,
                    "popGroup10": 9.881515285257617,
                    "popGroup12": 0.0,
                    "popGroup14": 0.0
                },
                "publicTransport": {
                    "popGroup0": 0.0,
                    "popGroup1": 0.0,
                    "popGroup2": 0.3537599352204552,
                    "popGroup3": 0.8469396374637335,
                    "popGroup4": 0.0,
                    "popGroup5": 0.0,
                    "popGroup6": 0.0,
                    "popGroup7": 0.0,
                    "popGroup8": 0.0,
                    "popGroup9": 0.0,
                    "popGroup10": 0.37009436621372566,
                    "popGroup11": 0.8590562574425038,
                    "popGroup12": 0.0,
                    "popGroup13": 0.0,
                    "popGroup14": 0.0,
                    "popGroup15": 0.0
                }
            },
            "61017": {
                "car": {
                    "popGroup2": 1.5324674827245537,
                    "popGroup4": 0.0,
                    "popGroup6": 0.0,
                    "popGroup10": 1.6031953007274096,
                    "popGroup12": 0.0,
                    "popGroup14": 0.0
                },
                "publicTransport": {
                    "popGroup0": 0.0,
                    "popGroup1": 0.0,
                    "popGroup2": 0.05842137085730735,
                    "popGroup3": 0.1450285975881769,
                    "popGroup4": 0.0,
                    "popGroup5": 0.0,
                    "popGroup6": 0.0,
                    "popGroup7": 0.0,
                    "popGroup8": 0.0,
                    "popGroup9": 0.0,
                    "popGroup10": 0.06111942074192368,
                    "popGroup11": 0.14710075316343396,
                    "popGroup12": 0.0,
                    "popGroup13": 0.0,
                    "popGroup14": 0.0,
                    "popGroup15": 0.0
                }
            },
            "61020": {
                "car": {
                    "popGroup2": 2.3247567109021237,
                    "popGroup4": 0.0,
                    "popGroup6": 0.0,
                    "popGroup10": 2.4320505932592646,
                    "popGroup12": 0.0,
                    "popGroup14": 0.0
                },
                "publicTransport": {
                    "popGroup0": 0.0,
                    "popGroup1": 0.0,
                    "popGroup2": 0.08746346495959126,
                    "popGroup3": 0.2173817617997123,
                    "popGroup4": 0.0,
                    "popGroup5": 0.0,
                    "popGroup6": 0.0,
                    "popGroup7": 0.0,
                    "popGroup8": 0.0,
                    "popGroup9": 0.0,
                    "popGroup10": 0.09150279525908207,
                    "popGroup11": 0.22048753968132348,
                    "popGroup12": 0.0,
                    "popGroup13": 0.0,
                    "popGroup14": 0.0,
                    "popGroup15": 0.0
                }
            },
            "61012": {
                "car": {
                    "popGroup2": 4.663355018916734,
                    "popGroup4": 0.0,
                    "popGroup6": 0.0,
                    "popGroup10": 4.878586189984725,
                    "popGroup12": 0.0,
                    "popGroup14": 0.0
                },
                "publicTransport": {
                    "popGroup0": 0.0,
                    "popGroup1": 0.0,
                    "popGroup2": 0.17828886715686043,
                    "popGroup3": 0.4460706244583016,
                    "popGroup4": 0.0,
                    "popGroup5": 0.0,
                    "popGroup6": 0.0,
                    "popGroup7": 0.0,
                    "popGroup8": 0.0,
                    "popGroup9": 0.0,
                    "popGroup10": 0.18652334792918945,
                    "popGroup11": 0.452440828895715,
                    "popGroup12": 0.0,
                    "popGroup13": 0.0,
                    "popGroup14": 0.0,
                    "popGroup15": 0.0
                }
            },
            "61043": {
                "car": {
                    "popGroup2": 4.6107786204942425,
                    "popGroup4": 0.0,
                    "popGroup6": 0.0,
                    "popGroup10": 4.823588711516631,
                    "popGroup12": 0.0,
                    "popGroup14": 0.0
                },
                "publicTransport": {
                    "popGroup0": 0.0,
                    "popGroup1": 0.0,
                    "popGroup2": 0.17783226789212184,
                    "popGroup3": 0.4484711901659608,
                    "popGroup4": 0.0,
                    "popGroup5": 0.0,
                    "popGroup6": 0.0,
                    "popGroup7": 0.0,
                    "popGroup8": 0.0,
                    "popGroup9": 0.0,
                    "popGroup10": 0.18604623134628026,
                    "popGroup11": 0.45487262640013143,
                    "popGroup12": 0.0,
                    "popGroup13": 0.0,
                    "popGroup14": 0.0,
                    "popGroup15": 0.0
                }
            },
            "61053": {
                "car": {
                    "popGroup2": 34.43963584312844,
                    "popGroup4": 0.0,
                    "popGroup6": 0.0,
                    "popGroup10": 36.029108766106816,
                    "popGroup12": 0.0,
                    "popGroup14": 0.0
                },
                "publicTransport": {
                    "popGroup0": 0.0,
                    "popGroup1": 0.0,
                    "popGroup2": 1.2536055780527668,
                    "popGroup3": 3.2218182192596805,
                    "popGroup4": 0.0,
                    "popGroup5": 0.0,
                    "popGroup6": 0.0,
                    "popGroup7": 0.0,
                    "popGroup8": 0.0,
                    "popGroup9": 0.0,
                    "popGroup10": 1.311513174998847,
                    "popGroup11": 3.2677819094982157,
                    "popGroup12": 0.0,
                    "popGroup13": 0.0,
                    "popGroup14": 0.0,
                    "popGroup15": 0.0
                }
            },
            "61027": {
                "car": {
                    "popGroup2": 2.325464615925772,
                    "popGroup4": 0.0,
                    "popGroup6": 0.0,
                    "popGroup10": 2.432796323194151,
                    "popGroup12": 0.0,
                    "popGroup14": 0.0
                },
                "publicTransport": {
                    "popGroup0": 0.0,
                    "popGroup1": 0.0,
                    "popGroup2": 0.08958435616744469,
                    "popGroup3": 0.2259629795731826,
                    "popGroup4": 0.0,
                    "popGroup5": 0.0,
                    "popGroup6": 0.0,
                    "popGroup7": 0.0,
                    "popGroup8": 0.0,
                    "popGroup9": 0.0,
                    "popGroup10": 0.09372220286115053,
                    "popGroup11": 0.2291883506632855,
                    "popGroup12": 0.0,
                    "popGroup13": 0.0,
                    "popGroup14": 0.0,
                    "popGroup15": 0.0
                }
            },
            "61016": {
                "car": {
                    "popGroup2": 1.4766005031076046,
                    "popGroup4": 0.0,
                    "popGroup6": 0.0,
                    "popGroup10": 1.54476261375089,
                    "popGroup12": 0.0,
                    "popGroup14": 0.0
                },
                "publicTransport": {
                    "popGroup0": 0.0,
                    "popGroup1": 0.0,
                    "popGroup2": 0.06293284051864437,
                    "popGroup3": 0.16833721359099738,
                    "popGroup4": 0.0,
                    "popGroup5": 0.0,
                    "popGroup6": 0.0,
                    "popGroup7": 0.0,
                    "popGroup8": 0.0,
                    "popGroup9": 0.0,
                    "popGroup10": 0.06584124855394409,
                    "popGroup11": 0.17073085507029256,
                    "popGroup12": 0.0,
                    "popGroup13": 0.0,
                    "popGroup14": 0.0,
                    "popGroup15": 0.0
                }
            },
            "61045": {
                "car": {
                    "popGroup2": 8.022990875125027,
                    "popGroup4": 0.0,
                    "popGroup6": 0.0,
                    "popGroup10": 8.393295715134443,
                    "popGroup12": 0.0,
                    "popGroup14": 0.0
                },
                "publicTransport": {
                    "popGroup0": 0.0,
                    "popGroup1": 0.0,
                    "popGroup2": 0.2889646104516447,
                    "popGroup3": 0.7616601111506316,
                    "popGroup4": 0.0,
                    "popGroup5": 0.0,
                    "popGroup6": 0.0,
                    "popGroup7": 0.0,
                    "popGroup8": 0.0,
                    "popGroup9": 0.0,
                    "popGroup10": 0.3023146311642632,
                    "popGroup11": 0.7725150202451359,
                    "popGroup12": 0.0,
                    "popGroup13": 0.0,
                    "popGroup14": 0.0,
                    "popGroup15": 0.0
                }
            },
            "61008": {
                "car": {
                    "popGroup2": 2.7478984445330927,
                    "popGroup4": 0.0,
                    "popGroup6": 0.0,
                    "popGroup10": 2.874737296837532,
                    "popGroup12": 0.0,
                    "popGroup14": 0.0
                },
                "publicTransport": {
                    "popGroup0": 0.0,
                    "popGroup1": 0.0,
                    "popGroup2": 0.10912309716170523,
                    "popGroup3": 0.2900853846872711,
                    "popGroup4": 0.0,
                    "popGroup5": 0.0,
                    "popGroup6": 0.0,
                    "popGroup7": 0.0,
                    "popGroup8": 0.0,
                    "popGroup9": 0.0,
                    "popGroup10": 0.11416574868817612,
                    "popGroup11": 0.29421262182971725,
                    "popGroup12": 0.0,
                    "popGroup13": 0.0,
                    "popGroup14": 0.0,
                    "popGroup15": 0.0
                }
            },
            "61050": {
                "car": {
                    "popGroup2": 4.347017001242143,
                    "popGroup4": 0.0,
                    "popGroup6": 0.0,
                    "popGroup10": 4.54773528658362,
                    "popGroup12": 0.0,
                    "popGroup14": 0.0
                },
                "publicTransport": {
                    "popGroup0": 0.0,
                    "popGroup1": 0.0,
                    "popGroup2": 0.14858527438791458,
                    "popGroup3": 0.4082198329870603,
                    "popGroup4": 0.0,
                    "popGroup5": 0.0,
                    "popGroup6": 0.0,
                    "popGroup7": 0.0,
                    "popGroup8": 0.0,
                    "popGroup9": 0.0,
                    "popGroup10": 0.155451965067105,
                    "popGroup11": 0.4140244365657258,
                    "popGroup12": 0.0,
                    "popGroup13": 0.0,
                    "popGroup14": 0.0,
                    "popGroup15": 0.0
                }
            },
            "61049": {
                "car": {
                    "popGroup2": 3.3619092309480765,
                    "popGroup4": 0.0,
                    "popGroup6": 0.0,
                    "popGroup10": 3.5171213635016594,
                    "popGroup12": 0.0,
                    "popGroup14": 0.0
                },
                "publicTransport": {
                    "popGroup0": 0.0,
                    "popGroup1": 0.0,
                    "popGroup2": 0.11970512885888332,
                    "popGroup3": 0.32350211114135985,
                    "popGroup4": 0.0,
                    "popGroup5": 0.0,
                    "popGroup6": 0.0,
                    "popGroup7": 0.0,
                    "popGroup8": 0.0,
                    "popGroup9": 0.0,
                    "popGroup10": 0.12523676902251002,
                    "popGroup11": 0.32810463208183066,
                    "popGroup12": 0.0,
                    "popGroup13": 0.0,
                    "popGroup14": 0.0,
                    "popGroup15": 0.0
                }
            },
            "61058": {
                "car": {
                    "popGroup2": 6.722489170573517,
                    "popGroup4": 0.0,
                    "popGroup6": 0.0,
                    "popGroup10": 7.032778027754162,
                    "popGroup12": 0.0,
                    "popGroup14": 0.0
                },
                "publicTransport": {
                    "popGroup0": 0.0,
                    "popGroup1": 0.0,
                    "popGroup2": 0.2438528559573289,
                    "popGroup3": 0.6786493157488263,
                    "popGroup4": 0.0,
                    "popGroup5": 0.0,
                    "popGroup6": 0.0,
                    "popGroup7": 0.0,
                    "popGroup8": 0.0,
                    "popGroup9": 0.0,
                    "popGroup10": 0.2551272996546991,
                    "popGroup11": 0.6882682811254079,
                    "popGroup12": 0.0,
                    "popGroup13": 0.0,
                    "popGroup14": 0.0,
                    "popGroup15": 0.0
                }
            },
            "62347": {
                "car": {
                    "popGroup2": 0.7975611247576431,
                    "popGroup4": 0.0,
                    "popGroup6": 0.0,
                    "popGroup10": 0.8343767726345619,
                    "popGroup12": 0.0,
                    "popGroup14": 0.0
                },
                "publicTransport": {
                    "popGroup0": 0.0,
                    "popGroup1": 0.0,
                    "popGroup2": 0.028723935427071356,
                    "popGroup3": 0.0819625418055207,
                    "popGroup4": 0.0,
                    "popGroup5": 0.0,
                    "popGroup6": 0.0,
                    "popGroup7": 0.0,
                    "popGroup8": 0.0,
                    "popGroup9": 0.0,
                    "popGroup10": 0.030052338223263027,
                    "popGroup11": 0.08312182689667821,
                    "popGroup12": 0.0,
                    "popGroup13": 0.0,
                    "popGroup14": 0.0,
                    "popGroup15": 0.0
                }
            }
        }
    }
}