{
    "Sum_Trips_per_Mode": {
        "work": {
            "60101": {
                "car": 439.45672248187617,
                "publicTransport": 113.4005786223853
            },
            "60669": {
                "car": 18.926360380201242,
                "publicTransport": 5.171026653467392
            },
            "60608": {
                "car": 9.141939609010752,
                "publicTransport": 2.3942521309191633
            },
            "60611": {
                "car": 5.110972332541872,
                "publicTransport": 2.0886920605276975
            },
            "60670": {
                "car": 15.70277663984519,
                "publicTransport": 5.84150368048563
            },
            "60662": {
                "car": 4.285305724067236,
                "publicTransport": 1.7335547012204087
            },
            "60656": {
                "car": 4.793812853217902,
                "publicTransport": 1.3525500756039892
            },
            "60655": {
                "car": 6.811832973664424,
                "publicTransport": 2.2037869738986693
            },
            "60624": {
                "car": 14.74839145755891,
                "publicTransport": 4.973049126774809
            },
            "60660": {
                "car": 5.001813065887884,
                "publicTransport": 1.4603262816905385
            },
            "60629": {
                "car": 7.256859273894052,
                "publicTransport": 2.216404731301826
            },
            "60618": {
                "car": 1.3877038523219105,
                "publicTransport": 0.5334742674249484
            },
            "61059": {
                "car": 8.053046451056046,
                "publicTransport": 2.9948567066304976
            },
            "61001": {
                "car": 1.5627156249266896,
                "publicTransport": 0.5855843690457543
            },
            "61055": {
                "car": 1.9624315705357047,
                "publicTransport": 0.9265397804399946
            },
            "61021": {
                "car": 9.803903767461147,
                "publicTransport": 5.025880873564548
            },
            "61017": {
                "car": 1.4150696521564599,
                "publicTransport": 0.7059693597100676
            },
            "61020": {
                "car": 2.9191447204175582,
                "publicTransport": 1.478360062907286
            },
            "61012": {
                "car": 6.067025403685177,
                "publicTransport": 3.0295455324047458
            },
            "61043": {
                "car": 6.913864382448446,
                "publicTransport": 3.5915932344151438,
                "bicycle": 2.0424858383561038
            },
            "61053": {
                "car": 51.93653673955059,
                "publicTransport": 27.151179452168982,
                "bicycle": 14.12023462644244
            },
            "61027": {
                "car": 2.7442770260601717,
                "publicTransport": 1.3364554005750628
            },
            "61016": {
                "car": 2.1475801704203263,
                "publicTransport": 1.3267978019462674,
                "bicycle": 0.8847244356817113,
                "walk": 0.34851878615376897
            },
            "61045": {
                "car": 11.789355850793097,
                "publicTransport": 5.973650580179017
            },
            "61008": {
                "car": 4.061310504340934,
                "publicTransport": 1.9875403044213904
            },
            "61050": {
                "car": 7.420424998271452,
                "publicTransport": 3.9116139148900917,
                "bicycle": 1.7206341552148525
            },
            "61049": {
                "car": 5.116189425985815,
                "publicTransport": 2.5823025423941317
            },
            "61058": {
                "car": 10.299825280548356,
                "publicTransport": 5.081831470771853
            },
            "62347": {
                "car": 1.2251884620770976,
                "publicTransport": 0.5860117041639819
            }
        }
    },
    "Trips_per_group": {
        "work": {
            "60101": {
                "car": {
                    "popGroup2": 216.8447971377277,
                    "popGroup4": 0.0,
                    "popGroup6": 0.0,
                    "popGroup10": 222.61192534414846,
                    "popGroup12": 0.0,
                    "popGroup14": 0.0
                },
                "publicTransport": {
                    "popGroup0": 0.0,
                    "popGroup1": 0.0,
                    "popGroup2": 7.5615654534967245,
                    "popGroup3": 49.25981660343235,
                    "popGroup4": 0.0,
                    "popGroup5": 0.0,
                    "popGroup6": 0.0,
                    "popGroup7": 0.0,
                    "popGroup8": 0.0,
                    "popGroup9": 0.0,
                    "popGroup10": 7.762264237581885,
                    "popGroup11": 48.81693232787433,
                    "popGroup12": 0.0,
                    "popGroup13": 0.0,
                    "popGroup14": 0.0,
                    "popGroup15": 0.0
                }
            },
            "60669": {
                "car": {
                    "popGroup2": 9.338919594334506,
                    "popGroup4": 0.0,
                    "popGroup6": 0.0,
                    "popGroup10": 9.587440785866736,
                    "popGroup12": 0.0,
                    "popGroup14": 0.0
                },
                "publicTransport": {
                    "popGroup0": 0.0,
                    "popGroup1": 0.0,
                    "popGroup2": 0.3438575416088091,
                    "popGroup3": 2.247155608589018,
                    "popGroup4": 0.0,
                    "popGroup5": 0.0,
                    "popGroup6": 0.0,
                    "popGroup7": 0.0,
                    "popGroup8": 0.0,
                    "popGroup9": 0.0,
                    "popGroup10": 0.35299189156607325,
                    "popGroup11": 2.227021611703491,
                    "popGroup12": 0.0,
                    "popGroup13": 0.0,
                    "popGroup14": 0.0,
                    "popGroup15": 0.0
                }
            },
            "60608": {
                "car": {
                    "popGroup2": 4.510912487707844,
                    "popGroup4": 0.0,
                    "popGroup6": 0.0,
                    "popGroup10": 4.631027121302907,
                    "popGroup12": 0.0,
                    "popGroup14": 0.0
                },
                "publicTransport": {
                    "popGroup0": 0.0,
                    "popGroup1": 0.0,
                    "popGroup2": 0.15945439446108625,
                    "popGroup3": 1.0401827308737928,
                    "popGroup4": 0.0,
                    "popGroup5": 0.0,
                    "popGroup6": 0.0,
                    "popGroup7": 0.0,
                    "popGroup8": 0.0,
                    "popGroup9": 0.0,
                    "popGroup10": 0.1636969982807231,
                    "popGroup11": 1.030918007303561,
                    "popGroup12": 0.0,
                    "popGroup13": 0.0,
                    "popGroup14": 0.0,
                    "popGroup15": 0.0
                }
            },
            "60611": {
                "car": {
                    "popGroup2": 2.521919775276221,
                    "popGroup4": 0.0,
                    "popGroup6": 0.0,
                    "popGroup10": 2.589052557265651,
                    "popGroup12": 0.0,
                    "popGroup14": 0.0
                },
                "publicTransport": {
                    "popGroup0": 0.0,
                    "popGroup1": 0.0,
                    "popGroup2": 0.13848935979069774,
                    "popGroup3": 0.9081434393286225,
                    "popGroup4": 0.0,
                    "popGroup5": 0.0,
                    "popGroup6": 0.0,
                    "popGroup7": 0.0,
                    "popGroup8": 0.0,
                    "popGroup9": 0.0,
                    "popGroup10": 0.14215486298166238,
                    "popGroup11": 0.899904398426715,
                    "popGroup12": 0.0,
                    "popGroup13": 0.0,
                    "popGroup14": 0.0,
                    "popGroup15": 0.0
                }
            },
            "60670": {
                "car": {
                    "popGroup2": 7.748263393488157,
                    "popGroup4": 0.0,
                    "popGroup6": 0.0,
                    "popGroup10": 7.954513246357033,
                    "popGroup12": 0.0,
                    "popGroup14": 0.0
                },
                "publicTransport": {
                    "popGroup0": 0.0,
                    "popGroup1": 0.0,
                    "popGroup2": 0.38733917160764003,
                    "popGroup3": 2.5397224853654943,
                    "popGroup4": 0.0,
                    "popGroup5": 0.0,
                    "popGroup6": 0.0,
                    "popGroup7": 0.0,
                    "popGroup8": 0.0,
                    "popGroup9": 0.0,
                    "popGroup10": 0.3976096780297581,
                    "popGroup11": 2.5168323454827375,
                    "popGroup12": 0.0,
                    "popGroup13": 0.0,
                    "popGroup14": 0.0,
                    "popGroup15": 0.0
                }
            },
            "60662": {
                "car": {
                    "popGroup2": 2.1144753877812863,
                    "popGroup4": 0.0,
                    "popGroup6": 0.0,
                    "popGroup10": 2.170830336285949,
                    "popGroup12": 0.0,
                    "popGroup14": 0.0
                },
                "publicTransport": {
                    "popGroup0": 0.0,
                    "popGroup1": 0.0,
                    "popGroup2": 0.11491767363503448,
                    "popGroup3": 0.7537099516509155,
                    "popGroup4": 0.0,
                    "popGroup5": 0.0,
                    "popGroup6": 0.0,
                    "popGroup7": 0.0,
                    "popGroup8": 0.0,
                    "popGroup9": 0.0,
                    "popGroup10": 0.11796964719877653,
                    "popGroup11": 0.7469574287356823,
                    "popGroup12": 0.0,
                    "popGroup13": 0.0,
                    "popGroup14": 0.0,
                    "popGroup15": 0.0
                }
            },
            "60656": {
                "car": {
                    "popGroup2": 2.365337997007981,
                    "popGroup4": 0.0,
                    "popGroup6": 0.0,
                    "popGroup10": 2.4284748562099208,
                    "popGroup12": 0.0,
                    "popGroup14": 0.0
                },
                "publicTransport": {
                    "popGroup0": 0.0,
                    "popGroup1": 0.0,
                    "popGroup2": 0.08967834144408365,
                    "popGroup3": 0.5880201709973631,
                    "popGroup4": 0.0,
                    "popGroup5": 0.0,
                    "popGroup6": 0.0,
                    "popGroup7": 0.0,
                    "popGroup8": 0.0,
                    "popGroup9": 0.0,
                    "popGroup10": 0.09206432390671385,
                    "popGroup11": 0.5827872392558286,
                    "popGroup12": 0.0,
                    "popGroup13": 0.0,
                    "popGroup14": 0.0,
                    "popGroup15": 0.0
                }
            },
            "60655": {
                "car": {
                    "popGroup2": 3.3610926255135265,
                    "popGroup4": 0.0,
                    "popGroup6": 0.0,
                    "popGroup10": 3.450740348150897,
                    "popGroup12": 0.0,
                    "popGroup14": 0.0
                },
                "publicTransport": {
                    "popGroup0": 0.0,
                    "popGroup1": 0.0,
                    "popGroup2": 0.14612363327813147,
                    "popGroup3": 0.9580632269610997,
                    "popGroup4": 0.0,
                    "popGroup5": 0.0,
                    "popGroup6": 0.0,
                    "popGroup7": 0.0,
                    "popGroup8": 0.0,
                    "popGroup9": 0.0,
                    "popGroup10": 0.15001698307569064,
                    "popGroup11": 0.9495831305837479,
                    "popGroup12": 0.0,
                    "popGroup13": 0.0,
                    "popGroup14": 0.0,
                    "popGroup15": 0.0
                }
            },
            "60624": {
                "car": {
                    "popGroup2": 7.277219828604432,
                    "popGroup4": 0.0,
                    "popGroup6": 0.0,
                    "popGroup10": 7.471171628954478,
                    "popGroup12": 0.0,
                    "popGroup14": 0.0
                },
                "publicTransport": {
                    "popGroup0": 0.0,
                    "popGroup1": 0.0,
                    "popGroup2": 0.32975943740124364,
                    "popGroup3": 2.16201300271318,
                    "popGroup4": 0.0,
                    "popGroup5": 0.0,
                    "popGroup6": 0.0,
                    "popGroup7": 0.0,
                    "popGroup8": 0.0,
                    "popGroup9": 0.0,
                    "popGroup10": 0.3385299410699568,
                    "popGroup11": 2.1427467455904283,
                    "popGroup12": 0.0,
                    "popGroup13": 0.0,
                    "popGroup14": 0.0,
                    "popGroup15": 0.0
                }
            },
            "60660": {
                "car": {
                    "popGroup2": 2.4679949750657055,
                    "popGroup4": 0.0,
                    "popGroup6": 0.0,
                    "popGroup10": 2.533818090822178,
                    "popGroup12": 0.0,
                    "popGroup14": 0.0
                },
                "publicTransport": {
                    "popGroup0": 0.0,
                    "popGroup1": 0.0,
                    "popGroup2": 0.09682669813130695,
                    "popGroup3": 0.6348985012668309,
                    "popGroup4": 0.0,
                    "popGroup5": 0.0,
                    "popGroup6": 0.0,
                    "popGroup7": 0.0,
                    "popGroup8": 0.0,
                    "popGroup9": 0.0,
                    "popGroup10": 0.09939743656027977,
                    "popGroup11": 0.6292036457321208,
                    "popGroup12": 0.0,
                    "popGroup13": 0.0,
                    "popGroup14": 0.0,
                    "popGroup15": 0.0
                }
            },
            "60629": {
                "car": {
                    "popGroup2": 3.58074495034389,
                    "popGroup4": 0.0,
                    "popGroup6": 0.0,
                    "popGroup10": 3.676114323550162,
                    "popGroup12": 0.0,
                    "popGroup14": 0.0
                },
                "publicTransport": {
                    "popGroup0": 0.0,
                    "popGroup1": 0.0,
                    "popGroup2": 0.14698464688768198,
                    "popGroup3": 0.9636661337909442,
                    "popGroup4": 0.0,
                    "popGroup5": 0.0,
                    "popGroup6": 0.0,
                    "popGroup7": 0.0,
                    "popGroup8": 0.0,
                    "popGroup9": 0.0,
                    "popGroup10": 0.15087024371156418,
                    "popGroup11": 0.9548837069116357,
                    "popGroup12": 0.0,
                    "popGroup13": 0.0,
                    "popGroup14": 0.0,
                    "popGroup15": 0.0
                }
            },
            "60618": {
                "car": {
                    "popGroup2": 0.6847506518400202,
                    "popGroup4": 0.0,
                    "popGroup6": 0.0,
                    "popGroup10": 0.7029532004818903,
                    "popGroup12": 0.0,
                    "popGroup14": 0.0
                },
                "publicTransport": {
                    "popGroup0": 0.0,
                    "popGroup1": 0.0,
                    "popGroup2": 0.035381079839440874,
                    "popGroup3": 0.23195170190838135,
                    "popGroup4": 0.0,
                    "popGroup5": 0.0,
                    "popGroup6": 0.0,
                    "popGroup7": 0.0,
                    "popGroup8": 0.0,
                    "popGroup9": 0.0,
                    "popGroup10": 0.036315016788255196,
                    "popGroup11": 0.22982646888887098,
                    "popGroup12": 0.0,
                    "popGroup13": 0.0,
                    "popGroup14": 0.0,
                    "popGroup15": 0.0
                }
            },
            "61059": {
                "car": {
                    "popGroup2": 3.9734604940755314,
                    "popGroup4": 0.0,
                    "popGroup6": 0.0,
                    "popGroup10": 4.079585956980515,
                    "popGroup12": 0.0,
                    "popGroup14": 0.0
                },
                "publicTransport": {
                    "popGroup0": 0.0,
                    "popGroup1": 0.0,
                    "popGroup2": 0.19848069306970478,
                    "popGroup3": 1.3020268099106802,
                    "popGroup4": 0.0,
                    "popGroup5": 0.0,
                    "popGroup6": 0.0,
                    "popGroup7": 0.0,
                    "popGroup8": 0.0,
                    "popGroup9": 0.0,
                    "popGroup10": 0.2037773768054219,
                    "popGroup11": 1.290571826844691,
                    "popGroup12": 0.0,
                    "popGroup13": 0.0,
                    "popGroup14": 0.0,
                    "popGroup15": 0.0
                }
            },
            "61001": {
                "car": {
                    "popGroup2": 0.7710653111276188,
                    "popGroup4": 0.0,
                    "popGroup6": 0.0,
                    "popGroup10": 0.7916503137990708,
                    "popGroup12": 0.0,
                    "popGroup14": 0.0
                },
                "publicTransport": {
                    "popGroup0": 0.0,
                    "popGroup1": 0.0,
                    "popGroup2": 0.03880995003442019,
                    "popGroup3": 0.25458799264067233,
                    "popGroup4": 0.0,
                    "popGroup5": 0.0,
                    "popGroup6": 0.0,
                    "popGroup7": 0.0,
                    "popGroup8": 0.0,
                    "popGroup9": 0.0,
                    "popGroup10": 0.039844839759790966,
                    "popGroup11": 0.2523415866108708,
                    "popGroup12": 0.0,
                    "popGroup13": 0.0,
                    "popGroup14": 0.0,
                    "popGroup15": 0.0
                }
            },
            "61055": {
                "car": {
                    "popGroup2": 0.9682927569020903,
                    "popGroup4": 0.0,
                    "popGroup6": 0.0,
                    "popGroup10": 0.9941388136336144,
                    "popGroup12": 0.0,
                    "popGroup14": 0.0
                },
                "publicTransport": {
                    "popGroup0": 0.0,
                    "popGroup1": 0.0,
                    "popGroup2": 0.061418241866416756,
                    "popGroup3": 0.4028226488445228,
                    "popGroup4": 0.0,
                    "popGroup5": 0.0,
                    "popGroup6": 0.0,
                    "popGroup7": 0.0,
                    "popGroup8": 0.0,
                    "popGroup9": 0.0,
                    "popGroup10": 0.06305326983557767,
                    "popGroup11": 0.39924561989347734,
                    "popGroup12": 0.0,
                    "popGroup13": 0.0,
                    "popGroup14": 0.0,
                    "popGroup15": 0.0
                }
            },
            "61021": {
                "car": {
                    "popGroup2": 4.837304122920289,
                    "popGroup4": 0.0,
                    "popGroup6": 0.0,
                    "popGroup10": 4.966599644540858,
                    "popGroup12": 0.0,
                    "popGroup14": 0.0
                },
                "publicTransport": {
                    "popGroup0": 0.0,
                    "popGroup1": 0.0,
                    "popGroup2": 0.33308679778041617,
                    "popGroup3": 2.1850257737581167,
                    "popGroup4": 0.0,
                    "popGroup5": 0.0,
                    "popGroup6": 0.0,
                    "popGroup7": 0.0,
                    "popGroup8": 0.0,
                    "popGroup9": 0.0,
                    "popGroup10": 0.34197467327754644,
                    "popGroup11": 2.1657936287484683,
                    "popGroup12": 0.0,
                    "popGroup13": 0.0,
                    "popGroup14": 0.0,
                    "popGroup15": 0.0
                }
            },
            "61017": {
                "car": {
                    "popGroup2": 0.6982163071958224,
                    "popGroup4": 0.0,
                    "popGroup6": 0.0,
                    "popGroup10": 0.7168533449606374,
                    "popGroup12": 0.0,
                    "popGroup14": 0.0
                },
                "publicTransport": {
                    "popGroup0": 0.0,
                    "popGroup1": 0.0,
                    "popGroup2": 0.04679753816088507,
                    "popGroup3": 0.3069293270583623,
                    "popGroup4": 0.0,
                    "popGroup5": 0.0,
                    "popGroup6": 0.0,
                    "popGroup7": 0.0,
                    "popGroup8": 0.0,
                    "popGroup9": 0.0,
                    "popGroup10": 0.04804284127273952,
                    "popGroup11": 0.3041996532180808,
                    "popGroup12": 0.0,
                    "popGroup13": 0.0,
                    "popGroup14": 0.0,
                    "popGroup15": 0.0
                }
            },
            "61020": {
                "car": {
                    "popGroup2": 1.4403158479057474,
                    "popGroup4": 0.0,
                    "popGroup6": 0.0,
                    "popGroup10": 1.4788288725118108,
                    "popGroup12": 0.0,
                    "popGroup14": 0.0
                },
                "publicTransport": {
                    "popGroup0": 0.0,
                    "popGroup1": 0.0,
                    "popGroup2": 0.09796894862067983,
                    "popGroup3": 0.6427227656297386,
                    "popGroup4": 0.0,
                    "popGroup5": 0.0,
                    "popGroup6": 0.0,
                    "popGroup7": 0.0,
                    "popGroup8": 0.0,
                    "popGroup9": 0.0,
                    "popGroup10": 0.10058521381997973,
                    "popGroup11": 0.6370831348368876,
                    "popGroup12": 0.0,
                    "popGroup13": 0.0,
                    "popGroup14": 0.0,
                    "popGroup15": 0.0
                }
            },
            "61012": {
                "car": {
                    "popGroup2": 2.9934908891942915,
                    "popGroup4": 0.0,
                    "popGroup6": 0.0,
                    "popGroup10": 3.073534514490885,
                    "popGroup12": 0.0,
                    "popGroup14": 0.0
                },
                "publicTransport": {
                    "popGroup0": 0.0,
                    "popGroup1": 0.0,
                    "popGroup2": 0.20076724334539234,
                    "popGroup3": 1.3171020138225131,
                    "popGroup4": 0.0,
                    "popGroup5": 0.0,
                    "popGroup6": 0.0,
                    "popGroup7": 0.0,
                    "popGroup8": 0.0,
                    "popGroup9": 0.0,
                    "popGroup10": 0.20612900864183173,
                    "popGroup11": 1.3055472665950085,
                    "popGroup12": 0.0,
                    "popGroup13": 0.0,
                    "popGroup14": 0.0,
                    "popGroup15": 0.0
                }
            },
            "61043": {
                "car": {
                    "popGroup2": 3.4112838544142603,
                    "popGroup4": 0.0,
                    "popGroup6": 0.0,
                    "popGroup10": 3.5025805280341853,
                    "popGroup12": 0.0,
                    "popGroup14": 0.0
                },
                "publicTransport": {
                    "popGroup0": 0.0,
                    "popGroup1": 0.0,
                    "popGroup2": 0.23797890981400305,
                    "popGroup3": 1.5614479229898675,
                    "popGroup4": 0.0,
                    "popGroup5": 0.0,
                    "popGroup6": 0.0,
                    "popGroup7": 0.0,
                    "popGroup8": 0.0,
                    "popGroup9": 0.0,
                    "popGroup10": 0.2443433820740323,
                    "popGroup11": 1.5478230195372409,
                    "popGroup12": 0.0,
                    "popGroup13": 0.0,
                    "popGroup14": 0.0,
                    "popGroup15": 0.0
                },
                "bicycle": {
                    "popGroup0": 0.0,
                    "popGroup1": 0.0,
                    "popGroup2": 0.1354134720968535,
                    "popGroup3": 0.8880214508862196,
                    "popGroup4": 0.0,
                    "popGroup5": 0.0,
                    "popGroup6": 0.0,
                    "popGroup7": 0.0,
                    "popGroup8": 0.0,
                    "popGroup9": 0.0,
                    "popGroup10": 0.13900709437673733,
                    "popGroup11": 0.8800438209962934,
                    "popGroup12": 0.0,
                    "popGroup13": 0.0,
                    "popGroup14": 0.0,
                    "popGroup15": 0.0
                }
            },
            "61053": {
                "car": {
                    "popGroup2": 25.625443579481487,
                    "popGroup4": 0.0,
                    "popGroup6": 0.0,
                    "popGroup10": 26.3110931600691,
                    "popGroup12": 0.0,
                    "popGroup14": 0.0
                },
                "publicTransport": {
                    "popGroup0": 0.0,
                    "popGroup1": 0.0,
                    "popGroup2": 1.799060337293604,
                    "popGroup3": 11.804065622482499,
                    "popGroup4": 0.0,
                    "popGroup5": 0.0,
                    "popGroup6": 0.0,
                    "popGroup7": 0.0,
                    "popGroup8": 0.0,
                    "popGroup9": 0.0,
                    "popGroup10": 1.8471540524883983,
                    "popGroup11": 11.700899439904482,
                    "popGroup12": 0.0,
                    "popGroup13": 0.0,
                    "popGroup14": 0.0,
                    "popGroup15": 0.0
                },
                "bicycle": {
                    "popGroup0": 0.0,
                    "popGroup1": 0.0,
                    "popGroup2": 0.9362693473426368,
                    "popGroup3": 6.139217504661262,
                    "popGroup4": 0.0,
                    "popGroup5": 0.0,
                    "popGroup6": 0.0,
                    "popGroup7": 0.0,
                    "popGroup8": 0.0,
                    "popGroup9": 0.0,
                    "popGroup10": 0.9610692427031782,
                    "popGroup11": 6.083678531735362,
                    "popGroup12": 0.0,
                    "popGroup13": 0.0,
                    "popGroup14": 0.0,
                    "popGroup15": 0.0
                }
            },
            "61027": {
                "car": {
                    "popGroup2": 1.354051363418606,
                    "popGroup4": 0.0,
                    "popGroup6": 0.0,
                    "popGroup10": 1.3902256626415657,
                    "popGroup12": 0.0,
                    "popGroup14": 0.0
                },
                "publicTransport": {
                    "popGroup0": 0.0,
                    "popGroup1": 0.0,
                    "popGroup2": 0.08857817426092712,
                    "popGroup3": 0.5810323991125323,
                    "popGroup4": 0.0,
                    "popGroup5": 0.0,
                    "popGroup6": 0.0,
                    "popGroup7": 0.0,
                    "popGroup8": 0.0,
                    "popGroup9": 0.0,
                    "popGroup10": 0.09094009579490533,
                    "popGroup11": 0.5759047314066981,
                    "popGroup12": 0.0,
                    "popGroup13": 0.0,
                    "popGroup14": 0.0,
                    "popGroup15": 0.0
                }
            },
            "61016": {
                "car": {
                    "popGroup2": 1.0596038432712103,
                    "popGroup4": 0.0,
                    "popGroup6": 0.0,
                    "popGroup10": 1.0879763271491163,
                    "popGroup12": 0.0,
                    "popGroup14": 0.0
                },
                "publicTransport": {
                    "popGroup0": 0.0,
                    "popGroup1": 0.0,
                    "popGroup2": 0.08791659445628397,
                    "popGroup3": 0.576820693539519,
                    "popGroup4": 0.0,
                    "popGroup5": 0.0,
                    "popGroup6": 0.0,
                    "popGroup7": 0.0,
                    "popGroup8": 0.0,
                    "popGroup9": 0.0,
                    "popGroup10": 0.0902683522739419,
                    "popGroup11": 0.5717921616765225,
                    "popGroup12": 0.0,
                    "popGroup13": 0.0,
                    "popGroup14": 0.0,
                    "popGroup15": 0.0
                },
                "bicycle": {
                    "popGroup0": 0.0,
                    "popGroup1": 0.0,
                    "popGroup2": 0.058655783768378,
                    "popGroup3": 0.38465592380356456,
                    "popGroup4": 0.0,
                    "popGroup5": 0.0,
                    "popGroup6": 0.0,
                    "popGroup7": 0.0,
                    "popGroup8": 0.0,
                    "popGroup9": 0.0,
                    "popGroup10": 0.060212399429509025,
                    "popGroup11": 0.38120032868025977,
                    "popGroup12": 0.0,
                    "popGroup13": 0.0,
                    "popGroup14": 0.0,
                    "popGroup15": 0.0
                },
                "walk": {
                    "popGroup0": 0.0,
                    "popGroup1": 0.0,
                    "popGroup2": 0.023133200202884487,
                    "popGroup3": 0.15154832229412027,
                    "popGroup4": 0.0,
                    "popGroup5": 0.0,
                    "popGroup6": 0.0,
                    "popGroup7": 0.0,
                    "popGroup8": 0.0,
                    "popGroup9": 0.0,
                    "popGroup10": 0.02373662881130712,
                    "popGroup11": 0.15010063484545713,
                    "popGroup12": 0.0,
                    "popGroup13": 0.0,
                    "popGroup14": 0.0,
                    "popGroup15": 0.0
                }
            },
            "61045": {
                "car": {
                    "popGroup2": 5.816903892183447,
                    "popGroup4": 0.0,
                    "popGroup6": 0.0,
                    "popGroup10": 5.972451958609651,
                    "popGroup12": 0.0,
                    "popGroup14": 0.0
                },
                "publicTransport": {
                    "popGroup0": 0.0,
                    "popGroup1": 0.0,
                    "popGroup2": 0.3958741889230195,
                    "popGroup3": 2.597055526725601,
                    "popGroup4": 0.0,
                    "popGroup5": 0.0,
                    "popGroup6": 0.0,
                    "popGroup7": 0.0,
                    "popGroup8": 0.0,
                    "popGroup9": 0.0,
                    "popGroup10": 0.40644680248654136,
                    "popGroup11": 2.5742740620438544,
                    "popGroup12": 0.0,
                    "popGroup13": 0.0,
                    "popGroup14": 0.0,
                    "popGroup15": 0.0
                }
            },
            "61008": {
                "car": {
                    "popGroup2": 2.003880469539167,
                    "popGroup4": 0.0,
                    "popGroup6": 0.0,
                    "popGroup10": 2.0574300348017673,
                    "popGroup12": 0.0,
                    "popGroup14": 0.0
                },
                "publicTransport": {
                    "popGroup0": 0.0,
                    "popGroup1": 0.0,
                    "popGroup2": 0.13172688531961477,
                    "popGroup3": 0.8640919099647755,
                    "popGroup4": 0.0,
                    "popGroup5": 0.0,
                    "popGroup6": 0.0,
                    "popGroup7": 0.0,
                    "popGroup8": 0.0,
                    "popGroup9": 0.0,
                    "popGroup10": 0.13524108027509185,
                    "popGroup11": 0.8564804288619082,
                    "popGroup12": 0.0,
                    "popGroup13": 0.0,
                    "popGroup14": 0.0,
                    "popGroup15": 0.0
                }
            },
            "61050": {
                "car": {
                    "popGroup2": 3.661253345288768,
                    "popGroup4": 0.0,
                    "popGroup6": 0.0,
                    "popGroup10": 3.759171652982684,
                    "popGroup12": 0.0,
                    "popGroup14": 0.0
                },
                "publicTransport": {
                    "popGroup0": 0.0,
                    "popGroup1": 0.0,
                    "popGroup2": 0.25920426749542713,
                    "popGroup3": 1.7005959887145146,
                    "popGroup4": 0.0,
                    "popGroup5": 0.0,
                    "popGroup6": 0.0,
                    "popGroup7": 0.0,
                    "popGroup8": 0.0,
                    "popGroup9": 0.0,
                    "popGroup10": 0.2661277831988778,
                    "popGroup11": 1.6856858754812725,
                    "popGroup12": 0.0,
                    "popGroup13": 0.0,
                    "popGroup14": 0.0,
                    "popGroup15": 0.0
                },
                "bicycle": {
                    "popGroup0": 0.0,
                    "popGroup1": 0.0,
                    "popGroup2": 0.11412162907672248,
                    "popGroup3": 0.7481248035991149,
                    "popGroup4": 0.0,
                    "popGroup5": 0.0,
                    "popGroup6": 0.0,
                    "popGroup7": 0.0,
                    "popGroup8": 0.0,
                    "popGroup9": 0.0,
                    "popGroup10": 0.11713217928331053,
                    "popGroup11": 0.7412555432557044,
                    "popGroup12": 0.0,
                    "popGroup13": 0.0,
                    "popGroup14": 0.0,
                    "popGroup15": 0.0
                }
            },
            "61049": {
                "car": {
                    "popGroup2": 2.524352996768861,
                    "popGroup4": 0.0,
                    "popGroup6": 0.0,
                    "popGroup10": 2.591836429216954,
                    "popGroup12": 0.0,
                    "popGroup14": 0.0
                },
                "publicTransport": {
                    "popGroup0": 0.0,
                    "popGroup1": 0.0,
                    "popGroup2": 0.17113249913492548,
                    "popGroup3": 1.1226680287855737,
                    "popGroup4": 0.0,
                    "popGroup5": 0.0,
                    "popGroup6": 0.0,
                    "popGroup7": 0.0,
                    "popGroup8": 0.0,
                    "popGroup9": 0.0,
                    "popGroup10": 0.17570068835207922,
                    "popGroup11": 1.1128013261215532,
                    "popGroup12": 0.0,
                    "popGroup13": 0.0,
                    "popGroup14": 0.0,
                    "popGroup15": 0.0
                }
            },
            "61058": {
                "car": {
                    "popGroup2": 5.082057914854137,
                    "popGroup4": 0.0,
                    "popGroup6": 0.0,
                    "popGroup10": 5.217767365694219,
                    "popGroup12": 0.0,
                    "popGroup14": 0.0
                },
                "publicTransport": {
                    "popGroup0": 0.0,
                    "popGroup1": 0.0,
                    "popGroup2": 0.3368394717949889,
                    "popGroup3": 2.209376084705893,
                    "popGroup4": 0.0,
                    "popGroup5": 0.0,
                    "popGroup6": 0.0,
                    "popGroup7": 0.0,
                    "popGroup8": 0.0,
                    "popGroup9": 0.0,
                    "popGroup10": 0.34581221953923325,
                    "popGroup11": 2.1898036947317374,
                    "popGroup12": 0.0,
                    "popGroup13": 0.0,
                    "popGroup14": 0.0,
                    "popGroup15": 0.0
                }
            },
            "62347": {
                "car": {
                    "popGroup2": 0.6045295332115751,
                    "popGroup4": 0.0,
                    "popGroup6": 0.0,
                    "popGroup10": 0.6206589288655225,
                    "popGroup12": 0.0,
                    "popGroup14": 0.0
                },
                "publicTransport": {
                    "popGroup0": 0.0,
                    "popGroup1": 0.0,
                    "popGroup2": 0.03884845940216908,
                    "popGroup3": 0.2547767086070365,
                    "popGroup4": 0.0,
                    "popGroup5": 0.0,
                    "popGroup6": 0.0,
                    "popGroup7": 0.0,
                    "popGroup8": 0.0,
                    "popGroup9": 0.0,
                    "popGroup10": 0.03988152491468105,
                    "popGroup11": 0.25250501124009517,
                    "popGroup12": 0.0,
                    "popGroup13": 0.0,
                    "popGroup14": 0.0,
                    "popGroup15": 0.0
                }
            }
        }
    }
}