{
    "Sum_Trips_per_Mode": {
        "work": {
            "60101": {
                "car": 61652.196794328614,
                "publicTransport": 19916.232408853964,
                "bicycle": 13283.78029771362,
                "walk": 5235.737735937788
            },
            "60669": {
                "car": 2689.9616487636104,
                "publicTransport": 273.8374552205896,
                "bicycle": 493.1420545251558
            },
            "60608": {
                "car": 1006.2028975282155,
                "publicTransport": 280.9808136071532,
                "bicycle": 239.34772817401347
            },
            "60611": {
                "car": 637.761779852257,
                "publicTransport": 184.4379664644094,
                "bicycle": 94.81087747412806
            },
            "60670": {
                "car": 1849.50034798675,
                "publicTransport": 189.74762953720148
            },
            "60662": {
                "car": 376.3460720053895,
                "publicTransport": 93.01398949693754
            },
            "60656": {
                "car": 318.98377046146607,
                "publicTransport": 91.22589770761516
            },
            "60655": {
                "car": 497.20709445372654,
                "publicTransport": 143.27496853634378
            },
            "60624": {
                "car": 1382.4803227245798,
                "publicTransport": 380.48250547848716
            },
            "60660": {
                "car": 380.3268815635307,
                "publicTransport": 39.888290756876955
            },
            "60629": {
                "car": 763.7017488803446,
                "publicTransport": 76.55630680538144
            },
            "60618": {
                "car": 202.46149637436343,
                "publicTransport": 20.670242578275605
            },
            "61059": {
                "car": 399.7181265026945,
                "publicTransport": 119.0178661659656
            },
            "61001": {
                "car": 84.71982905409479,
                "publicTransport": 22.36223715560726
            },
            "61055": {
                "car": 85.337137459634,
                "publicTransport": 23.63533956870535
            },
            "61021": {
                "car": 359.9895109377845,
                "publicTransport": 111.77980193910261
            },
            "61017": {
                "car": 58.230376218035985,
                "publicTransport": 17.446932586564444
            },
            "61020": {
                "car": 87.76534325881772,
                "publicTransport": 26.715420971899935
            },
            "61012": {
                "car": 175.84687359996462,
                "publicTransport": 53.713341573094624
            },
            "61043": {
                "car": 173.3693374371169,
                "publicTransport": 53.533102750446545
            },
            "61053": {
                "car": 1287.8297402309888,
                "publicTransport": 402.908222149641
            },
            "61027": {
                "car": 87.41409065803211,
                "publicTransport": 27.01322812268881
            },
            "61016": {
                "car": 54.19120609950569,
                "publicTransport": 17.762126553336536
            },
            "61045": {
                "car": 298.1721754290379,
                "publicTransport": 90.08310539998274
            },
            "61008": {
                "car": 101.48342608257657,
                "publicTransport": 29.52792572170104
            },
            "61050": {
                "car": 164.09358063922343,
                "publicTransport": 44.13095599217859
            },
            "61049": {
                "car": 126.63567973620857,
                "publicTransport": 36.337501572318544
            },
            "61058": {
                "car": 245.04517882637734,
                "publicTransport": 74.45712759529762
            },
            "62347": {
                "car": 28.858738596090834,
                "publicTransport": 8.48132005053076
            }
        }
    },
    "Trips_per_group": {
        "work": {
            "60101": {
                "car": {
                    "popGroup2": 30252.595379593815,
                    "popGroup4": 0.0,
                    "popGroup6": 0.0,
                    "popGroup10": 31399.601414734796,
                    "popGroup12": 0.0,
                    "popGroup14": 0.0
                },
                "publicTransport": {
                    "popGroup0": 0.0,
                    "popGroup1": 0.0,
                    "popGroup2": 2510.0052616382973,
                    "popGroup3": 7293.186258099467,
                    "popGroup4": 0.0,
                    "popGroup5": 0.0,
                    "popGroup6": 0.0,
                    "popGroup7": 0.0,
                    "popGroup8": 0.0,
                    "popGroup9": 0.0,
                    "popGroup10": 2605.168894655926,
                    "popGroup11": 7507.871994460275,
                    "popGroup12": 0.0,
                    "popGroup13": 0.0,
                    "popGroup14": 0.0,
                    "popGroup15": 0.0
                },
                "bicycle": {
                    "popGroup0": 0.0,
                    "popGroup1": 0.0,
                    "popGroup2": 1674.1433176556934,
                    "popGroup3": 4864.478679225011,
                    "popGroup4": 0.0,
                    "popGroup5": 0.0,
                    "popGroup6": 0.0,
                    "popGroup7": 0.0,
                    "popGroup8": 0.0,
                    "popGroup9": 0.0,
                    "popGroup10": 1737.6085489693369,
                    "popGroup11": 5007.549751863579,
                    "popGroup12": 0.0,
                    "popGroup13": 0.0,
                    "popGroup14": 0.0,
                    "popGroup15": 0.0
                },
                "walk": {
                    "popGroup0": 0.0,
                    "popGroup1": 0.0,
                    "popGroup2": 659.8668845295075,
                    "popGroup3": 1917.35327569098,
                    "popGroup4": 0.0,
                    "popGroup5": 0.0,
                    "popGroup6": 0.0,
                    "popGroup7": 0.0,
                    "popGroup8": 0.0,
                    "popGroup9": 0.0,
                    "popGroup10": 684.8752759723882,
                    "popGroup11": 1973.6422997449124,
                    "popGroup12": 0.0,
                    "popGroup13": 0.0,
                    "popGroup14": 0.0,
                    "popGroup15": 0.0
                }
            },
            "60669": {
                "car": {
                    "popGroup2": 1319.9579952003226,
                    "popGroup4": 0.0,
                    "popGroup6": 0.0,
                    "popGroup10": 1370.003653563288,
                    "popGroup12": 0.0,
                    "popGroup14": 0.0
                },
                "publicTransport": {
                    "popGroup0": 0.0,
                    "popGroup1": 0.0,
                    "popGroup2": 35.70063636402807,
                    "popGroup3": 99.0825549030297,
                    "popGroup4": 0.0,
                    "popGroup5": 0.0,
                    "popGroup6": 0.0,
                    "popGroup7": 0.0,
                    "popGroup8": 0.0,
                    "popGroup9": 0.0,
                    "popGroup10": 37.05401205449446,
                    "popGroup11": 102.00025189903738,
                    "popGroup12": 0.0,
                    "popGroup13": 0.0,
                    "popGroup14": 0.0,
                    "popGroup15": 0.0
                },
                "bicycle": {
                    "popGroup0": 0.0,
                    "popGroup1": 0.0,
                    "popGroup2": 62.150265717687944,
                    "popGroup3": 180.58707358173697,
                    "popGroup4": 0.0,
                    "popGroup5": 0.0,
                    "popGroup6": 0.0,
                    "popGroup7": 0.0,
                    "popGroup8": 0.0,
                    "popGroup9": 0.0,
                    "popGroup10": 64.50632505166465,
                    "popGroup11": 185.8983901740662,
                    "popGroup12": 0.0,
                    "popGroup13": 0.0,
                    "popGroup14": 0.0,
                    "popGroup15": 0.0
                }
            },
            "60608": {
                "car": {
                    "popGroup2": 493.7414897988755,
                    "popGroup4": 0.0,
                    "popGroup6": 0.0,
                    "popGroup10": 512.4614077293401,
                    "popGroup12": 0.0,
                    "popGroup14": 0.0
                },
                "publicTransport": {
                    "popGroup0": 0.0,
                    "popGroup1": 0.0,
                    "popGroup2": 34.792935409962276,
                    "popGroup3": 103.51409609142394,
                    "popGroup4": 0.0,
                    "popGroup5": 0.0,
                    "popGroup6": 0.0,
                    "popGroup7": 0.0,
                    "popGroup8": 0.0,
                    "popGroup9": 0.0,
                    "popGroup10": 36.11216140765892,
                    "popGroup11": 106.56162069810807,
                    "popGroup12": 0.0,
                    "popGroup13": 0.0,
                    "popGroup14": 0.0,
                    "popGroup15": 0.0
                },
                "bicycle": {
                    "popGroup0": 0.0,
                    "popGroup1": 0.0,
                    "popGroup2": 30.16473256443633,
                    "popGroup3": 87.64818510537832,
                    "popGroup4": 0.0,
                    "popGroup5": 0.0,
                    "popGroup6": 0.0,
                    "popGroup7": 0.0,
                    "popGroup8": 0.0,
                    "popGroup9": 0.0,
                    "popGroup10": 31.30828095152367,
                    "popGroup11": 90.22652955267515,
                    "popGroup12": 0.0,
                    "popGroup13": 0.0,
                    "popGroup14": 0.0,
                    "popGroup15": 0.0
                }
            },
            "60611": {
                "car": {
                    "popGroup2": 312.94834083402463,
                    "popGroup4": 0.0,
                    "popGroup6": 0.0,
                    "popGroup10": 324.8134390182323,
                    "popGroup12": 0.0,
                    "popGroup14": 0.0
                },
                "publicTransport": {
                    "popGroup0": 0.0,
                    "popGroup1": 0.0,
                    "popGroup2": 22.914639188464776,
                    "popGroup3": 67.87112203135385,
                    "popGroup4": 0.0,
                    "popGroup5": 0.0,
                    "popGroup6": 0.0,
                    "popGroup7": 0.0,
                    "popGroup8": 0.0,
                    "popGroup9": 0.0,
                    "popGroup10": 23.783382582587514,
                    "popGroup11": 69.86882266200328,
                    "popGroup12": 0.0,
                    "popGroup13": 0.0,
                    "popGroup14": 0.0,
                    "popGroup15": 0.0
                },
                "bicycle": {
                    "popGroup0": 0.0,
                    "popGroup1": 0.0,
                    "popGroup2": 11.948979581130779,
                    "popGroup3": 34.71962090017842,
                    "popGroup4": 0.0,
                    "popGroup5": 0.0,
                    "popGroup6": 0.0,
                    "popGroup7": 0.0,
                    "popGroup8": 0.0,
                    "popGroup9": 0.0,
                    "popGroup10": 12.401927435994345,
                    "popGroup11": 35.740349556824526,
                    "popGroup12": 0.0,
                    "popGroup13": 0.0,
                    "popGroup14": 0.0,
                    "popGroup15": 0.0
                }
            },
            "60670": {
                "car": {
                    "popGroup2": 907.5458159451556,
                    "popGroup4": 0.0,
                    "popGroup6": 0.0,
                    "popGroup10": 941.9545320415943,
                    "popGroup12": 0.0,
                    "popGroup14": 0.0
                },
                "publicTransport": {
                    "popGroup0": 0.0,
                    "popGroup1": 0.0,
                    "popGroup2": 24.692395999499684,
                    "popGroup3": 68.70203805482481,
                    "popGroup4": 0.0,
                    "popGroup5": 0.0,
                    "popGroup6": 0.0,
                    "popGroup7": 0.0,
                    "popGroup8": 0.0,
                    "popGroup9": 0.0,
                    "popGroup10": 25.628447289435965,
                    "popGroup11": 70.72474819344102,
                    "popGroup12": 0.0,
                    "popGroup13": 0.0,
                    "popGroup14": 0.0,
                    "popGroup15": 0.0
                }
            },
            "60662": {
                "car": {
                    "popGroup2": 184.67228336869812,
                    "popGroup4": 0.0,
                    "popGroup6": 0.0,
                    "popGroup10": 191.67378863669137,
                    "popGroup12": 0.0,
                    "popGroup14": 0.0
                },
                "publicTransport": {
                    "popGroup0": 0.0,
                    "popGroup1": 0.0,
                    "popGroup2": 11.663412611489786,
                    "popGroup3": 34.120328352201724,
                    "popGroup4": 0.0,
                    "popGroup5": 0.0,
                    "popGroup6": 0.0,
                    "popGroup7": 0.0,
                    "popGroup8": 0.0,
                    "popGroup9": 0.0,
                    "popGroup10": 12.105618556438301,
                    "popGroup11": 35.12462997680772,
                    "popGroup12": 0.0,
                    "popGroup13": 0.0,
                    "popGroup14": 0.0,
                    "popGroup15": 0.0
                }
            },
            "60656": {
                "car": {
                    "popGroup2": 156.52467670708566,
                    "popGroup4": 0.0,
                    "popGroup6": 0.0,
                    "popGroup10": 162.4590937543804,
                    "popGroup12": 0.0,
                    "popGroup14": 0.0
                },
                "publicTransport": {
                    "popGroup0": 0.0,
                    "popGroup1": 0.0,
                    "popGroup2": 11.462288768674112,
                    "popGroup3": 33.44126565016254,
                    "popGroup4": 0.0,
                    "popGroup5": 0.0,
                    "popGroup6": 0.0,
                    "popGroup7": 0.0,
                    "popGroup8": 0.0,
                    "popGroup9": 0.0,
                    "popGroup10": 11.896861658601441,
                    "popGroup11": 34.42548163017707,
                    "popGroup12": 0.0,
                    "popGroup13": 0.0,
                    "popGroup14": 0.0,
                    "popGroup15": 0.0
                }
            },
            "60655": {
                "car": {
                    "popGroup2": 243.97849978755744,
                    "popGroup4": 0.0,
                    "popGroup6": 0.0,
                    "popGroup10": 253.2285946661691,
                    "popGroup12": 0.0,
                    "popGroup14": 0.0
                },
                "publicTransport": {
                    "popGroup0": 0.0,
                    "popGroup1": 0.0,
                    "popGroup2": 17.983791217227612,
                    "popGroup3": 52.53958421330515,
                    "popGroup4": 0.0,
                    "popGroup5": 0.0,
                    "popGroup6": 0.0,
                    "popGroup7": 0.0,
                    "popGroup8": 0.0,
                    "popGroup9": 0.0,
                    "popGroup10": 18.665623444354633,
                    "popGroup11": 54.08596966145639,
                    "popGroup12": 0.0,
                    "popGroup13": 0.0,
                    "popGroup14": 0.0,
                    "popGroup15": 0.0
                }
            },
            "60624": {
                "car": {
                    "popGroup2": 678.380111479162,
                    "popGroup4": 0.0,
                    "popGroup6": 0.0,
                    "popGroup10": 704.1002112454178,
                    "popGroup12": 0.0,
                    "popGroup14": 0.0
                },
                "publicTransport": {
                    "popGroup0": 0.0,
                    "popGroup1": 0.0,
                    "popGroup2": 47.53695022657764,
                    "popGroup3": 139.74628490683114,
                    "popGroup4": 0.0,
                    "popGroup5": 0.0,
                    "popGroup6": 0.0,
                    "popGroup7": 0.0,
                    "popGroup8": 0.0,
                    "popGroup9": 0.0,
                    "popGroup10": 49.33931403512598,
                    "popGroup11": 143.85995630995237,
                    "popGroup12": 0.0,
                    "popGroup13": 0.0,
                    "popGroup14": 0.0,
                    "popGroup15": 0.0
                }
            },
            "60660": {
                "car": {
                    "popGroup2": 186.6256551863417,
                    "popGroup4": 0.0,
                    "popGroup6": 0.0,
                    "popGroup10": 193.70122637718904,
                    "popGroup12": 0.0,
                    "popGroup14": 0.0
                },
                "publicTransport": {
                    "popGroup0": 0.0,
                    "popGroup1": 0.0,
                    "popGroup2": 5.176673650926343,
                    "popGroup3": 14.456601026369027,
                    "popGroup4": 0.0,
                    "popGroup5": 0.0,
                    "popGroup6": 0.0,
                    "popGroup7": 0.0,
                    "popGroup8": 0.0,
                    "popGroup9": 0.0,
                    "popGroup10": 5.37290884903094,
                    "popGroup11": 14.882107230550648,
                    "popGroup12": 0.0,
                    "popGroup13": 0.0,
                    "popGroup14": 0.0,
                    "popGroup15": 0.0
                }
            },
            "60629": {
                "car": {
                    "popGroup2": 374.7468626007916,
                    "popGroup4": 0.0,
                    "popGroup6": 0.0,
                    "popGroup10": 388.95488627955297,
                    "popGroup12": 0.0,
                    "popGroup14": 0.0
                },
                "publicTransport": {
                    "popGroup0": 0.0,
                    "popGroup1": 0.0,
                    "popGroup2": 9.949903741608852,
                    "popGroup3": 27.731470280267807,
                    "popGroup4": 0.0,
                    "popGroup5": 0.0,
                    "popGroup6": 0.0,
                    "popGroup7": 0.0,
                    "popGroup8": 0.0,
                    "popGroup9": 0.0,
                    "popGroup10": 10.327086777961888,
                    "popGroup11": 28.5478460055429,
                    "popGroup12": 0.0,
                    "popGroup13": 0.0,
                    "popGroup14": 0.0,
                    "popGroup15": 0.0
                }
            },
            "60618": {
                "car": {
                    "popGroup2": 99.34742424550647,
                    "popGroup4": 0.0,
                    "popGroup6": 0.0,
                    "popGroup10": 103.11407212885696,
                    "popGroup12": 0.0,
                    "popGroup14": 0.0
                },
                "publicTransport": {
                    "popGroup0": 0.0,
                    "popGroup1": 0.0,
                    "popGroup2": 2.6888762418516623,
                    "popGroup3": 7.485096890184258,
                    "popGroup4": 0.0,
                    "popGroup5": 0.0,
                    "popGroup6": 0.0,
                    "popGroup7": 0.0,
                    "popGroup8": 0.0,
                    "popGroup9": 0.0,
                    "popGroup10": 2.790807108607027,
                    "popGroup11": 7.705462337632657,
                    "popGroup12": 0.0,
                    "popGroup13": 0.0,
                    "popGroup14": 0.0,
                    "popGroup15": 0.0
                }
            },
            "61059": {
                "car": {
                    "popGroup2": 196.14089107226118,
                    "popGroup4": 0.0,
                    "popGroup6": 0.0,
                    "popGroup10": 203.5772354304333,
                    "popGroup12": 0.0,
                    "popGroup14": 0.0
                },
                "publicTransport": {
                    "popGroup0": 0.0,
                    "popGroup1": 0.0,
                    "popGroup2": 14.981933149829159,
                    "popGroup3": 43.60146128420138,
                    "popGroup4": 0.0,
                    "popGroup5": 0.0,
                    "popGroup6": 0.0,
                    "popGroup7": 0.0,
                    "popGroup8": 0.0,
                    "popGroup9": 0.0,
                    "popGroup10": 15.549932252513258,
                    "popGroup11": 44.884539479421804,
                    "popGroup12": 0.0,
                    "popGroup13": 0.0,
                    "popGroup14": 0.0,
                    "popGroup15": 0.0
                }
            },
            "61001": {
                "car": {
                    "popGroup2": 41.57187579491121,
                    "popGroup4": 0.0,
                    "popGroup6": 0.0,
                    "popGroup10": 43.14795325918357,
                    "popGroup12": 0.0,
                    "popGroup14": 0.0
                },
                "publicTransport": {
                    "popGroup0": 0.0,
                    "popGroup1": 0.0,
                    "popGroup2": 2.8168946285421956,
                    "popGroup3": 8.190325462434775,
                    "popGroup4": 0.0,
                    "popGroup5": 0.0,
                    "popGroup6": 0.0,
                    "popGroup7": 0.0,
                    "popGroup8": 0.0,
                    "popGroup9": 0.0,
                    "popGroup10": 2.9236880433006665,
                    "popGroup11": 8.431329021329622,
                    "popGroup12": 0.0,
                    "popGroup13": 0.0,
                    "popGroup14": 0.0,
                    "popGroup15": 0.0
                }
            },
            "61055": {
                "car": {
                    "popGroup2": 41.87480349454589,
                    "popGroup4": 0.0,
                    "popGroup6": 0.0,
                    "popGroup10": 43.462333965088106,
                    "popGroup12": 0.0,
                    "popGroup14": 0.0
                },
                "publicTransport": {
                    "popGroup0": 0.0,
                    "popGroup1": 0.0,
                    "popGroup2": 2.979307538466224,
                    "popGroup3": 8.654599816822813,
                    "popGroup4": 0.0,
                    "popGroup5": 0.0,
                    "popGroup6": 0.0,
                    "popGroup7": 0.0,
                    "popGroup8": 0.0,
                    "popGroup9": 0.0,
                    "popGroup10": 3.092251829504408,
                    "popGroup11": 8.909180383911908,
                    "popGroup12": 0.0,
                    "popGroup13": 0.0,
                    "popGroup14": 0.0,
                    "popGroup15": 0.0
                }
            },
            "61021": {
                "car": {
                    "popGroup2": 176.64616441479893,
                    "popGroup4": 0.0,
                    "popGroup6": 0.0,
                    "popGroup10": 183.34334652298554,
                    "popGroup12": 0.0,
                    "popGroup14": 0.0
                },
                "publicTransport": {
                    "popGroup0": 0.0,
                    "popGroup1": 0.0,
                    "popGroup2": 14.084349626502146,
                    "popGroup3": 40.936319804037254,
                    "popGroup4": 0.0,
                    "popGroup5": 0.0,
                    "popGroup6": 0.0,
                    "popGroup7": 0.0,
                    "popGroup8": 0.0,
                    "popGroup9": 0.0,
                    "popGroup10": 14.618306946443607,
                    "popGroup11": 42.1408255621196,
                    "popGroup12": 0.0,
                    "popGroup13": 0.0,
                    "popGroup14": 0.0,
                    "popGroup15": 0.0
                }
            },
            "61017": {
                "car": {
                    "popGroup2": 28.57354019229289,
                    "popGroup4": 0.0,
                    "popGroup6": 0.0,
                    "popGroup10": 29.656836025743093,
                    "popGroup12": 0.0,
                    "popGroup14": 0.0
                },
                "publicTransport": {
                    "popGroup0": 0.0,
                    "popGroup1": 0.0,
                    "popGroup2": 2.1992273441464265,
                    "popGroup3": 6.388584830842236,
                    "popGroup4": 0.0,
                    "popGroup5": 0.0,
                    "popGroup6": 0.0,
                    "popGroup7": 0.0,
                    "popGroup8": 0.0,
                    "popGroup9": 0.0,
                    "popGroup10": 2.2825999918408852,
                    "popGroup11": 6.576520419734896,
                    "popGroup12": 0.0,
                    "popGroup13": 0.0,
                    "popGroup14": 0.0,
                    "popGroup15": 0.0
                }
            },
            "61020": {
                "car": {
                    "popGroup2": 43.066294261934715,
                    "popGroup4": 0.0,
                    "popGroup6": 0.0,
                    "popGroup10": 44.699048996883,
                    "popGroup12": 0.0,
                    "popGroup14": 0.0
                },
                "publicTransport": {
                    "popGroup0": 0.0,
                    "popGroup1": 0.0,
                    "popGroup2": 3.3675792960794975,
                    "popGroup3": 9.782405374613843,
                    "popGroup4": 0.0,
                    "popGroup5": 0.0,
                    "popGroup6": 0.0,
                    "popGroup7": 0.0,
                    "popGroup8": 0.0,
                    "popGroup9": 0.0,
                    "popGroup10": 3.4952449689540055,
                    "popGroup11": 10.070191332252588,
                    "popGroup12": 0.0,
                    "popGroup13": 0.0,
                    "popGroup14": 0.0,
                    "popGroup15": 0.0
                }
            },
            "61012": {
                "car": {
                    "popGroup2": 86.28774439129982,
                    "popGroup4": 0.0,
                    "popGroup6": 0.0,
                    "popGroup10": 89.55912920866479,
                    "popGroup12": 0.0,
                    "popGroup14": 0.0
                },
                "publicTransport": {
                    "popGroup0": 0.0,
                    "popGroup1": 0.0,
                    "popGroup2": 6.767767247326463,
                    "popGroup3": 19.67128259864964,
                    "popGroup4": 0.0,
                    "popGroup5": 0.0,
                    "popGroup6": 0.0,
                    "popGroup7": 0.0,
                    "popGroup8": 0.0,
                    "popGroup9": 0.0,
                    "popGroup10": 7.024333902219563,
                    "popGroup11": 20.24995782489896,
                    "popGroup12": 0.0,
                    "popGroup13": 0.0,
                    "popGroup14": 0.0,
                    "popGroup15": 0.0
                }
            },
            "61043": {
                "car": {
                    "popGroup2": 85.07202614667538,
                    "popGroup4": 0.0,
                    "popGroup6": 0.0,
                    "popGroup10": 88.29731129044153,
                    "popGroup12": 0.0,
                    "popGroup14": 0.0
                },
                "publicTransport": {
                    "popGroup0": 0.0,
                    "popGroup1": 0.0,
                    "popGroup2": 6.748167502127489,
                    "popGroup3": 19.602171250365274,
                    "popGroup4": 0.0,
                    "popGroup5": 0.0,
                    "popGroup6": 0.0,
                    "popGroup7": 0.0,
                    "popGroup8": 0.0,
                    "popGroup9": 0.0,
                    "popGroup10": 7.003987537248284,
                    "popGroup11": 20.1787764607055,
                    "popGroup12": 0.0,
                    "popGroup13": 0.0,
                    "popGroup14": 0.0,
                    "popGroup15": 0.0
                }
            },
            "61053": {
                "car": {
                    "popGroup2": 631.9356924857213,
                    "popGroup4": 0.0,
                    "popGroup6": 0.0,
                    "popGroup10": 655.8940477452675,
                    "popGroup12": 0.0,
                    "popGroup14": 0.0
                },
                "publicTransport": {
                    "popGroup0": 0.0,
                    "popGroup1": 0.0,
                    "popGroup2": 50.788130221707846,
                    "popGroup3": 147.53353862282012,
                    "popGroup4": 0.0,
                    "popGroup5": 0.0,
                    "popGroup6": 0.0,
                    "popGroup7": 0.0,
                    "popGroup8": 0.0,
                    "popGroup9": 0.0,
                    "popGroup10": 52.71346799651056,
                    "popGroup11": 151.87308530860253,
                    "popGroup12": 0.0,
                    "popGroup13": 0.0,
                    "popGroup14": 0.0,
                    "popGroup15": 0.0
                }
            },
            "61027": {
                "car": {
                    "popGroup2": 42.89393920661649,
                    "popGroup4": 0.0,
                    "popGroup6": 0.0,
                    "popGroup10": 44.52015145141563,
                    "popGroup12": 0.0,
                    "popGroup14": 0.0
                },
                "publicTransport": {
                    "popGroup0": 0.0,
                    "popGroup1": 0.0,
                    "popGroup2": 3.4052208736138656,
                    "popGroup3": 9.891369156667846,
                    "popGroup4": 0.0,
                    "popGroup5": 0.0,
                    "popGroup6": 0.0,
                    "popGroup7": 0.0,
                    "popGroup8": 0.0,
                    "popGroup9": 0.0,
                    "popGroup10": 3.5343111372137894,
                    "popGroup11": 10.182326955193307,
                    "popGroup12": 0.0,
                    "popGroup13": 0.0,
                    "popGroup14": 0.0,
                    "popGroup15": 0.0
                }
            },
            "61016": {
                "car": {
                    "popGroup2": 26.591535254152,
                    "popGroup4": 0.0,
                    "popGroup6": 0.0,
                    "popGroup10": 27.59967084535369,
                    "popGroup12": 0.0,
                    "popGroup14": 0.0
                },
                "publicTransport": {
                    "popGroup0": 0.0,
                    "popGroup1": 0.0,
                    "popGroup2": 2.2389385857956654,
                    "popGroup3": 6.504073023535078,
                    "popGroup4": 0.0,
                    "popGroup5": 0.0,
                    "popGroup6": 0.0,
                    "popGroup7": 0.0,
                    "popGroup8": 0.0,
                    "popGroup9": 0.0,
                    "popGroup10": 2.3238095906049954,
                    "popGroup11": 6.695305353400797,
                    "popGroup12": 0.0,
                    "popGroup13": 0.0,
                    "popGroup14": 0.0,
                    "popGroup15": 0.0
                }
            },
            "61045": {
                "car": {
                    "popGroup2": 146.31255786010308,
                    "popGroup4": 0.0,
                    "popGroup6": 0.0,
                    "popGroup10": 151.85961756893482,
                    "popGroup12": 0.0,
                    "popGroup14": 0.0
                },
                "publicTransport": {
                    "popGroup0": 0.0,
                    "popGroup1": 0.0,
                    "popGroup2": 11.356216585013048,
                    "popGroup3": 32.98503802344081,
                    "popGroup4": 0.0,
                    "popGroup5": 0.0,
                    "popGroup6": 0.0,
                    "popGroup7": 0.0,
                    "popGroup8": 0.0,
                    "popGroup9": 0.0,
                    "popGroup10": 11.78671376280646,
                    "popGroup11": 33.955137028722426,
                    "popGroup12": 0.0,
                    "popGroup13": 0.0,
                    "popGroup14": 0.0,
                    "popGroup15": 0.0
                }
            },
            "61008": {
                "car": {
                    "popGroup2": 49.79774336406088,
                    "popGroup4": 0.0,
                    "popGroup6": 0.0,
                    "popGroup10": 51.68568271851569,
                    "popGroup12": 0.0,
                    "popGroup14": 0.0
                },
                "publicTransport": {
                    "popGroup0": 0.0,
                    "popGroup1": 0.0,
                    "popGroup2": 3.7224771874813016,
                    "popGroup3": 10.811958940565816,
                    "popGroup4": 0.0,
                    "popGroup5": 0.0,
                    "popGroup6": 0.0,
                    "popGroup7": 0.0,
                    "popGroup8": 0.0,
                    "popGroup9": 0.0,
                    "popGroup10": 3.863587848532452,
                    "popGroup11": 11.129901745121469,
                    "popGroup12": 0.0,
                    "popGroup13": 0.0,
                    "popGroup14": 0.0,
                    "popGroup15": 0.0
                }
            },
            "61050": {
                "car": {
                    "popGroup2": 80.5204958281876,
                    "popGroup4": 0.0,
                    "popGroup6": 0.0,
                    "popGroup10": 83.57308481103584,
                    "popGroup12": 0.0,
                    "popGroup14": 0.0
                },
                "publicTransport": {
                    "popGroup0": 0.0,
                    "popGroup1": 0.0,
                    "popGroup2": 5.562572291203461,
                    "popGroup3": 16.159904697633806,
                    "popGroup4": 0.0,
                    "popGroup5": 0.0,
                    "popGroup6": 0.0,
                    "popGroup7": 0.0,
                    "popGroup8": 0.0,
                    "popGroup9": 0.0,
                    "popGroup10": 5.7734319833453025,
                    "popGroup11": 16.635047019996023,
                    "popGroup12": 0.0,
                    "popGroup13": 0.0,
                    "popGroup14": 0.0,
                    "popGroup15": 0.0
                }
            },
            "61049": {
                "car": {
                    "popGroup2": 62.13993862079841,
                    "popGroup4": 0.0,
                    "popGroup6": 0.0,
                    "popGroup10": 64.49574111541017,
                    "popGroup12": 0.0,
                    "popGroup14": 0.0
                },
                "publicTransport": {
                    "popGroup0": 0.0,
                    "popGroup1": 0.0,
                    "popGroup2": 4.579603451561721,
                    "popGroup3": 13.306709711023336,
                    "popGroup4": 0.0,
                    "popGroup5": 0.0,
                    "popGroup6": 0.0,
                    "popGroup7": 0.0,
                    "popGroup8": 0.0,
                    "popGroup9": 0.0,
                    "popGroup10": 4.753203461637952,
                    "popGroup11": 13.697984948095538,
                    "popGroup12": 0.0,
                    "popGroup13": 0.0,
                    "popGroup14": 0.0,
                    "popGroup15": 0.0
                }
            },
            "61058": {
                "car": {
                    "popGroup2": 120.24323865554425,
                    "popGroup4": 0.0,
                    "popGroup6": 0.0,
                    "popGroup10": 124.80194017083309,
                    "popGroup12": 0.0,
                    "popGroup14": 0.0
                },
                "publicTransport": {
                    "popGroup0": 0.0,
                    "popGroup1": 0.0,
                    "popGroup2": 9.383561711820432,
                    "popGroup3": 27.266332494794465,
                    "popGroup4": 0.0,
                    "popGroup5": 0.0,
                    "popGroup6": 0.0,
                    "popGroup7": 0.0,
                    "popGroup8": 0.0,
                    "popGroup9": 0.0,
                    "popGroup10": 9.73925871150057,
                    "popGroup11": 28.067974677182157,
                    "popGroup12": 0.0,
                    "popGroup13": 0.0,
                    "popGroup14": 0.0,
                    "popGroup15": 0.0
                }
            },
            "62347": {
                "car": {
                    "popGroup2": 14.160934229477657,
                    "popGroup4": 0.0,
                    "popGroup6": 0.0,
                    "popGroup10": 14.697804366613177,
                    "popGroup12": 0.0,
                    "popGroup14": 0.0
                },
                "publicTransport": {
                    "popGroup0": 0.0,
                    "popGroup1": 0.0,
                    "popGroup2": 1.0690056270417383,
                    "popGroup3": 3.10574792062714,
                    "popGroup4": 0.0,
                    "popGroup5": 0.0,
                    "popGroup6": 0.0,
                    "popGroup7": 0.0,
                    "popGroup8": 0.0,
                    "popGroup9": 0.0,
                    "popGroup10": 1.1095265300618082,
                    "popGroup11": 3.1970399728000736,
                    "popGroup12": 0.0,
                    "popGroup13": 0.0,
                    "popGroup14": 0.0,
                    "popGroup15": 0.0
                }
            }
        }
    }
}