{
    "Sum_Trips_per_Mode": {
        "work": {
            "60101": {
                "car": 240.92493379070902,
                "publicTransport": 86.2524008323945
            },
            "60669": {
                "car": 10.484102654855525,
                "publicTransport": 4.119253242931751
            },
            "60608": {
                "car": 5.056482838902689,
                "publicTransport": 2.010968525686999
            },
            "60611": {
                "car": 3.140981635071411,
                "publicTransport": 3.162378993565077
            },
            "60670": {
                "car": 8.772563198114081,
                "publicTransport": 4.272874634695013
            },
            "60662": {
                "car": 2.6556967903938773,
                "publicTransport": 3.0690024972801684
            },
            "60656": {
                "car": 2.673109138633957,
                "publicTransport": 0.9284784785111131
            },
            "60655": {
                "car": 3.8127876054904744,
                "publicTransport": 1.4605360701676235
            },
            "60624": {
                "car": 8.21935426555117,
                "publicTransport": 8.08099307089458
            },
            "60660": {
                "car": 2.7918756873699566,
                "publicTransport": 1.029280372754883
            },
            "60629": {
                "car": 4.044590018505576,
                "publicTransport": 1.6134084235618507
            },
            "60618": {
                "car": 0.7739335477587154,
                "publicTransport": 0.399212994980697
            },
            "61059": {
                "car": 4.565151614726383,
                "publicTransport": 2.284984432190315
            },
            "61001": {
                "car": 0.9888321228113299,
                "publicTransport": 1.3588665460745393
            },
            "61055": {
                "car": 1.4439443642647687,
                "publicTransport": 2.2486550464698696
            },
            "61021": {
                "car": 5.671572452575425,
                "publicTransport": 9.098232161271314
            },
            "61017": {
                "car": 0.6830326227753302,
                "publicTransport": 0.645345411047358
            },
            "61020": {
                "car": 1.4075347145416086,
                "publicTransport": 1.4372633864802913
            },
            "61012": {
                "car": 3.38336082838552,
                "publicTransport": 3.138554763384378
            },
            "61043": {
                "car": 3.3147847690691883,
                "publicTransport": 3.6821218395456334
            },
            "61053": {
                "car": 28.97326649864936,
                "publicTransport": 29.09872066049276
            },
            "61027": {
                "car": 1.9997612094121693,
                "publicTransport": 3.5080744513723636
            },
            "61016": {
                "car": 1.325987077550038,
                "publicTransport": 1.58499905052251
            },
            "61045": {
                "car": 8.769365766345619,
                "publicTransport": 14.849351317498396
            },
            "61008": {
                "car": 1.8237709551697074,
                "publicTransport": 4.303554464504132
            },
            "61050": {
                "car": 3.839343674473682,
                "publicTransport": 4.841107114872627
            },
            "61049": {
                "car": 2.9966604004667436,
                "publicTransport": 4.91404200308136
            },
            "61058": {
                "car": 8.068645753780165,
                "publicTransport": 14.005189416806916
            },
            "62347": {
                "car": 0.9612578463127989,
                "publicTransport": 1.5043100171296313
            }
        }
    },
    "Trips_per_group": {
        "work": {
            "60101": {
                "car": {
                    "popGroup2": 125.3095125462222,
                    "popGroup4": 0.0,
                    "popGroup6": 0.0,
                    "popGroup10": 115.61542124448681,
                    "popGroup12": 0.0,
                    "popGroup14": 0.0
                },
                "publicTransport": {
                    "popGroup0": 0.0,
                    "popGroup1": 0.0,
                    "popGroup2": 15.9294070328799,
                    "popGroup3": 28.481310289033612,
                    "popGroup4": 0.0,
                    "popGroup5": 0.0,
                    "popGroup6": 0.0,
                    "popGroup7": 0.0,
                    "popGroup8": 0.0,
                    "popGroup9": 0.0,
                    "popGroup10": 14.697204115626656,
                    "popGroup11": 27.14447939485433,
                    "popGroup12": 0.0,
                    "popGroup13": 0.0,
                    "popGroup14": 0.0,
                    "popGroup15": 0.0
                }
            },
            "60669": {
                "car": {
                    "popGroup2": 5.452970714600289,
                    "popGroup4": 0.0,
                    "popGroup6": 0.0,
                    "popGroup10": 5.031131940255236,
                    "popGroup12": 0.0,
                    "popGroup14": 0.0
                },
                "publicTransport": {
                    "popGroup0": 0.0,
                    "popGroup1": 0.0,
                    "popGroup2": 0.7596170480537077,
                    "popGroup3": 1.3612978723375317,
                    "popGroup4": 0.0,
                    "popGroup5": 0.0,
                    "popGroup6": 0.0,
                    "popGroup7": 0.0,
                    "popGroup8": 0.0,
                    "popGroup9": 0.0,
                    "popGroup10": 0.7008595685835953,
                    "popGroup11": 1.2974787539569161,
                    "popGroup12": 0.0,
                    "popGroup13": 0.0,
                    "popGroup14": 0.0,
                    "popGroup15": 0.0
                }
            },
            "60608": {
                "car": {
                    "popGroup2": 2.6299649500358826,
                    "popGroup4": 0.0,
                    "popGroup6": 0.0,
                    "popGroup10": 2.426517888866806,
                    "popGroup12": 0.0,
                    "popGroup14": 0.0
                },
                "publicTransport": {
                    "popGroup0": 0.0,
                    "popGroup1": 0.0,
                    "popGroup2": 0.3712584301790462,
                    "popGroup3": 0.6641133718264352,
                    "popGroup4": 0.0,
                    "popGroup5": 0.0,
                    "popGroup6": 0.0,
                    "popGroup7": 0.0,
                    "popGroup8": 0.0,
                    "popGroup9": 0.0,
                    "popGroup10": 0.342543670451948,
                    "popGroup11": 0.6330530532295693,
                    "popGroup12": 0.0,
                    "popGroup13": 0.0,
                    "popGroup14": 0.0,
                    "popGroup15": 0.0
                }
            },
            "60611": {
                "car": {
                    "popGroup2": 1.6336798362376088,
                    "popGroup4": 0.0,
                    "popGroup6": 0.0,
                    "popGroup10": 1.5073017988338022,
                    "popGroup12": 0.0,
                    "popGroup14": 0.0
                },
                "publicTransport": {
                    "popGroup0": 0.0,
                    "popGroup1": 0.0,
                    "popGroup2": 0.5814260708098107,
                    "popGroup3": 1.0471586628414657,
                    "popGroup4": 0.0,
                    "popGroup5": 0.0,
                    "popGroup6": 0.0,
                    "popGroup7": 0.0,
                    "popGroup8": 0.0,
                    "popGroup9": 0.0,
                    "popGroup10": 0.536424756893391,
                    "popGroup11": 0.9973695030204092,
                    "popGroup12": 0.0,
                    "popGroup13": 0.0,
                    "popGroup14": 0.0,
                    "popGroup15": 0.0
                }
            },
            "60670": {
                "car": {
                    "popGroup2": 4.562766387177934,
                    "popGroup4": 0.0,
                    "popGroup6": 0.0,
                    "popGroup10": 4.209796810936148,
                    "popGroup12": 0.0,
                    "popGroup14": 0.0
                },
                "publicTransport": {
                    "popGroup0": 0.0,
                    "popGroup1": 0.0,
                    "popGroup2": 0.7860089855822413,
                    "popGroup3": 1.414042219961618,
                    "popGroup4": 0.0,
                    "popGroup5": 0.0,
                    "popGroup6": 0.0,
                    "popGroup7": 0.0,
                    "popGroup8": 0.0,
                    "popGroup9": 0.0,
                    "popGroup10": 0.7252059147118534,
                    "popGroup11": 1.3476175144393001,
                    "popGroup12": 0.0,
                    "popGroup13": 0.0,
                    "popGroup14": 0.0,
                    "popGroup15": 0.0
                }
            },
            "60662": {
                "car": {
                    "popGroup2": 1.3812716466731043,
                    "popGroup4": 0.0,
                    "popGroup6": 0.0,
                    "popGroup10": 1.274425143720773,
                    "popGroup12": 0.0,
                    "popGroup14": 0.0
                },
                "publicTransport": {
                    "popGroup0": 0.0,
                    "popGroup1": 0.0,
                    "popGroup2": 0.5642340234805268,
                    "popGroup3": 1.0161063864238413,
                    "popGroup4": 0.0,
                    "popGroup5": 0.0,
                    "popGroup6": 0.0,
                    "popGroup7": 0.0,
                    "popGroup8": 0.0,
                    "popGroup9": 0.0,
                    "popGroup10": 0.5205725374412065,
                    "popGroup11": 0.9680895499345938,
                    "popGroup12": 0.0,
                    "popGroup13": 0.0,
                    "popGroup14": 0.0,
                    "popGroup15": 0.0
                }
            },
            "60656": {
                "car": {
                    "popGroup2": 1.3903247803022352,
                    "popGroup4": 0.0,
                    "popGroup6": 0.0,
                    "popGroup10": 1.2827843583317216,
                    "popGroup12": 0.0,
                    "popGroup14": 0.0
                },
                "publicTransport": {
                    "popGroup0": 0.0,
                    "popGroup1": 0.0,
                    "popGroup2": 0.17085622173384515,
                    "popGroup3": 0.30716540985309415,
                    "popGroup4": 0.0,
                    "popGroup5": 0.0,
                    "popGroup6": 0.0,
                    "popGroup7": 0.0,
                    "popGroup8": 0.0,
                    "popGroup9": 0.0,
                    "popGroup10": 0.1576421761645776,
                    "popGroup11": 0.2928146707595963,
                    "popGroup12": 0.0,
                    "popGroup13": 0.0,
                    "popGroup14": 0.0,
                    "popGroup15": 0.0
                }
            },
            "60655": {
                "car": {
                    "popGroup2": 1.9830916682300588,
                    "popGroup4": 0.0,
                    "popGroup6": 0.0,
                    "popGroup10": 1.8296959372604156,
                    "popGroup12": 0.0,
                    "popGroup14": 0.0
                },
                "publicTransport": {
                    "popGroup0": 0.0,
                    "popGroup1": 0.0,
                    "popGroup2": 0.2688691096440388,
                    "popGroup3": 0.4830570528756577,
                    "popGroup4": 0.0,
                    "popGroup5": 0.0,
                    "popGroup6": 0.0,
                    "popGroup7": 0.0,
                    "popGroup8": 0.0,
                    "popGroup9": 0.0,
                    "popGroup10": 0.2480765865825822,
                    "popGroup11": 0.4605333210653449,
                    "popGroup12": 0.0,
                    "popGroup13": 0.0,
                    "popGroup14": 0.0,
                    "popGroup15": 0.0
                }
            },
            "60624": {
                "car": {
                    "popGroup2": 4.275022958211126,
                    "popGroup4": 0.0,
                    "popGroup6": 0.0,
                    "popGroup10": 3.944331307340043,
                    "popGroup12": 0.0,
                    "popGroup14": 0.0
                },
                "publicTransport": {
                    "popGroup0": 0.0,
                    "popGroup1": 0.0,
                    "popGroup2": 1.4859653057786137,
                    "popGroup3": 2.6752198074645386,
                    "popGroup4": 0.0,
                    "popGroup5": 0.0,
                    "popGroup6": 0.0,
                    "popGroup7": 0.0,
                    "popGroup8": 0.0,
                    "popGroup9": 0.0,
                    "popGroup10": 1.3709797511731825,
                    "popGroup11": 2.548828206478246,
                    "popGroup12": 0.0,
                    "popGroup13": 0.0,
                    "popGroup14": 0.0,
                    "popGroup15": 0.0
                }
            },
            "60660": {
                "car": {
                    "popGroup2": 1.4520992122443148,
                    "popGroup4": 0.0,
                    "popGroup6": 0.0,
                    "popGroup10": 1.3397764751256418,
                    "popGroup12": 0.0,
                    "popGroup14": 0.0
                },
                "publicTransport": {
                    "popGroup0": 0.0,
                    "popGroup1": 0.0,
                    "popGroup2": 0.18934878678210848,
                    "popGroup3": 0.3405956838257846,
                    "popGroup4": 0.0,
                    "popGroup5": 0.0,
                    "popGroup6": 0.0,
                    "popGroup7": 0.0,
                    "popGroup8": 0.0,
                    "popGroup9": 0.0,
                    "popGroup10": 0.1747026585809509,
                    "popGroup11": 0.32463324356603884,
                    "popGroup12": 0.0,
                    "popGroup13": 0.0,
                    "popGroup14": 0.0,
                    "popGroup15": 0.0
                }
            },
            "60629": {
                "car": {
                    "popGroup2": 2.103661138765042,
                    "popGroup4": 0.0,
                    "popGroup6": 0.0,
                    "popGroup10": 1.9409288797405344,
                    "popGroup12": 0.0,
                    "popGroup14": 0.0
                },
                "publicTransport": {
                    "popGroup0": 0.0,
                    "popGroup1": 0.0,
                    "popGroup2": 0.296745510366175,
                    "popGroup3": 0.5340462819655564,
                    "popGroup4": 0.0,
                    "popGroup5": 0.0,
                    "popGroup6": 0.0,
                    "popGroup7": 0.0,
                    "popGroup8": 0.0,
                    "popGroup9": 0.0,
                    "popGroup10": 0.2737858685016803,
                    "popGroup11": 0.508830762728439,
                    "popGroup12": 0.0,
                    "popGroup13": 0.0,
                    "popGroup14": 0.0,
                    "popGroup15": 0.0
                }
            },
            "60618": {
                "car": {
                    "popGroup2": 0.40253759318167814,
                    "popGroup4": 0.0,
                    "popGroup6": 0.0,
                    "popGroup10": 0.3713959545770372,
                    "popGroup12": 0.0,
                    "popGroup14": 0.0
                },
                "publicTransport": {
                    "popGroup0": 0.0,
                    "popGroup1": 0.0,
                    "popGroup2": 0.07342446001716392,
                    "popGroup3": 0.1321527319158111,
                    "popGroup4": 0.0,
                    "popGroup5": 0.0,
                    "popGroup6": 0.0,
                    "popGroup7": 0.0,
                    "popGroup8": 0.0,
                    "popGroup9": 0.0,
                    "popGroup10": 0.06774284694022153,
                    "popGroup11": 0.12589295610750045,
                    "popGroup12": 0.0,
                    "popGroup13": 0.0,
                    "popGroup14": 0.0,
                    "popGroup15": 0.0
                }
            },
            "61059": {
                "car": {
                    "popGroup2": 2.374402559295691,
                    "popGroup4": 0.0,
                    "popGroup6": 0.0,
                    "popGroup10": 2.190749055430692,
                    "popGroup12": 0.0,
                    "popGroup14": 0.0
                },
                "publicTransport": {
                    "popGroup0": 0.0,
                    "popGroup1": 0.0,
                    "popGroup2": 0.4203682377578781,
                    "popGroup3": 0.7559849905240847,
                    "popGroup4": 0.0,
                    "popGroup5": 0.0,
                    "popGroup6": 0.0,
                    "popGroup7": 0.0,
                    "popGroup8": 0.0,
                    "popGroup9": 0.0,
                    "popGroup10": 0.38785810350488914,
                    "popGroup11": 0.720773100403463,
                    "popGroup12": 0.0,
                    "popGroup13": 0.0,
                    "popGroup14": 0.0,
                    "popGroup15": 0.0
                }
            },
            "61001": {
                "car": {
                    "popGroup2": 0.5143063289309266,
                    "popGroup4": 0.0,
                    "popGroup6": 0.0,
                    "popGroup10": 0.4745257938804032,
                    "popGroup12": 0.0,
                    "popGroup14": 0.0
                },
                "publicTransport": {
                    "popGroup0": 0.0,
                    "popGroup1": 0.0,
                    "popGroup2": 0.24981995975301932,
                    "popGroup3": 0.4498300691248077,
                    "popGroup4": 0.0,
                    "popGroup5": 0.0,
                    "popGroup6": 0.0,
                    "popGroup7": 0.0,
                    "popGroup8": 0.0,
                    "popGroup9": 0.0,
                    "popGroup10": 0.2304930613455934,
                    "popGroup11": 0.4287234558511188,
                    "popGroup12": 0.0,
                    "popGroup13": 0.0,
                    "popGroup14": 0.0,
                    "popGroup15": 0.0
                }
            },
            "61055": {
                "car": {
                    "popGroup2": 0.7510151838521747,
                    "popGroup4": 0.0,
                    "popGroup6": 0.0,
                    "popGroup10": 0.6929291804125941,
                    "popGroup12": 0.0,
                    "popGroup14": 0.0
                },
                "publicTransport": {
                    "popGroup0": 0.0,
                    "popGroup1": 0.0,
                    "popGroup2": 0.4133874201952678,
                    "popGroup3": 0.7443106033011485,
                    "popGroup4": 0.0,
                    "popGroup5": 0.0,
                    "popGroup6": 0.0,
                    "popGroup7": 0.0,
                    "popGroup8": 0.0,
                    "popGroup9": 0.0,
                    "popGroup10": 0.3814113376753517,
                    "popGroup11": 0.7095456852981016,
                    "popGroup12": 0.0,
                    "popGroup13": 0.0,
                    "popGroup14": 0.0,
                    "popGroup15": 0.0
                }
            },
            "61021": {
                "car": {
                    "popGroup2": 2.9498645339484266,
                    "popGroup4": 0.0,
                    "popGroup6": 0.0,
                    "popGroup10": 2.721707918626999,
                    "popGroup12": 0.0,
                    "popGroup14": 0.0
                },
                "publicTransport": {
                    "popGroup0": 0.0,
                    "popGroup1": 0.0,
                    "popGroup2": 1.672625951536091,
                    "popGroup3": 3.011654409566197,
                    "popGroup4": 0.0,
                    "popGroup5": 0.0,
                    "popGroup6": 0.0,
                    "popGroup7": 0.0,
                    "popGroup8": 0.0,
                    "popGroup9": 0.0,
                    "popGroup10": 1.5432375557544495,
                    "popGroup11": 2.8707142444145766,
                    "popGroup12": 0.0,
                    "popGroup13": 0.0,
                    "popGroup14": 0.0,
                    "popGroup15": 0.0
                }
            },
            "61017": {
                "car": {
                    "popGroup2": 0.3552563943324178,
                    "popGroup4": 0.0,
                    "popGroup6": 0.0,
                    "popGroup10": 0.3277762284429124,
                    "popGroup12": 0.0,
                    "popGroup14": 0.0
                },
                "publicTransport": {
                    "popGroup0": 0.0,
                    "popGroup1": 0.0,
                    "popGroup2": 0.11864216499819367,
                    "popGroup3": 0.21364636923856206,
                    "popGroup4": 0.0,
                    "popGroup5": 0.0,
                    "popGroup6": 0.0,
                    "popGroup7": 0.0,
                    "popGroup8": 0.0,
                    "popGroup9": 0.0,
                    "popGroup10": 0.10946278686829397,
                    "popGroup11": 0.2035940899423083,
                    "popGroup12": 0.0,
                    "popGroup13": 0.0,
                    "popGroup14": 0.0,
                    "popGroup15": 0.0
                }
            },
            "61020": {
                "car": {
                    "popGroup2": 0.7320794095880437,
                    "popGroup4": 0.0,
                    "popGroup6": 0.0,
                    "popGroup10": 0.675455304953565,
                    "popGroup12": 0.0,
                    "popGroup14": 0.0
                },
                "publicTransport": {
                    "popGroup0": 0.0,
                    "popGroup1": 0.0,
                    "popGroup2": 0.26422118422256835,
                    "popGroup3": 0.4757496929994796,
                    "popGroup4": 0.0,
                    "popGroup5": 0.0,
                    "popGroup6": 0.0,
                    "popGroup7": 0.0,
                    "popGroup8": 0.0,
                    "popGroup9": 0.0,
                    "popGroup10": 0.2437828265501158,
                    "popGroup11": 0.4535096827081275,
                    "popGroup12": 0.0,
                    "popGroup13": 0.0,
                    "popGroup14": 0.0,
                    "popGroup15": 0.0
                }
            },
            "61012": {
                "car": {
                    "popGroup2": 1.7597301686030187,
                    "popGroup4": 0.0,
                    "popGroup6": 0.0,
                    "popGroup10": 1.623630659782501,
                    "popGroup12": 0.0,
                    "popGroup14": 0.0
                },
                "publicTransport": {
                    "popGroup0": 0.0,
                    "popGroup1": 0.0,
                    "popGroup2": 0.5769952305889116,
                    "popGroup3": 1.038762424821793,
                    "popGroup4": 0.0,
                    "popGroup5": 0.0,
                    "popGroup6": 0.0,
                    "popGroup7": 0.0,
                    "popGroup8": 0.0,
                    "popGroup9": 0.0,
                    "popGroup10": 0.5323701261258051,
                    "popGroup11": 0.9904269818478684,
                    "popGroup12": 0.0,
                    "popGroup13": 0.0,
                    "popGroup14": 0.0,
                    "popGroup15": 0.0
                }
            },
            "61043": {
                "car": {
                    "popGroup2": 1.724065245254868,
                    "popGroup4": 0.0,
                    "popGroup6": 0.0,
                    "popGroup10": 1.5907195238143204,
                    "popGroup12": 0.0,
                    "popGroup14": 0.0
                },
                "publicTransport": {
                    "popGroup0": 0.0,
                    "popGroup1": 0.0,
                    "popGroup2": 0.6769094090421486,
                    "popGroup3": 1.2187527984377478,
                    "popGroup4": 0.0,
                    "popGroup5": 0.0,
                    "popGroup6": 0.0,
                    "popGroup7": 0.0,
                    "popGroup8": 0.0,
                    "popGroup9": 0.0,
                    "popGroup10": 0.6245523119267749,
                    "popGroup11": 1.1619073201389625,
                    "popGroup12": 0.0,
                    "popGroup13": 0.0,
                    "popGroup14": 0.0,
                    "popGroup15": 0.0
                }
            },
            "61053": {
                "car": {
                    "popGroup2": 15.069357819597,
                    "popGroup4": 0.0,
                    "popGroup6": 0.0,
                    "popGroup10": 13.90390867905236,
                    "popGroup12": 0.0,
                    "popGroup14": 0.0
                },
                "publicTransport": {
                    "popGroup0": 0.0,
                    "popGroup1": 0.0,
                    "popGroup2": 5.349601452098333,
                    "popGroup3": 9.6304741268004,
                    "popGroup4": 0.0,
                    "popGroup5": 0.0,
                    "popGroup6": 0.0,
                    "popGroup7": 0.0,
                    "popGroup8": 0.0,
                    "popGroup9": 0.0,
                    "popGroup10": 4.935872961029317,
                    "popGroup11": 9.182772120564705,
                    "popGroup12": 0.0,
                    "popGroup13": 0.0,
                    "popGroup14": 0.0,
                    "popGroup15": 0.0
                }
            },
            "61027": {
                "car": {
                    "popGroup2": 1.0401013983830276,
                    "popGroup4": 0.0,
                    "popGroup6": 0.0,
                    "popGroup10": 0.9596598110291418,
                    "popGroup12": 0.0,
                    "popGroup14": 0.0
                },
                "publicTransport": {
                    "popGroup0": 0.0,
                    "popGroup1": 0.0,
                    "popGroup2": 0.6449022063476969,
                    "popGroup3": 1.1611236396214193,
                    "popGroup4": 0.0,
                    "popGroup5": 0.0,
                    "popGroup6": 0.0,
                    "popGroup7": 0.0,
                    "popGroup8": 0.0,
                    "popGroup9": 0.0,
                    "popGroup10": 0.5950223500245271,
                    "popGroup11": 1.1070262553787207,
                    "popGroup12": 0.0,
                    "popGroup13": 0.0,
                    "popGroup14": 0.0,
                    "popGroup15": 0.0
                }
            },
            "61016": {
                "car": {
                    "popGroup2": 0.6896650200116823,
                    "popGroup4": 0.0,
                    "popGroup6": 0.0,
                    "popGroup10": 0.6363220575383556,
                    "popGroup12": 0.0,
                    "popGroup14": 0.0
                },
                "publicTransport": {
                    "popGroup0": 0.0,
                    "popGroup1": 0.0,
                    "popGroup2": 0.29138397496952867,
                    "popGroup3": 0.5246535762146907,
                    "popGroup4": 0.0,
                    "popGroup5": 0.0,
                    "popGroup6": 0.0,
                    "popGroup7": 0.0,
                    "popGroup8": 0.0,
                    "popGroup9": 0.0,
                    "popGroup10": 0.2688441678891572,
                    "popGroup11": 0.5001173314491333,
                    "popGroup12": 0.0,
                    "popGroup13": 0.0,
                    "popGroup14": 0.0,
                    "popGroup15": 0.0
                }
            },
            "61045": {
                "car": {
                    "popGroup2": 4.561051968467784,
                    "popGroup4": 0.0,
                    "popGroup6": 0.0,
                    "popGroup10": 4.2083137978778336,
                    "popGroup12": 0.0,
                    "popGroup14": 0.0
                },
                "publicTransport": {
                    "popGroup0": 0.0,
                    "popGroup1": 0.0,
                    "popGroup2": 2.7297540586514915,
                    "popGroup3": 4.914677860567496,
                    "popGroup4": 0.0,
                    "popGroup5": 0.0,
                    "popGroup6": 0.0,
                    "popGroup7": 0.0,
                    "popGroup8": 0.0,
                    "popGroup9": 0.0,
                    "popGroup10": 2.518639660026487,
                    "popGroup11": 4.686279738252922,
                    "popGroup12": 0.0,
                    "popGroup13": 0.0,
                    "popGroup14": 0.0,
                    "popGroup15": 0.0
                }
            },
            "61008": {
                "car": {
                    "popGroup2": 0.9485658909254815,
                    "popGroup4": 0.0,
                    "popGroup6": 0.0,
                    "popGroup10": 0.8752050642442258,
                    "popGroup12": 0.0,
                    "popGroup14": 0.0
                },
                "publicTransport": {
                    "popGroup0": 0.0,
                    "popGroup1": 0.0,
                    "popGroup2": 0.7911349959264299,
                    "popGroup3": 1.4244330222863841,
                    "popGroup4": 0.0,
                    "popGroup5": 0.0,
                    "popGroup6": 0.0,
                    "popGroup7": 0.0,
                    "popGroup8": 0.0,
                    "popGroup9": 0.0,
                    "popGroup10": 0.7299439924991062,
                    "popGroup11": 1.3580424537922122,
                    "popGroup12": 0.0,
                    "popGroup13": 0.0,
                    "popGroup14": 0.0,
                    "popGroup15": 0.0
                }
            },
            "61050": {
                "car": {
                    "popGroup2": 1.996895567607066,
                    "popGroup4": 0.0,
                    "popGroup6": 0.0,
                    "popGroup10": 1.842448106866616,
                    "popGroup12": 0.0,
                    "popGroup14": 0.0
                },
                "publicTransport": {
                    "popGroup0": 0.0,
                    "popGroup1": 0.0,
                    "popGroup2": 0.8899665925173372,
                    "popGroup3": 1.6024013900033642,
                    "popGroup4": 0.0,
                    "popGroup5": 0.0,
                    "popGroup6": 0.0,
                    "popGroup7": 0.0,
                    "popGroup8": 0.0,
                    "popGroup9": 0.0,
                    "popGroup10": 0.821128123359221,
                    "popGroup11": 1.5276110089927049,
                    "popGroup12": 0.0,
                    "popGroup13": 0.0,
                    "popGroup14": 0.0,
                    "popGroup15": 0.0
                }
            },
            "61049": {
                "car": {
                    "popGroup2": 1.5586031297329122,
                    "popGroup4": 0.0,
                    "popGroup6": 0.0,
                    "popGroup10": 1.4380572707338313,
                    "popGroup12": 0.0,
                    "popGroup14": 0.0
                },
                "publicTransport": {
                    "popGroup0": 0.0,
                    "popGroup1": 0.0,
                    "popGroup2": 0.9033821853403315,
                    "popGroup3": 1.626535141495566,
                    "popGroup4": 0.0,
                    "popGroup5": 0.0,
                    "popGroup6": 0.0,
                    "popGroup7": 0.0,
                    "popGroup8": 0.0,
                    "popGroup9": 0.0,
                    "popGroup10": 0.8335060328381356,
                    "popGroup11": 1.5506186434073272,
                    "popGroup12": 0.0,
                    "popGroup13": 0.0,
                    "popGroup14": 0.0,
                    "popGroup15": 0.0
                }
            },
            "61058": {
                "car": {
                    "popGroup2": 4.196606081392505,
                    "popGroup4": 0.0,
                    "popGroup6": 0.0,
                    "popGroup10": 3.87203967238766,
                    "popGroup12": 0.0,
                    "popGroup14": 0.0
                },
                "publicTransport": {
                    "popGroup0": 0.0,
                    "popGroup1": 0.0,
                    "popGroup2": 2.5746261833684736,
                    "popGroup3": 4.635522253554131,
                    "popGroup4": 0.0,
                    "popGroup5": 0.0,
                    "popGroup6": 0.0,
                    "popGroup7": 0.0,
                    "popGroup8": 0.0,
                    "popGroup9": 0.0,
                    "popGroup10": 2.3754920764856173,
                    "popGroup11": 4.419548903398693,
                    "popGroup12": 0.0,
                    "popGroup13": 0.0,
                    "popGroup14": 0.0,
                    "popGroup15": 0.0
                }
            },
            "62347": {
                "car": {
                    "popGroup2": 0.49996333658981706,
                    "popGroup4": 0.0,
                    "popGroup6": 0.0,
                    "popGroup10": 0.4612945097229818,
                    "popGroup12": 0.0,
                    "popGroup14": 0.0
                },
                "publicTransport": {
                    "popGroup0": 0.0,
                    "popGroup1": 0.0,
                    "popGroup2": 0.27654913301312445,
                    "popGroup3": 0.4979306253086158,
                    "popGroup4": 0.0,
                    "popGroup5": 0.0,
                    "popGroup6": 0.0,
                    "popGroup7": 0.0,
                    "popGroup8": 0.0,
                    "popGroup9": 0.0,
                    "popGroup10": 0.25515764886833703,
                    "popGroup11": 0.47467260993955407,
                    "popGroup12": 0.0,
                    "popGroup13": 0.0,
                    "popGroup14": 0.0,
                    "popGroup15": 0.0
                }
            }
        }
    }
}