{
    "Sum_Trips_per_Mode": {
        "work": {
            "60101": {
                "car": 1563.8190760014068,
                "publicTransport": 905.6088172513076
            },
            "60669": {
                "car": 100.88490654357983,
                "publicTransport": 96.4683180637247
            },
            "60608": {
                "car": 25.992503158066437,
                "publicTransport": 55.619600059399545
            },
            "60611": {
                "car": 21.237774066560466,
                "publicTransport": 35.070727674255714
            },
            "60670": {
                "car": 61.377203273688934,
                "publicTransport": 20.349179926982785
            },
            "60662": {
                "car": 11.255619424359942,
                "publicTransport": 5.945164202602967
            },
            "60656": {
                "car": 11.085072134844783,
                "publicTransport": 9.281041364305214
            },
            "60655": {
                "car": 15.529368927035375,
                "publicTransport": 13.249382242593306
            },
            "60624": {
                "car": 40.19623513367241,
                "publicTransport": 29.057083895190885
            },
            "60660": {
                "car": 12.254250876101393,
                "publicTransport": 5.151523884157848
            },
            "60629": {
                "car": 25.57770271783012,
                "publicTransport": 16.61710029609356
            },
            "60618": {
                "car": 6.84785883283325,
                "publicTransport": 4.955053543320747
            },
            "61059": {
                "car": 12.737788693586214,
                "publicTransport": 12.1006619122542
            },
            "61001": {
                "car": 2.878866241451142,
                "publicTransport": 2.2316963171876294
            },
            "61055": {
                "car": 3.0153949916207043,
                "publicTransport": 2.290360275034393
            },
            "61021": {
                "car": 12.129422555569956,
                "publicTransport": 11.45657208402126
            },
            "61017": {
                "car": 1.9997144635909385,
                "publicTransport": 1.9508220648302608
            },
            "61020": {
                "car": 3.0806963260028084,
                "publicTransport": 2.6797971063657737
            },
            "61012": {
                "car": 6.160371236923516,
                "publicTransport": 5.250158987834423
            },
            "61043": {
                "car": 6.158467566986733,
                "publicTransport": 5.52951708533231
            },
            "61053": {
                "car": 44.219967273537236,
                "publicTransport": 42.701516184586495
            },
            "61027": {
                "car": 3.1133924121393424,
                "publicTransport": 2.8090415245614286
            },
            "61016": {
                "car": 2.1490705698298083,
                "publicTransport": 1.8045349081832938
            },
            "61045": {
                "car": 10.397137910632434,
                "publicTransport": 8.468657489092834
            },
            "61008": {
                "car": 3.7630707732465134,
                "publicTransport": 2.4800084902447126
            },
            "61050": {
                "car": 4.722299122218487,
                "publicTransport": 3.8862313853789345
            },
            "61049": {
                "car": 3.699819625973052,
                "publicTransport": 3.6845994434859723
            },
            "61058": {
                "car": 8.849018799720088,
                "publicTransport": 6.693614099376731
            },
            "62347": {
                "car": 1.0552596901835944,
                "publicTransport": 0.668007632973609
            }
        }
    },
    "Trips_per_group": {
        "work": {
            "60101": {
                "car": {
                    "popGroup2": 769.7820087555324,
                    "popGroup4": 0.0,
                    "popGroup6": 0.0,
                    "popGroup10": 794.0370672458745,
                    "popGroup12": 0.0,
                    "popGroup14": 0.0
                },
                "publicTransport": {
                    "popGroup0": 0.0,
                    "popGroup1": 0.0,
                    "popGroup2": 212.85886831589545,
                    "popGroup3": 237.66802835630085,
                    "popGroup4": 0.0,
                    "popGroup5": 0.0,
                    "popGroup6": 0.0,
                    "popGroup7": 0.0,
                    "popGroup8": 0.0,
                    "popGroup9": 0.0,
                    "popGroup10": 219.56629262975667,
                    "popGroup11": 235.51562794935467,
                    "popGroup12": 0.0,
                    "popGroup13": 0.0,
                    "popGroup14": 0.0,
                    "popGroup15": 0.0
                }
            },
            "60669": {
                "car": {
                    "popGroup2": 49.65995015732279,
                    "popGroup4": 0.0,
                    "popGroup6": 0.0,
                    "popGroup10": 51.22495638625705,
                    "popGroup12": 0.0,
                    "popGroup14": 0.0
                },
                "publicTransport": {
                    "popGroup0": 0.0,
                    "popGroup1": 0.0,
                    "popGroup2": 18.542040566973583,
                    "popGroup3": 29.533596023874647,
                    "popGroup4": 0.0,
                    "popGroup5": 0.0,
                    "popGroup6": 0.0,
                    "popGroup7": 0.0,
                    "popGroup8": 0.0,
                    "popGroup9": 0.0,
                    "popGroup10": 19.12639453730071,
                    "popGroup11": 29.266286935575742,
                    "popGroup12": 0.0,
                    "popGroup13": 0.0,
                    "popGroup14": 0.0,
                    "popGroup15": 0.0
                }
            },
            "60608": {
                "car": {
                    "popGroup2": 12.794698216260086,
                    "popGroup4": 0.0,
                    "popGroup6": 0.0,
                    "popGroup10": 13.197804941806352,
                    "popGroup12": 0.0,
                    "popGroup14": 0.0
                },
                "publicTransport": {
                    "popGroup0": 0.0,
                    "popGroup1": 0.0,
                    "popGroup2": 10.671373619288495,
                    "popGroup3": 17.046438560847633,
                    "popGroup4": 0.0,
                    "popGroup5": 0.0,
                    "popGroup6": 0.0,
                    "popGroup7": 0.0,
                    "popGroup8": 0.0,
                    "popGroup9": 0.0,
                    "popGroup10": 11.00720585365938,
                    "popGroup11": 16.894582025604038,
                    "popGroup12": 0.0,
                    "popGroup13": 0.0,
                    "popGroup14": 0.0,
                    "popGroup15": 0.0
                }
            },
            "60611": {
                "car": {
                    "popGroup2": 10.454259801498754,
                    "popGroup4": 0.0,
                    "popGroup6": 0.0,
                    "popGroup10": 10.783514265061712,
                    "popGroup12": 0.0,
                    "popGroup14": 0.0
                },
                "publicTransport": {
                    "popGroup0": 0.0,
                    "popGroup1": 0.0,
                    "popGroup2": 6.745180482932618,
                    "popGroup3": 10.73175769730651,
                    "popGroup4": 0.0,
                    "popGroup5": 0.0,
                    "popGroup6": 0.0,
                    "popGroup7": 0.0,
                    "popGroup8": 0.0,
                    "popGroup9": 0.0,
                    "popGroup10": 6.957412377597297,
                    "popGroup11": 10.636377116419292,
                    "popGroup12": 0.0,
                    "popGroup13": 0.0,
                    "popGroup14": 0.0,
                    "popGroup15": 0.0
                }
            },
            "60670": {
                "car": {
                    "popGroup2": 30.212775917831287,
                    "popGroup4": 0.0,
                    "popGroup6": 0.0,
                    "popGroup10": 31.16442735585765,
                    "popGroup12": 0.0,
                    "popGroup14": 0.0
                },
                "publicTransport": {
                    "popGroup0": 0.0,
                    "popGroup1": 0.0,
                    "popGroup2": 4.968902155582773,
                    "popGroup3": 5.150641292173097,
                    "popGroup4": 0.0,
                    "popGroup5": 0.0,
                    "popGroup6": 0.0,
                    "popGroup7": 0.0,
                    "popGroup8": 0.0,
                    "popGroup9": 0.0,
                    "popGroup10": 5.125395299695466,
                    "popGroup11": 5.1042411795314475,
                    "popGroup12": 0.0,
                    "popGroup13": 0.0,
                    "popGroup14": 0.0,
                    "popGroup15": 0.0
                }
            },
            "60662": {
                "car": {
                    "popGroup2": 5.540539832370369,
                    "popGroup4": 0.0,
                    "popGroup6": 0.0,
                    "popGroup10": 5.715079591989573,
                    "popGroup12": 0.0,
                    "popGroup14": 0.0
                },
                "publicTransport": {
                    "popGroup0": 0.0,
                    "popGroup1": 0.0,
                    "popGroup2": 1.3481096495242784,
                    "popGroup3": 1.6105059497247802,
                    "popGroup4": 0.0,
                    "popGroup5": 0.0,
                    "popGroup6": 0.0,
                    "popGroup7": 0.0,
                    "popGroup8": 0.0,
                    "popGroup9": 0.0,
                    "popGroup10": 1.390575213155235,
                    "popGroup11": 1.5959733901986737,
                    "popGroup12": 0.0,
                    "popGroup13": 0.0,
                    "popGroup14": 0.0,
                    "popGroup15": 0.0
                }
            },
            "60656": {
                "car": {
                    "popGroup2": 5.456611345854185,
                    "popGroup4": 0.0,
                    "popGroup6": 0.0,
                    "popGroup10": 5.628460788990598,
                    "popGroup12": 0.0,
                    "popGroup14": 0.0
                },
                "publicTransport": {
                    "popGroup0": 0.0,
                    "popGroup1": 0.0,
                    "popGroup2": 1.86509357748949,
                    "popGroup3": 2.7584448660448677,
                    "popGroup4": 0.0,
                    "popGroup5": 0.0,
                    "popGroup6": 0.0,
                    "popGroup7": 0.0,
                    "popGroup8": 0.0,
                    "popGroup9": 0.0,
                    "popGroup10": 1.9238216255285319,
                    "popGroup11": 2.7336812952423237,
                    "popGroup12": 0.0,
                    "popGroup13": 0.0,
                    "popGroup14": 0.0,
                    "popGroup15": 0.0
                }
            },
            "60655": {
                "car": {
                    "popGroup2": 7.644284895907509,
                    "popGroup4": 0.0,
                    "popGroup6": 0.0,
                    "popGroup10": 7.8850840311278665,
                    "popGroup12": 0.0,
                    "popGroup14": 0.0
                },
                "publicTransport": {
                    "popGroup0": 0.0,
                    "popGroup1": 0.0,
                    "popGroup2": 2.6805361881337406,
                    "popGroup3": 3.9195894200970463,
                    "popGroup4": 0.0,
                    "popGroup5": 0.0,
                    "popGroup6": 0.0,
                    "popGroup7": 0.0,
                    "popGroup8": 0.0,
                    "popGroup9": 0.0,
                    "popGroup10": 2.764965536035659,
                    "popGroup11": 3.8842910983268615,
                    "popGroup12": 0.0,
                    "popGroup13": 0.0,
                    "popGroup14": 0.0,
                    "popGroup15": 0.0
                }
            },
            "60624": {
                "car": {
                    "popGroup2": 19.786356507266674,
                    "popGroup4": 0.0,
                    "popGroup6": 0.0,
                    "popGroup10": 20.409878626405735,
                    "popGroup12": 0.0,
                    "popGroup14": 0.0
                },
                "publicTransport": {
                    "popGroup0": 0.0,
                    "popGroup1": 0.0,
                    "popGroup2": 6.162727777218503,
                    "popGroup3": 8.306314737862307,
                    "popGroup4": 0.0,
                    "popGroup5": 0.0,
                    "popGroup6": 0.0,
                    "popGroup7": 0.0,
                    "popGroup8": 0.0,
                    "popGroup9": 0.0,
                    "popGroup10": 6.356931799445637,
                    "popGroup11": 8.231109580664436,
                    "popGroup12": 0.0,
                    "popGroup13": 0.0,
                    "popGroup14": 0.0,
                    "popGroup15": 0.0
                }
            },
            "60660": {
                "car": {
                    "popGroup2": 6.03218395895032,
                    "popGroup4": 0.0,
                    "popGroup6": 0.0,
                    "popGroup10": 6.222066917151073,
                    "popGroup12": 0.0,
                    "popGroup14": 0.0
                },
                "publicTransport": {
                    "popGroup0": 0.0,
                    "popGroup1": 0.0,
                    "popGroup2": 1.1849187099162781,
                    "popGroup3": 1.3783283455207846,
                    "popGroup4": 0.0,
                    "popGroup5": 0.0,
                    "popGroup6": 0.0,
                    "popGroup7": 0.0,
                    "popGroup8": 0.0,
                    "popGroup9": 0.0,
                    "popGroup10": 1.222185458922508,
                    "popGroup11": 1.3660913697982777,
                    "popGroup12": 0.0,
                    "popGroup13": 0.0,
                    "popGroup14": 0.0,
                    "popGroup15": 0.0
                }
            },
            "60629": {
                "car": {
                    "popGroup2": 12.590634938828009,
                    "popGroup4": 0.0,
                    "popGroup6": 0.0,
                    "popGroup10": 12.987067779002114,
                    "popGroup12": 0.0,
                    "popGroup14": 0.0
                },
                "publicTransport": {
                    "popGroup0": 0.0,
                    "popGroup1": 0.0,
                    "popGroup2": 3.519695610757783,
                    "popGroup3": 4.754711573656798,
                    "popGroup4": 0.0,
                    "popGroup5": 0.0,
                    "popGroup6": 0.0,
                    "popGroup7": 0.0,
                    "popGroup8": 0.0,
                    "popGroup9": 0.0,
                    "popGroup10": 3.630481767345763,
                    "popGroup11": 4.712211344333218,
                    "popGroup12": 0.0,
                    "popGroup13": 0.0,
                    "popGroup14": 0.0,
                    "popGroup15": 0.0
                }
            },
            "60618": {
                "car": {
                    "popGroup2": 3.3708493882960946,
                    "popGroup4": 0.0,
                    "popGroup6": 0.0,
                    "popGroup10": 3.4770094445371553,
                    "popGroup12": 0.0,
                    "popGroup14": 0.0
                },
                "publicTransport": {
                    "popGroup0": 0.0,
                    "popGroup1": 0.0,
                    "popGroup2": 1.0569710658056952,
                    "popGroup3": 1.4102346619777677,
                    "popGroup4": 0.0,
                    "popGroup5": 0.0,
                    "popGroup6": 0.0,
                    "popGroup7": 0.0,
                    "popGroup8": 0.0,
                    "popGroup9": 0.0,
                    "popGroup10": 1.0902477051179347,
                    "popGroup11": 1.3976001104193496,
                    "popGroup12": 0.0,
                    "popGroup13": 0.0,
                    "popGroup14": 0.0,
                    "popGroup15": 0.0
                }
            },
            "61059": {
                "car": {
                    "popGroup2": 6.270210257476161,
                    "popGroup4": 0.0,
                    "popGroup6": 0.0,
                    "popGroup10": 6.467578436110053,
                    "popGroup12": 0.0,
                    "popGroup14": 0.0
                },
                "publicTransport": {
                    "popGroup0": 0.0,
                    "popGroup1": 0.0,
                    "popGroup2": 2.388251986138983,
                    "popGroup3": 3.6407473149902527,
                    "popGroup4": 0.0,
                    "popGroup5": 0.0,
                    "popGroup6": 0.0,
                    "popGroup7": 0.0,
                    "popGroup8": 0.0,
                    "popGroup9": 0.0,
                    "popGroup10": 2.463414702540924,
                    "popGroup11": 3.6082479085840413,
                    "popGroup12": 0.0,
                    "popGroup13": 0.0,
                    "popGroup14": 0.0,
                    "popGroup15": 0.0
                }
            },
            "61001": {
                "car": {
                    "popGroup2": 1.4171330832288318,
                    "popGroup4": 0.0,
                    "popGroup6": 0.0,
                    "popGroup10": 1.4617331582223105,
                    "popGroup12": 0.0,
                    "popGroup14": 0.0
                },
                "publicTransport": {
                    "popGroup0": 0.0,
                    "popGroup1": 0.0,
                    "popGroup2": 0.43599857241027706,
                    "popGroup3": 0.6759984196824165,
                    "popGroup4": 0.0,
                    "popGroup5": 0.0,
                    "popGroup6": 0.0,
                    "popGroup7": 0.0,
                    "popGroup8": 0.0,
                    "popGroup9": 0.0,
                    "popGroup10": 0.4497165045254594,
                    "popGroup11": 0.6699828205694762,
                    "popGroup12": 0.0,
                    "popGroup13": 0.0,
                    "popGroup14": 0.0,
                    "popGroup15": 0.0
                }
            },
            "61055": {
                "car": {
                    "popGroup2": 1.484356777413167,
                    "popGroup4": 0.0,
                    "popGroup6": 0.0,
                    "popGroup10": 1.5310382142075376,
                    "popGroup12": 0.0,
                    "popGroup14": 0.0
                },
                "publicTransport": {
                    "popGroup0": 0.0,
                    "popGroup1": 0.0,
                    "popGroup2": 0.4407045112086819,
                    "popGroup3": 0.7006196548879947,
                    "popGroup4": 0.0,
                    "popGroup5": 0.0,
                    "popGroup6": 0.0,
                    "popGroup7": 0.0,
                    "popGroup8": 0.0,
                    "popGroup9": 0.0,
                    "popGroup10": 0.45454995965491546,
                    "popGroup11": 0.694486149282801,
                    "popGroup12": 0.0,
                    "popGroup13": 0.0,
                    "popGroup14": 0.0,
                    "popGroup15": 0.0
                }
            },
            "61021": {
                "car": {
                    "popGroup2": 5.970780890005136,
                    "popGroup4": 0.0,
                    "popGroup6": 0.0,
                    "popGroup10": 6.158641665564821,
                    "popGroup12": 0.0,
                    "popGroup14": 0.0
                },
                "publicTransport": {
                    "popGroup0": 0.0,
                    "popGroup1": 0.0,
                    "popGroup2": 2.232044591991654,
                    "popGroup3": 3.4765584265601355,
                    "popGroup4": 0.0,
                    "popGroup5": 0.0,
                    "popGroup6": 0.0,
                    "popGroup7": 0.0,
                    "popGroup8": 0.0,
                    "popGroup9": 0.0,
                    "popGroup10": 2.3022521472733897,
                    "popGroup11": 3.4457169181960814,
                    "popGroup12": 0.0,
                    "popGroup13": 0.0,
                    "popGroup14": 0.0,
                    "popGroup15": 0.0
                }
            },
            "61017": {
                "car": {
                    "popGroup2": 0.9843779942727022,
                    "popGroup4": 0.0,
                    "popGroup6": 0.0,
                    "popGroup10": 1.0153364693182363,
                    "popGroup12": 0.0,
                    "popGroup14": 0.0
                },
                "publicTransport": {
                    "popGroup0": 0.0,
                    "popGroup1": 0.0,
                    "popGroup2": 0.3777584790505069,
                    "popGroup3": 0.5943154129537062,
                    "popGroup4": 0.0,
                    "popGroup5": 0.0,
                    "popGroup6": 0.0,
                    "popGroup7": 0.0,
                    "popGroup8": 0.0,
                    "popGroup9": 0.0,
                    "popGroup10": 0.3896237810017588,
                    "popGroup11": 0.5891243918242888,
                    "popGroup12": 0.0,
                    "popGroup13": 0.0,
                    "popGroup14": 0.0,
                    "popGroup15": 0.0
                }
            },
            "61020": {
                "car": {
                    "popGroup2": 1.5165028584829965,
                    "popGroup4": 0.0,
                    "popGroup6": 0.0,
                    "popGroup10": 1.5641934675198117,
                    "popGroup12": 0.0,
                    "popGroup14": 0.0
                },
                "publicTransport": {
                    "popGroup0": 0.0,
                    "popGroup1": 0.0,
                    "popGroup2": 0.5161098935512589,
                    "popGroup3": 0.8192789726059752,
                    "popGroup4": 0.0,
                    "popGroup5": 0.0,
                    "popGroup6": 0.0,
                    "popGroup7": 0.0,
                    "popGroup8": 0.0,
                    "popGroup9": 0.0,
                    "popGroup10": 0.5323302628675108,
                    "popGroup11": 0.8120779773410289,
                    "popGroup12": 0.0,
                    "popGroup13": 0.0,
                    "popGroup14": 0.0,
                    "popGroup15": 0.0
                }
            },
            "61012": {
                "car": {
                    "popGroup2": 3.032506831500923,
                    "popGroup4": 0.0,
                    "popGroup6": 0.0,
                    "popGroup10": 3.127864405422593,
                    "popGroup12": 0.0,
                    "popGroup14": 0.0
                },
                "publicTransport": {
                    "popGroup0": 0.0,
                    "popGroup1": 0.0,
                    "popGroup2": 1.0169774856333387,
                    "popGroup3": 1.5991353688210441,
                    "popGroup4": 0.0,
                    "popGroup5": 0.0,
                    "popGroup6": 0.0,
                    "popGroup7": 0.0,
                    "popGroup8": 0.0,
                    "popGroup9": 0.0,
                    "popGroup10": 1.0489307681413393,
                    "popGroup11": 1.5851153652387004,
                    "popGroup12": 0.0,
                    "popGroup13": 0.0,
                    "popGroup14": 0.0,
                    "popGroup15": 0.0
                }
            },
            "61043": {
                "car": {
                    "popGroup2": 3.0315765612418515,
                    "popGroup4": 0.0,
                    "popGroup6": 0.0,
                    "popGroup10": 3.1268910057448815,
                    "popGroup12": 0.0,
                    "popGroup14": 0.0
                },
                "publicTransport": {
                    "popGroup0": 0.0,
                    "popGroup1": 0.0,
                    "popGroup2": 1.063317496070222,
                    "popGroup3": 1.6921210844144605,
                    "popGroup4": 0.0,
                    "popGroup5": 0.0,
                    "popGroup6": 0.0,
                    "popGroup7": 0.0,
                    "popGroup8": 0.0,
                    "popGroup9": 0.0,
                    "popGroup10": 1.0967110221397212,
                    "popGroup11": 1.6773674827079068,
                    "popGroup12": 0.0,
                    "popGroup13": 0.0,
                    "popGroup14": 0.0,
                    "popGroup15": 0.0
                }
            },
            "61053": {
                "car": {
                    "popGroup2": 21.767855667344193,
                    "popGroup4": 0.0,
                    "popGroup6": 0.0,
                    "popGroup10": 22.452111606193046,
                    "popGroup12": 0.0,
                    "popGroup14": 0.0
                },
                "publicTransport": {
                    "popGroup0": 0.0,
                    "popGroup1": 0.0,
                    "popGroup2": 8.189018912208244,
                    "popGroup3": 13.09003092865131,
                    "popGroup4": 0.0,
                    "popGroup5": 0.0,
                    "popGroup6": 0.0,
                    "popGroup7": 0.0,
                    "popGroup8": 0.0,
                    "popGroup9": 0.0,
                    "popGroup10": 8.4461066669172,
                    "popGroup11": 12.97635967680974,
                    "popGroup12": 0.0,
                    "popGroup13": 0.0,
                    "popGroup14": 0.0,
                    "popGroup15": 0.0
                }
            },
            "61027": {
                "car": {
                    "popGroup2": 1.532603514832988,
                    "popGroup4": 0.0,
                    "popGroup6": 0.0,
                    "popGroup10": 1.5807888973063542,
                    "popGroup12": 0.0,
                    "popGroup14": 0.0
                },
                "publicTransport": {
                    "popGroup0": 0.0,
                    "popGroup1": 0.0,
                    "popGroup2": 0.5396699988453117,
                    "popGroup3": 0.8601253349366862,
                    "popGroup4": 0.0,
                    "popGroup5": 0.0,
                    "popGroup6": 0.0,
                    "popGroup7": 0.0,
                    "popGroup8": 0.0,
                    "popGroup9": 0.0,
                    "popGroup10": 0.5566180447619646,
                    "popGroup11": 0.852628146017466,
                    "popGroup12": 0.0,
                    "popGroup13": 0.0,
                    "popGroup14": 0.0,
                    "popGroup15": 0.0
                }
            },
            "61016": {
                "car": {
                    "popGroup2": 1.0579200222556941,
                    "popGroup4": 0.0,
                    "popGroup6": 0.0,
                    "popGroup10": 1.0911505475741143,
                    "popGroup12": 0.0,
                    "popGroup14": 0.0
                },
                "publicTransport": {
                    "popGroup0": 0.0,
                    "popGroup1": 0.0,
                    "popGroup2": 0.34245887339950176,
                    "popGroup3": 0.5567953637959682,
                    "popGroup4": 0.0,
                    "popGroup5": 0.0,
                    "popGroup6": 0.0,
                    "popGroup7": 0.0,
                    "popGroup8": 0.0,
                    "popGroup9": 0.0,
                    "popGroup10": 0.3531828594734716,
                    "popGroup11": 0.5520978115143521,
                    "popGroup12": 0.0,
                    "popGroup13": 0.0,
                    "popGroup14": 0.0,
                    "popGroup15": 0.0
                }
            },
            "61045": {
                "car": {
                    "popGroup2": 5.118153362397584,
                    "popGroup4": 0.0,
                    "popGroup6": 0.0,
                    "popGroup10": 5.27898454823485,
                    "popGroup12": 0.0,
                    "popGroup14": 0.0
                },
                "publicTransport": {
                    "popGroup0": 0.0,
                    "popGroup1": 0.0,
                    "popGroup2": 1.61553925452955,
                    "popGroup3": 2.604708199706232,
                    "popGroup4": 0.0,
                    "popGroup5": 0.0,
                    "popGroup6": 0.0,
                    "popGroup7": 0.0,
                    "popGroup8": 0.0,
                    "popGroup9": 0.0,
                    "popGroup10": 1.6662420395266704,
                    "popGroup11": 2.5821679953303813,
                    "popGroup12": 0.0,
                    "popGroup13": 0.0,
                    "popGroup14": 0.0,
                    "popGroup15": 0.0
                }
            },
            "61008": {
                "car": {
                    "popGroup2": 1.8524387676369527,
                    "popGroup4": 0.0,
                    "popGroup6": 0.0,
                    "popGroup10": 1.9106320056095607,
                    "popGroup12": 0.0,
                    "popGroup14": 0.0
                },
                "publicTransport": {
                    "popGroup0": 0.0,
                    "popGroup1": 0.0,
                    "popGroup2": 0.46949419302047735,
                    "popGroup3": 0.7664501818672949,
                    "popGroup4": 0.0,
                    "popGroup5": 0.0,
                    "popGroup6": 0.0,
                    "popGroup7": 0.0,
                    "popGroup8": 0.0,
                    "popGroup9": 0.0,
                    "popGroup10": 0.4842251299363289,
                    "popGroup11": 0.7598389854206112,
                    "popGroup12": 0.0,
                    "popGroup13": 0.0,
                    "popGroup14": 0.0,
                    "popGroup15": 0.0
                }
            },
            "61050": {
                "car": {
                    "popGroup2": 2.324660764768888,
                    "popGroup4": 0.0,
                    "popGroup6": 0.0,
                    "popGroup10": 2.3976383574495994,
                    "popGroup12": 0.0,
                    "popGroup14": 0.0
                },
                "publicTransport": {
                    "popGroup0": 0.0,
                    "popGroup1": 0.0,
                    "popGroup2": 0.7339091355391055,
                    "popGroup3": 1.202830499782567,
                    "popGroup4": 0.0,
                    "popGroup5": 0.0,
                    "popGroup6": 0.0,
                    "popGroup7": 0.0,
                    "popGroup8": 0.0,
                    "popGroup9": 0.0,
                    "popGroup10": 0.7569129968334345,
                    "popGroup11": 1.1925787532238274,
                    "popGroup12": 0.0,
                    "popGroup13": 0.0,
                    "popGroup14": 0.0,
                    "popGroup15": 0.0
                }
            },
            "61049": {
                "car": {
                    "popGroup2": 1.8213157208489927,
                    "popGroup4": 0.0,
                    "popGroup6": 0.0,
                    "popGroup10": 1.8785039051240588,
                    "popGroup12": 0.0,
                    "popGroup14": 0.0
                },
                "publicTransport": {
                    "popGroup0": 0.0,
                    "popGroup1": 0.0,
                    "popGroup2": 0.6991412052069985,
                    "popGroup3": 1.1370343576555868,
                    "popGroup4": 0.0,
                    "popGroup5": 0.0,
                    "popGroup6": 0.0,
                    "popGroup7": 0.0,
                    "popGroup8": 0.0,
                    "popGroup9": 0.0,
                    "popGroup10": 0.7210482606202053,
                    "popGroup11": 1.1273756200031815,
                    "popGroup12": 0.0,
                    "popGroup13": 0.0,
                    "popGroup14": 0.0,
                    "popGroup15": 0.0
                }
            },
            "61058": {
                "car": {
                    "popGroup2": 4.356077235051651,
                    "popGroup4": 0.0,
                    "popGroup6": 0.0,
                    "popGroup10": 4.492941564668438,
                    "popGroup12": 0.0,
                    "popGroup14": 0.0
                },
                "publicTransport": {
                    "popGroup0": 0.0,
                    "popGroup1": 0.0,
                    "popGroup2": 1.262247946278532,
                    "popGroup3": 2.073566717312499,
                    "popGroup4": 0.0,
                    "popGroup5": 0.0,
                    "popGroup6": 0.0,
                    "popGroup7": 0.0,
                    "popGroup8": 0.0,
                    "popGroup9": 0.0,
                    "popGroup10": 1.3017896950927037,
                    "popGroup11": 2.056009740692996,
                    "popGroup12": 0.0,
                    "popGroup13": 0.0,
                    "popGroup14": 0.0,
                    "popGroup15": 0.0
                }
            },
            "62347": {
                "car": {
                    "popGroup2": 0.5194721949137766,
                    "popGroup4": 0.0,
                    "popGroup6": 0.0,
                    "popGroup10": 0.5357874952698178,
                    "popGroup12": 0.0,
                    "popGroup14": 0.0
                },
                "publicTransport": {
                    "popGroup0": 0.0,
                    "popGroup1": 0.0,
                    "popGroup2": 0.12530536517185262,
                    "popGroup3": 0.2076096487782679,
                    "popGroup4": 0.0,
                    "popGroup5": 0.0,
                    "popGroup6": 0.0,
                    "popGroup7": 0.0,
                    "popGroup8": 0.0,
                    "popGroup9": 0.0,
                    "popGroup10": 0.12922852048135697,
                    "popGroup11": 0.2058640985421315,
                    "popGroup12": 0.0,
                    "popGroup13": 0.0,
                    "popGroup14": 0.0,
                    "popGroup15": 0.0
                }
            }
        }
    }
}