{
    "Sum_Trips_per_Mode": {
        "work": {
            "60101": {
                "car": 272.25581832128466,
                "publicTransport": 328.8523238912825
            },
            "60669": {
                "car": 11.747863641714819,
                "publicTransport": 16.328651749188733
            },
            "60608": {
                "car": 4.91069673339926,
                "publicTransport": 5.980339265976111
            },
            "60611": {
                "car": 2.245598205756698,
                "publicTransport": 2.3228695880681327
            },
            "60670": {
                "car": 8.858506348793004,
                "publicTransport": 12.300901767326447
            },
            "60662": {
                "car": 1.5881998294029722,
                "publicTransport": 1.6457349782099318
            },
            "60656": {
                "car": 1.6234148516786888,
                "publicTransport": 1.684152894704445
            },
            "60655": {
                "car": 2.35869887251368,
                "publicTransport": 2.0476500780597697
            },
            "60624": {
                "car": 6.2014447334125915,
                "publicTransport": 7.513114360853858
            },
            "60660": {
                "car": 2.0633849025801565,
                "publicTransport": 2.512829120518839
            },
            "60629": {
                "car": 4.210107083866603,
                "publicTransport": 5.841675713182942
            },
            "60618": {
                "car": 1.0149751253686943,
                "publicTransport": 1.3229609782682792
            },
            "61059": {
                "car": 2.1039216239769765,
                "publicTransport": 1.355939401651784
            },
            "61001": {
                "car": 0.37864005186719724,
                "publicTransport": 0.32739172171927755
            },
            "61055": {
                "car": 0.39467633124369395,
                "publicTransport": 0.28180666321182973
            },
            "61021": {
                "car": 1.9561452371805432,
                "publicTransport": 1.0476485103019486
            },
            "61017": {
                "car": 0.32047657607233054,
                "publicTransport": 0.16728685085965367
            },
            "61020": {
                "car": 0.4888475845338973,
                "publicTransport": 0.2094059721280649
            },
            "61012": {
                "car": 0.9897080768737787,
                "publicTransport": 0.4259279551237222
            },
            "61043": {
                "car": 0.9788788129365695,
                "publicTransport": 0.4229311782362168
            },
            "61053": {
                "car": 7.275408736282836,
                "publicTransport": 2.414081074721155
            },
            "61027": {
                "car": 0.43827771224234213,
                "publicTransport": 0.2129995363966853
            },
            "61016": {
                "car": 0.32101495369488764,
                "publicTransport": 0.11974987466613216
            },
            "61045": {
                "car": 1.7164669907017969,
                "publicTransport": 0.44443317861519815
            },
            "61008": {
                "car": 0.525879990804266,
                "publicTransport": 0.2082098415236273
            },
            "61050": {
                "car": 0.986669096477844,
                "publicTransport": 0.18943350337367187
            },
            "61049": {
                "car": 0.7493866560707616,
                "publicTransport": 0.18349290984935485
            },
            "61058": {
                "car": 1.4456651506548401,
                "publicTransport": 0.37639475671587475
            },
            "62347": {
                "car": 0.1733779400640287,
                "publicTransport": 0.037512513816840856
            }
        }
    },
    "Trips_per_group": {
        "work": {
            "60101": {
                "car": {
                    "popGroup2": 143.9256755830356,
                    "popGroup4": 0.0,
                    "popGroup6": 0.0,
                    "popGroup10": 128.3301427382491,
                    "popGroup12": 0.0,
                    "popGroup14": 0.0
                },
                "publicTransport": {
                    "popGroup0": 0.0,
                    "popGroup1": 0.0,
                    "popGroup2": 111.23350050263423,
                    "popGroup3": 59.21127028480292,
                    "popGroup4": 0.0,
                    "popGroup5": 0.0,
                    "popGroup6": 0.0,
                    "popGroup7": 0.0,
                    "popGroup8": 0.0,
                    "popGroup9": 0.0,
                    "popGroup10": 99.1958833638477,
                    "popGroup11": 59.21166973999763,
                    "popGroup12": 0.0,
                    "popGroup13": 0.0,
                    "popGroup14": 0.0,
                    "popGroup15": 0.0
                }
            },
            "60669": {
                "car": {
                    "popGroup2": 6.210541302072003,
                    "popGroup4": 0.0,
                    "popGroup6": 0.0,
                    "popGroup10": 5.537322339642817,
                    "popGroup12": 0.0,
                    "popGroup14": 0.0
                },
                "publicTransport": {
                    "popGroup0": 0.0,
                    "popGroup1": 0.0,
                    "popGroup2": 5.523413653927786,
                    "popGroup3": 2.9402853426802813,
                    "popGroup4": 0.0,
                    "popGroup5": 0.0,
                    "popGroup6": 0.0,
                    "popGroup7": 0.0,
                    "popGroup8": 0.0,
                    "popGroup9": 0.0,
                    "popGroup10": 4.924907723509571,
                    "popGroup11": 2.940045029071094,
                    "popGroup12": 0.0,
                    "popGroup13": 0.0,
                    "popGroup14": 0.0,
                    "popGroup15": 0.0
                }
            },
            "60608": {
                "car": {
                    "popGroup2": 2.5960335315625245,
                    "popGroup4": 0.0,
                    "popGroup6": 0.0,
                    "popGroup10": 2.3146632018367357,
                    "popGroup12": 0.0,
                    "popGroup14": 0.0
                },
                "publicTransport": {
                    "popGroup0": 0.0,
                    "popGroup1": 0.0,
                    "popGroup2": 2.022912823000645,
                    "popGroup3": 1.0768510654609524,
                    "popGroup4": 0.0,
                    "popGroup5": 0.0,
                    "popGroup6": 0.0,
                    "popGroup7": 0.0,
                    "popGroup8": 0.0,
                    "popGroup9": 0.0,
                    "popGroup10": 1.8037874106255596,
                    "popGroup11": 1.076787966888954,
                    "popGroup12": 0.0,
                    "popGroup13": 0.0,
                    "popGroup14": 0.0,
                    "popGroup15": 0.0
                }
            },
            "60611": {
                "car": {
                    "popGroup2": 1.1871053991746652,
                    "popGroup4": 0.0,
                    "popGroup6": 0.0,
                    "popGroup10": 1.058492806582033,
                    "popGroup12": 0.0,
                    "popGroup14": 0.0
                },
                "publicTransport": {
                    "popGroup0": 0.0,
                    "popGroup1": 0.0,
                    "popGroup2": 0.785692597224379,
                    "popGroup3": 0.4182321751855955,
                    "popGroup4": 0.0,
                    "popGroup5": 0.0,
                    "popGroup6": 0.0,
                    "popGroup7": 0.0,
                    "popGroup8": 0.0,
                    "popGroup9": 0.0,
                    "popGroup10": 0.7006985675178125,
                    "popGroup11": 0.41824624814034583,
                    "popGroup12": 0.0,
                    "popGroup13": 0.0,
                    "popGroup14": 0.0,
                    "popGroup15": 0.0
                }
            },
            "60670": {
                "car": {
                    "popGroup2": 4.6830625417741585,
                    "popGroup4": 0.0,
                    "popGroup6": 0.0,
                    "popGroup10": 4.175443807018845,
                    "popGroup12": 0.0,
                    "popGroup14": 0.0
                },
                "publicTransport": {
                    "popGroup0": 0.0,
                    "popGroup1": 0.0,
                    "popGroup2": 4.1609421736719545,
                    "popGroup3": 2.214991819899042,
                    "popGroup4": 0.0,
                    "popGroup5": 0.0,
                    "popGroup6": 0.0,
                    "popGroup7": 0.0,
                    "popGroup8": 0.0,
                    "popGroup9": 0.0,
                    "popGroup10": 3.710135156569167,
                    "popGroup11": 2.2148326171862838,
                    "popGroup12": 0.0,
                    "popGroup13": 0.0,
                    "popGroup14": 0.0,
                    "popGroup15": 0.0
                }
            },
            "60662": {
                "car": {
                    "popGroup2": 0.8395830901831104,
                    "popGroup4": 0.0,
                    "popGroup6": 0.0,
                    "popGroup10": 0.7486167392198618,
                    "popGroup12": 0.0,
                    "popGroup14": 0.0
                },
                "publicTransport": {
                    "popGroup0": 0.0,
                    "popGroup1": 0.0,
                    "popGroup2": 0.5566623533958034,
                    "popGroup3": 0.2963186794754793,
                    "popGroup4": 0.0,
                    "popGroup5": 0.0,
                    "popGroup6": 0.0,
                    "popGroup7": 0.0,
                    "popGroup8": 0.0,
                    "popGroup9": 0.0,
                    "popGroup10": 0.49643008306035796,
                    "popGroup11": 0.29632386227829116,
                    "popGroup12": 0.0,
                    "popGroup13": 0.0,
                    "popGroup14": 0.0,
                    "popGroup15": 0.0
                }
            },
            "60656": {
                "car": {
                    "popGroup2": 0.8582066558268721,
                    "popGroup4": 0.0,
                    "popGroup6": 0.0,
                    "popGroup10": 0.7652081958518169,
                    "popGroup12": 0.0,
                    "popGroup14": 0.0
                },
                "publicTransport": {
                    "popGroup0": 0.0,
                    "popGroup1": 0.0,
                    "popGroup2": 0.5696712488341913,
                    "popGroup3": 0.30324789145392334,
                    "popGroup4": 0.0,
                    "popGroup5": 0.0,
                    "popGroup6": 0.0,
                    "popGroup7": 0.0,
                    "popGroup8": 0.0,
                    "popGroup9": 0.0,
                    "popGroup10": 0.5079934478647223,
                    "popGroup11": 0.30324030655160805,
                    "popGroup12": 0.0,
                    "popGroup13": 0.0,
                    "popGroup14": 0.0,
                    "popGroup15": 0.0
                }
            },
            "60655": {
                "car": {
                    "popGroup2": 1.2468983131303362,
                    "popGroup4": 0.0,
                    "popGroup6": 0.0,
                    "popGroup10": 1.1118005593833438,
                    "popGroup12": 0.0,
                    "popGroup14": 0.0
                },
                "publicTransport": {
                    "popGroup0": 0.0,
                    "popGroup1": 0.0,
                    "popGroup2": 0.6926177009002096,
                    "popGroup3": 0.3686924090642182,
                    "popGroup4": 0.0,
                    "popGroup5": 0.0,
                    "popGroup6": 0.0,
                    "popGroup7": 0.0,
                    "popGroup8": 0.0,
                    "popGroup9": 0.0,
                    "popGroup10": 0.6176496323888497,
                    "popGroup11": 0.36869033570649234,
                    "popGroup12": 0.0,
                    "popGroup13": 0.0,
                    "popGroup14": 0.0,
                    "popGroup15": 0.0
                }
            },
            "60624": {
                "car": {
                    "popGroup2": 3.2783494252586514,
                    "popGroup4": 0.0,
                    "popGroup6": 0.0,
                    "popGroup10": 2.9230953081539406,
                    "popGroup12": 0.0,
                    "popGroup14": 0.0
                },
                "publicTransport": {
                    "popGroup0": 0.0,
                    "popGroup1": 0.0,
                    "popGroup2": 2.541315043095236,
                    "popGroup3": 1.3527872608867089,
                    "popGroup4": 0.0,
                    "popGroup5": 0.0,
                    "popGroup6": 0.0,
                    "popGroup7": 0.0,
                    "popGroup8": 0.0,
                    "popGroup9": 0.0,
                    "popGroup10": 2.2662359343521263,
                    "popGroup11": 1.3527761225197867,
                    "popGroup12": 0.0,
                    "popGroup13": 0.0,
                    "popGroup14": 0.0,
                    "popGroup15": 0.0
                }
            },
            "60660": {
                "car": {
                    "popGroup2": 1.0908057830543378,
                    "popGroup4": 0.0,
                    "popGroup6": 0.0,
                    "popGroup10": 0.9725791195258185,
                    "popGroup12": 0.0,
                    "popGroup14": 0.0
                },
                "publicTransport": {
                    "popGroup0": 0.0,
                    "popGroup1": 0.0,
                    "popGroup2": 0.8499909493140282,
                    "popGroup3": 0.4524731115418343,
                    "popGroup4": 0.0,
                    "popGroup5": 0.0,
                    "popGroup6": 0.0,
                    "popGroup7": 0.0,
                    "popGroup8": 0.0,
                    "popGroup9": 0.0,
                    "popGroup10": 0.7579184609864047,
                    "popGroup11": 0.452446598676572,
                    "popGroup12": 0.0,
                    "popGroup13": 0.0,
                    "popGroup14": 0.0,
                    "popGroup15": 0.0
                }
            },
            "60629": {
                "car": {
                    "popGroup2": 2.2257062360235715,
                    "popGroup4": 0.0,
                    "popGroup6": 0.0,
                    "popGroup10": 1.9844008478430322,
                    "popGroup12": 0.0,
                    "popGroup14": 0.0
                },
                "publicTransport": {
                    "popGroup0": 0.0,
                    "popGroup1": 0.0,
                    "popGroup2": 1.9760719148980692,
                    "popGroup3": 1.0519360746509667,
                    "popGroup4": 0.0,
                    "popGroup5": 0.0,
                    "popGroup6": 0.0,
                    "popGroup7": 0.0,
                    "popGroup8": 0.0,
                    "popGroup9": 0.0,
                    "popGroup10": 1.761850878643104,
                    "popGroup11": 1.0518168449908023,
                    "popGroup12": 0.0,
                    "popGroup13": 0.0,
                    "popGroup14": 0.0,
                    "popGroup15": 0.0
                }
            },
            "60618": {
                "car": {
                    "popGroup2": 0.5365661397901815,
                    "popGroup4": 0.0,
                    "popGroup6": 0.0,
                    "popGroup10": 0.47840898557851286,
                    "popGroup12": 0.0,
                    "popGroup14": 0.0
                },
                "publicTransport": {
                    "popGroup0": 0.0,
                    "popGroup1": 0.0,
                    "popGroup2": 0.4475051881598726,
                    "popGroup3": 0.23821898620559506,
                    "popGroup4": 0.0,
                    "popGroup5": 0.0,
                    "popGroup6": 0.0,
                    "popGroup7": 0.0,
                    "popGroup8": 0.0,
                    "popGroup9": 0.0,
                    "popGroup10": 0.39903149156952744,
                    "popGroup11": 0.23820531233328418,
                    "popGroup12": 0.0,
                    "popGroup13": 0.0,
                    "popGroup14": 0.0,
                    "popGroup15": 0.0
                }
            },
            "61059": {
                "car": {
                    "popGroup2": 1.112212529137501,
                    "popGroup4": 0.0,
                    "popGroup6": 0.0,
                    "popGroup10": 0.9917090948394757,
                    "popGroup12": 0.0,
                    "popGroup14": 0.0
                },
                "publicTransport": {
                    "popGroup0": 0.0,
                    "popGroup1": 0.0,
                    "popGroup2": 0.45862536509423557,
                    "popGroup3": 0.24412766469567299,
                    "popGroup4": 0.0,
                    "popGroup5": 0.0,
                    "popGroup6": 0.0,
                    "popGroup7": 0.0,
                    "popGroup8": 0.0,
                    "popGroup9": 0.0,
                    "popGroup10": 0.4090408693010866,
                    "popGroup11": 0.24414550256078896,
                    "popGroup12": 0.0,
                    "popGroup13": 0.0,
                    "popGroup14": 0.0,
                    "popGroup15": 0.0
                }
            },
            "61001": {
                "car": {
                    "popGroup2": 0.2001585858530828,
                    "popGroup4": 0.0,
                    "popGroup6": 0.0,
                    "popGroup10": 0.17848146601411444,
                    "popGroup12": 0.0,
                    "popGroup14": 0.0
                },
                "publicTransport": {
                    "popGroup0": 0.0,
                    "popGroup1": 0.0,
                    "popGroup2": 0.11073109165700303,
                    "popGroup3": 0.05894123716595337,
                    "popGroup4": 0.0,
                    "popGroup5": 0.0,
                    "popGroup6": 0.0,
                    "popGroup7": 0.0,
                    "popGroup8": 0.0,
                    "popGroup9": 0.0,
                    "popGroup10": 0.0987701721535554,
                    "popGroup11": 0.05894922074276576,
                    "popGroup12": 0.0,
                    "popGroup13": 0.0,
                    "popGroup14": 0.0,
                    "popGroup15": 0.0
                }
            },
            "61055": {
                "car": {
                    "popGroup2": 0.2086316732819043,
                    "popGroup4": 0.0,
                    "popGroup6": 0.0,
                    "popGroup10": 0.18604465796178968,
                    "popGroup12": 0.0,
                    "popGroup14": 0.0
                },
                "publicTransport": {
                    "popGroup0": 0.0,
                    "popGroup1": 0.0,
                    "popGroup2": 0.09530809381657541,
                    "popGroup3": 0.05073011428064966,
                    "popGroup4": 0.0,
                    "popGroup5": 0.0,
                    "popGroup6": 0.0,
                    "popGroup7": 0.0,
                    "popGroup8": 0.0,
                    "popGroup9": 0.0,
                    "popGroup10": 0.0850268189848897,
                    "popGroup11": 0.05074163612971499,
                    "popGroup12": 0.0,
                    "popGroup13": 0.0,
                    "popGroup14": 0.0,
                    "popGroup15": 0.0
                }
            },
            "61021": {
                "car": {
                    "popGroup2": 1.0340830172471778,
                    "popGroup4": 0.0,
                    "popGroup6": 0.0,
                    "popGroup10": 0.9220622199333655,
                    "popGroup12": 0.0,
                    "popGroup14": 0.0
                },
                "publicTransport": {
                    "popGroup0": 0.0,
                    "popGroup1": 0.0,
                    "popGroup2": 0.35434483757726365,
                    "popGroup3": 0.1886169828054729,
                    "popGroup4": 0.0,
                    "popGroup5": 0.0,
                    "popGroup6": 0.0,
                    "popGroup7": 0.0,
                    "popGroup8": 0.0,
                    "popGroup9": 0.0,
                    "popGroup10": 0.316050535909548,
                    "popGroup11": 0.18863615400966402,
                    "popGroup12": 0.0,
                    "popGroup13": 0.0,
                    "popGroup14": 0.0,
                    "popGroup15": 0.0
                }
            },
            "61017": {
                "car": {
                    "popGroup2": 0.16941248468485326,
                    "popGroup4": 0.0,
                    "popGroup6": 0.0,
                    "popGroup10": 0.15106409138747728,
                    "popGroup12": 0.0,
                    "popGroup14": 0.0
                },
                "publicTransport": {
                    "popGroup0": 0.0,
                    "popGroup1": 0.0,
                    "popGroup2": 0.056579117808440375,
                    "popGroup3": 0.030116288633482594,
                    "popGroup4": 0.0,
                    "popGroup5": 0.0,
                    "popGroup6": 0.0,
                    "popGroup7": 0.0,
                    "popGroup8": 0.0,
                    "popGroup9": 0.0,
                    "popGroup10": 0.05047018696103071,
                    "popGroup11": 0.030121257456699985,
                    "popGroup12": 0.0,
                    "popGroup13": 0.0,
                    "popGroup14": 0.0,
                    "popGroup15": 0.0
                }
            },
            "61020": {
                "car": {
                    "popGroup2": 0.2584179971245299,
                    "popGroup4": 0.0,
                    "popGroup6": 0.0,
                    "popGroup10": 0.23042958740936742,
                    "popGroup12": 0.0,
                    "popGroup14": 0.0
                },
                "publicTransport": {
                    "popGroup0": 0.0,
                    "popGroup1": 0.0,
                    "popGroup2": 0.07082617443315752,
                    "popGroup3": 0.03770032489611797,
                    "popGroup4": 0.0,
                    "popGroup5": 0.0,
                    "popGroup6": 0.0,
                    "popGroup7": 0.0,
                    "popGroup8": 0.0,
                    "popGroup9": 0.0,
                    "popGroup10": 0.0631744591344106,
                    "popGroup11": 0.03770501366437879,
                    "popGroup12": 0.0,
                    "popGroup13": 0.0,
                    "popGroup14": 0.0,
                    "popGroup15": 0.0
                }
            },
            "61012": {
                "car": {
                    "popGroup2": 0.5231848127437724,
                    "popGroup4": 0.0,
                    "popGroup6": 0.0,
                    "popGroup10": 0.4665232641300064,
                    "popGroup12": 0.0,
                    "popGroup14": 0.0
                },
                "publicTransport": {
                    "popGroup0": 0.0,
                    "popGroup1": 0.0,
                    "popGroup2": 0.1440573837676792,
                    "popGroup3": 0.07668028505055399,
                    "popGroup4": 0.0,
                    "popGroup5": 0.0,
                    "popGroup6": 0.0,
                    "popGroup7": 0.0,
                    "popGroup8": 0.0,
                    "popGroup9": 0.0,
                    "popGroup10": 0.12849885678094217,
                    "popGroup11": 0.07669142952454681,
                    "popGroup12": 0.0,
                    "popGroup13": 0.0,
                    "popGroup14": 0.0,
                    "popGroup15": 0.0
                }
            },
            "61043": {
                "car": {
                    "popGroup2": 0.5174586745600686,
                    "popGroup4": 0.0,
                    "popGroup6": 0.0,
                    "popGroup10": 0.46142013837650103,
                    "popGroup12": 0.0,
                    "popGroup14": 0.0
                },
                "publicTransport": {
                    "popGroup0": 0.0,
                    "popGroup1": 0.0,
                    "popGroup2": 0.14304195494914362,
                    "popGroup3": 0.07613920622977187,
                    "popGroup4": 0.0,
                    "popGroup5": 0.0,
                    "popGroup6": 0.0,
                    "popGroup7": 0.0,
                    "popGroup8": 0.0,
                    "popGroup9": 0.0,
                    "popGroup10": 0.12759805894340082,
                    "popGroup11": 0.07615195811390045,
                    "popGroup12": 0.0,
                    "popGroup13": 0.0,
                    "popGroup14": 0.0,
                    "popGroup15": 0.0
                }
            },
            "61053": {
                "car": {
                    "popGroup2": 3.8459804325135467,
                    "popGroup4": 0.0,
                    "popGroup6": 0.0,
                    "popGroup10": 3.429428303769289,
                    "popGroup12": 0.0,
                    "popGroup14": 0.0
                },
                "publicTransport": {
                    "popGroup0": 0.0,
                    "popGroup1": 0.0,
                    "popGroup2": 0.8164927004915415,
                    "popGroup3": 0.4346114117985437,
                    "popGroup4": 0.0,
                    "popGroup5": 0.0,
                    "popGroup6": 0.0,
                    "popGroup7": 0.0,
                    "popGroup8": 0.0,
                    "popGroup9": 0.0,
                    "popGroup10": 0.7283042150069328,
                    "popGroup11": 0.43467274742413675,
                    "popGroup12": 0.0,
                    "popGroup13": 0.0,
                    "popGroup14": 0.0,
                    "popGroup15": 0.0
                }
            },
            "61027": {
                "car": {
                    "popGroup2": 0.23167695350676587,
                    "popGroup4": 0.0,
                    "popGroup6": 0.0,
                    "popGroup10": 0.20660075873557623,
                    "popGroup12": 0.0,
                    "popGroup14": 0.0
                },
                "publicTransport": {
                    "popGroup0": 0.0,
                    "popGroup1": 0.0,
                    "popGroup2": 0.07203978249252208,
                    "popGroup3": 0.038345755676341055,
                    "popGroup4": 0.0,
                    "popGroup5": 0.0,
                    "popGroup6": 0.0,
                    "popGroup7": 0.0,
                    "popGroup8": 0.0,
                    "popGroup9": 0.0,
                    "popGroup10": 0.06426182035905988,
                    "popGroup11": 0.038352177868762306,
                    "popGroup12": 0.0,
                    "popGroup13": 0.0,
                    "popGroup14": 0.0,
                    "popGroup15": 0.0
                }
            },
            "61016": {
                "car": {
                    "popGroup2": 0.1696932048872148,
                    "popGroup4": 0.0,
                    "popGroup6": 0.0,
                    "popGroup10": 0.15132174880767282,
                    "popGroup12": 0.0,
                    "popGroup14": 0.0
                },
                "publicTransport": {
                    "popGroup0": 0.0,
                    "popGroup1": 0.0,
                    "popGroup2": 0.04049838260668359,
                    "popGroup3": 0.021555815243189967,
                    "popGroup4": 0.0,
                    "popGroup5": 0.0,
                    "popGroup6": 0.0,
                    "popGroup7": 0.0,
                    "popGroup8": 0.0,
                    "popGroup9": 0.0,
                    "popGroup10": 0.036133618338993846,
                    "popGroup11": 0.021562058477264757,
                    "popGroup12": 0.0,
                    "popGroup13": 0.0,
                    "popGroup14": 0.0,
                    "popGroup15": 0.0
                }
            },
            "61045": {
                "car": {
                    "popGroup2": 0.9073641240015226,
                    "popGroup4": 0.0,
                    "popGroup6": 0.0,
                    "popGroup10": 0.8091028667002743,
                    "popGroup12": 0.0,
                    "popGroup14": 0.0
                },
                "publicTransport": {
                    "popGroup0": 0.0,
                    "popGroup1": 0.0,
                    "popGroup2": 0.15031745655001663,
                    "popGroup3": 0.08001283986294137,
                    "popGroup4": 0.0,
                    "popGroup5": 0.0,
                    "popGroup6": 0.0,
                    "popGroup7": 0.0,
                    "popGroup8": 0.0,
                    "popGroup9": 0.0,
                    "popGroup10": 0.1340795308709738,
                    "popGroup11": 0.08002335133126635,
                    "popGroup12": 0.0,
                    "popGroup13": 0.0,
                    "popGroup14": 0.0,
                    "popGroup15": 0.0
                }
            },
            "61008": {
                "car": {
                    "popGroup2": 0.2779779028023749,
                    "popGroup4": 0.0,
                    "popGroup6": 0.0,
                    "popGroup10": 0.247902088001891,
                    "popGroup12": 0.0,
                    "popGroup14": 0.0
                },
                "publicTransport": {
                    "popGroup0": 0.0,
                    "popGroup1": 0.0,
                    "popGroup2": 0.07041593745750287,
                    "popGroup3": 0.037480197858623866,
                    "popGroup4": 0.0,
                    "popGroup5": 0.0,
                    "popGroup6": 0.0,
                    "popGroup7": 0.0,
                    "popGroup8": 0.0,
                    "popGroup9": 0.0,
                    "popGroup10": 0.06282369719046108,
                    "popGroup11": 0.03749000901703948,
                    "popGroup12": 0.0,
                    "popGroup13": 0.0,
                    "popGroup14": 0.0,
                    "popGroup15": 0.0
                }
            },
            "61050": {
                "car": {
                    "popGroup2": 0.521548208721308,
                    "popGroup4": 0.0,
                    "popGroup6": 0.0,
                    "popGroup10": 0.4651208877565359,
                    "popGroup12": 0.0,
                    "popGroup14": 0.0
                },
                "publicTransport": {
                    "popGroup0": 0.0,
                    "popGroup1": 0.0,
                    "popGroup2": 0.06406925457837125,
                    "popGroup3": 0.03410311649328737,
                    "popGroup4": 0.0,
                    "popGroup5": 0.0,
                    "popGroup6": 0.0,
                    "popGroup7": 0.0,
                    "popGroup8": 0.0,
                    "popGroup9": 0.0,
                    "popGroup10": 0.057152187813229546,
                    "popGroup11": 0.03410894448878372,
                    "popGroup12": 0.0,
                    "popGroup13": 0.0,
                    "popGroup14": 0.0,
                    "popGroup15": 0.0
                }
            },
            "61049": {
                "car": {
                    "popGroup2": 0.3961289543226653,
                    "popGroup4": 0.0,
                    "popGroup6": 0.0,
                    "popGroup10": 0.35325770174809634,
                    "popGroup12": 0.0,
                    "popGroup14": 0.0
                },
                "publicTransport": {
                    "popGroup0": 0.0,
                    "popGroup1": 0.0,
                    "popGroup2": 0.06205908037345085,
                    "popGroup3": 0.0330328280307984,
                    "popGroup4": 0.0,
                    "popGroup5": 0.0,
                    "popGroup6": 0.0,
                    "popGroup7": 0.0,
                    "popGroup8": 0.0,
                    "popGroup9": 0.0,
                    "popGroup10": 0.055361643240632245,
                    "popGroup11": 0.03303935820447334,
                    "popGroup12": 0.0,
                    "popGroup13": 0.0,
                    "popGroup14": 0.0,
                    "popGroup15": 0.0
                }
            },
            "61058": {
                "car": {
                    "popGroup2": 0.7642096996140741,
                    "popGroup4": 0.0,
                    "popGroup6": 0.0,
                    "popGroup10": 0.681455451040766,
                    "popGroup12": 0.0,
                    "popGroup14": 0.0
                },
                "publicTransport": {
                    "popGroup0": 0.0,
                    "popGroup1": 0.0,
                    "popGroup2": 0.1272878684377261,
                    "popGroup3": 0.067748957862848,
                    "popGroup4": 0.0,
                    "popGroup5": 0.0,
                    "popGroup6": 0.0,
                    "popGroup7": 0.0,
                    "popGroup8": 0.0,
                    "popGroup9": 0.0,
                    "popGroup10": 0.11358425387351143,
                    "popGroup11": 0.06777367654178923,
                    "popGroup12": 0.0,
                    "popGroup13": 0.0,
                    "popGroup14": 0.0,
                    "popGroup15": 0.0
                }
            },
            "62347": {
                "car": {
                    "popGroup2": 0.09165046483754632,
                    "popGroup4": 0.0,
                    "popGroup6": 0.0,
                    "popGroup10": 0.08172747522648238,
                    "popGroup12": 0.0,
                    "popGroup14": 0.0
                },
                "publicTransport": {
                    "popGroup0": 0.0,
                    "popGroup1": 0.0,
                    "popGroup2": 0.012685648127438746,
                    "popGroup3": 0.006751872108196504,
                    "popGroup4": 0.0,
                    "popGroup5": 0.0,
                    "popGroup6": 0.0,
                    "popGroup7": 0.0,
                    "popGroup8": 0.0,
                    "popGroup9": 0.0,
                    "popGroup10": 0.011320473478395238,
                    "popGroup11": 0.006754520102810368,
                    "popGroup12": 0.0,
                    "popGroup13": 0.0,
                    "popGroup14": 0.0,
                    "popGroup15": 0.0
                }
            }
        }
    }
}