{
    "Sum_Trips_per_Mode": {
        "work": {
            "60101": {
                "car": 408.77172557372876,
                "publicTransport": 65.4292032343312
            },
            "60669": {
                "car": 19.50291740184408,
                "publicTransport": 33.04561039229137
            },
            "60608": {
                "car": 8.162580933842424,
                "publicTransport": 11.512921960310559
            },
            "60611": {
                "car": 3.5822539156093276,
                "publicTransport": 5.050568018107331
            },
            "60670": {
                "car": 16.302157682151375,
                "publicTransport": 31.469257160984498
            },
            "60662": {
                "car": 2.5876519479604774,
                "publicTransport": 3.0290724363689256
            },
            "60656": {
                "car": 2.7779145014104243,
                "publicTransport": 3.835901143736306
            },
            "60655": {
                "car": 3.9132016180485953,
                "publicTransport": 4.547930944387655
            },
            "60624": {
                "car": 10.591300608889874,
                "publicTransport": 18.284677338671095
            },
            "60660": {
                "car": 3.624458911588634,
                "publicTransport": 5.642823293915472
            },
            "60629": {
                "car": 7.384631389064474,
                "publicTransport": 8.952488005999612
            },
            "60618": {
                "car": 1.117388971790283,
                "publicTransport": 2.895567363709095
            },
            "61059": {
                "car": 3.3040470836435483,
                "publicTransport": 1.3607397489851114
            },
            "61001": {
                "car": 0.5690390772766103,
                "publicTransport": 0.6403615159413916
            },
            "61055": {
                "car": 0.5660229235318345,
                "publicTransport": 0.5820035980191158
            },
            "61021": {
                "car": 2.9038670801604405,
                "publicTransport": 1.0297941285677472
            },
            "61017": {
                "car": 0.4759667740236699,
                "publicTransport": 0.2265996235015242
            },
            "61020": {
                "car": 0.7056151882420874,
                "publicTransport": 0.258685673446631
            },
            "61012": {
                "car": 1.399985573761719,
                "publicTransport": 0.5310466084563885
            },
            "61043": {
                "car": 1.3866781497285716,
                "publicTransport": 0.5457835372379706
            },
            "61053": {
                "car": 10.187149694854282,
                "publicTransport": 3.4949158120855754
            },
            "61027": {
                "car": 0.6112049583548826,
                "publicTransport": 0.27526594054700937
            },
            "61016": {
                "car": 0.4264583673738431,
                "publicTransport": 0.19225829323556276
            },
            "61045": {
                "car": 2.3463755778117106,
                "publicTransport": 0.7213876375668871
            },
            "61008": {
                "car": 0.7009771682500157,
                "publicTransport": 0.3299568369473579
            },
            "61050": {
                "car": 1.2713923467322714,
                "publicTransport": 0.3434358197732382
            },
            "61049": {
                "car": 1.0011025794476218,
                "publicTransport": 0.31326237770097765
            },
            "61058": {
                "car": 1.9069686365268415,
                "publicTransport": 0.6788642945145097
            },
            "62347": {
                "car": 0.22389800992819203,
                "publicTransport": 0.07174096624810687
            }
        }
    },
    "Trips_per_group": {
        "work": {
            "60101": {
                "car": {
                    "popGroup2": 216.26730635716854,
                    "popGroup4": 0.0,
                    "popGroup6": 0.0,
                    "popGroup10": 192.50441921656022,
                    "popGroup12": 0.0,
                    "popGroup14": 0.0
                },
                "publicTransport": {
                    "popGroup0": 0.0,
                    "popGroup1": 0.0,
                    "popGroup2": 12.853116788151137,
                    "popGroup3": 20.565493289861475,
                    "popGroup4": 0.0,
                    "popGroup5": 0.0,
                    "popGroup6": 0.0,
                    "popGroup7": 0.0,
                    "popGroup8": 0.0,
                    "popGroup9": 0.0,
                    "popGroup10": 11.445970587712331,
                    "popGroup11": 20.564622568606246,
                    "popGroup12": 0.0,
                    "popGroup13": 0.0,
                    "popGroup14": 0.0,
                    "popGroup15": 0.0
                }
            },
            "60669": {
                "car": {
                    "popGroup2": 10.318619924564818,
                    "popGroup4": 0.0,
                    "popGroup6": 0.0,
                    "popGroup10": 9.18429747727926,
                    "popGroup12": 0.0,
                    "popGroup14": 0.0
                },
                "publicTransport": {
                    "popGroup0": 0.0,
                    "popGroup1": 0.0,
                    "popGroup2": 5.633678840118594,
                    "popGroup3": 11.198807124349567,
                    "popGroup4": 0.0,
                    "popGroup5": 0.0,
                    "popGroup6": 0.0,
                    "popGroup7": 0.0,
                    "popGroup8": 0.0,
                    "popGroup9": 0.0,
                    "popGroup10": 5.0145280109869,
                    "popGroup11": 11.198596416836308,
                    "popGroup12": 0.0,
                    "popGroup13": 0.0,
                    "popGroup14": 0.0,
                    "popGroup15": 0.0
                }
            },
            "60608": {
                "car": {
                    "popGroup2": 4.318614463544037,
                    "popGroup4": 0.0,
                    "popGroup6": 0.0,
                    "popGroup10": 3.843966470298387,
                    "popGroup12": 0.0,
                    "popGroup14": 0.0
                },
                "publicTransport": {
                    "popGroup0": 0.0,
                    "popGroup1": 0.0,
                    "popGroup2": 1.96244770636027,
                    "popGroup3": 3.901824868976525,
                    "popGroup4": 0.0,
                    "popGroup5": 0.0,
                    "popGroup6": 0.0,
                    "popGroup7": 0.0,
                    "popGroup8": 0.0,
                    "popGroup9": 0.0,
                    "popGroup10": 1.7468261360064594,
                    "popGroup11": 3.901823248967304,
                    "popGroup12": 0.0,
                    "popGroup13": 0.0,
                    "popGroup14": 0.0,
                    "popGroup15": 0.0
                }
            },
            "60611": {
                "car": {
                    "popGroup2": 1.8952192504908847,
                    "popGroup4": 0.0,
                    "popGroup6": 0.0,
                    "popGroup10": 1.6870346651184431,
                    "popGroup12": 0.0,
                    "popGroup14": 0.0
                },
                "publicTransport": {
                    "popGroup0": 0.0,
                    "popGroup1": 0.0,
                    "popGroup2": 0.8605904885425789,
                    "popGroup3": 1.7118211667718566,
                    "popGroup4": 0.0,
                    "popGroup5": 0.0,
                    "popGroup6": 0.0,
                    "popGroup7": 0.0,
                    "popGroup8": 0.0,
                    "popGroup9": 0.0,
                    "popGroup10": 0.7661658661163604,
                    "popGroup11": 1.7119904966765354,
                    "popGroup12": 0.0,
                    "popGroup13": 0.0,
                    "popGroup14": 0.0,
                    "popGroup15": 0.0
                }
            },
            "60670": {
                "car": {
                    "popGroup2": 8.62510335473101,
                    "popGroup4": 0.0,
                    "popGroup6": 0.0,
                    "popGroup10": 7.677054327420364,
                    "popGroup12": 0.0,
                    "popGroup14": 0.0
                },
                "publicTransport": {
                    "popGroup0": 0.0,
                    "popGroup1": 0.0,
                    "popGroup2": 5.3587397465465285,
                    "popGroup3": 10.670259965306276,
                    "popGroup4": 0.0,
                    "popGroup5": 0.0,
                    "popGroup6": 0.0,
                    "popGroup7": 0.0,
                    "popGroup8": 0.0,
                    "popGroup9": 0.0,
                    "popGroup10": 4.769963514130053,
                    "popGroup11": 10.670293935001636,
                    "popGroup12": 0.0,
                    "popGroup13": 0.0,
                    "popGroup14": 0.0,
                    "popGroup15": 0.0
                }
            },
            "60662": {
                "car": {
                    "popGroup2": 1.3690215808734407,
                    "popGroup4": 0.0,
                    "popGroup6": 0.0,
                    "popGroup10": 1.2186303670870364,
                    "popGroup12": 0.0,
                    "popGroup14": 0.0
                },
                "publicTransport": {
                    "popGroup0": 0.0,
                    "popGroup1": 0.0,
                    "popGroup2": 0.5161814160376471,
                    "popGroup3": 1.0266563676589282,
                    "popGroup4": 0.0,
                    "popGroup5": 0.0,
                    "popGroup6": 0.0,
                    "popGroup7": 0.0,
                    "popGroup8": 0.0,
                    "popGroup9": 0.0,
                    "popGroup10": 0.45951560156007065,
                    "popGroup11": 1.0267190511122797,
                    "popGroup12": 0.0,
                    "popGroup13": 0.0,
                    "popGroup14": 0.0,
                    "popGroup15": 0.0
                }
            },
            "60656": {
                "car": {
                    "popGroup2": 1.4696973480855875,
                    "popGroup4": 0.0,
                    "popGroup6": 0.0,
                    "popGroup10": 1.308217153324837,
                    "popGroup12": 0.0,
                    "popGroup14": 0.0
                },
                "publicTransport": {
                    "popGroup0": 0.0,
                    "popGroup1": 0.0,
                    "popGroup2": 0.6533333498401012,
                    "popGroup3": 1.3004579354214392,
                    "popGroup4": 0.0,
                    "popGroup5": 0.0,
                    "popGroup6": 0.0,
                    "popGroup7": 0.0,
                    "popGroup8": 0.0,
                    "popGroup9": 0.0,
                    "popGroup10": 0.5815931815036968,
                    "popGroup11": 1.300516676971069,
                    "popGroup12": 0.0,
                    "popGroup13": 0.0,
                    "popGroup14": 0.0,
                    "popGroup15": 0.0
                }
            },
            "60655": {
                "car": {
                    "popGroup2": 2.0703137728688032,
                    "popGroup4": 0.0,
                    "popGroup6": 0.0,
                    "popGroup10": 1.842887845179792,
                    "popGroup12": 0.0,
                    "popGroup14": 0.0
                },
                "publicTransport": {
                    "popGroup0": 0.0,
                    "popGroup1": 0.0,
                    "popGroup2": 0.7744844029396072,
                    "popGroup3": 1.5419443071932089,
                    "popGroup4": 0.0,
                    "popGroup5": 0.0,
                    "popGroup6": 0.0,
                    "popGroup7": 0.0,
                    "popGroup8": 0.0,
                    "popGroup9": 0.0,
                    "popGroup10": 0.6894619852913159,
                    "popGroup11": 1.5420402489635234,
                    "popGroup12": 0.0,
                    "popGroup13": 0.0,
                    "popGroup14": 0.0,
                    "popGroup15": 0.0
                }
            },
            "60624": {
                "car": {
                    "popGroup2": 5.603487047681484,
                    "popGroup4": 0.0,
                    "popGroup6": 0.0,
                    "popGroup10": 4.987813561208389,
                    "popGroup12": 0.0,
                    "popGroup14": 0.0
                },
                "publicTransport": {
                    "popGroup0": 0.0,
                    "popGroup1": 0.0,
                    "popGroup2": 3.1135232391504486,
                    "popGroup3": 6.199475299739316,
                    "popGroup4": 0.0,
                    "popGroup5": 0.0,
                    "popGroup6": 0.0,
                    "popGroup7": 0.0,
                    "popGroup8": 0.0,
                    "popGroup9": 0.0,
                    "popGroup10": 2.7717637526042815,
                    "popGroup11": 6.199915047177049,
                    "popGroup12": 0.0,
                    "popGroup13": 0.0,
                    "popGroup14": 0.0,
                    "popGroup15": 0.0
                }
            },
            "60660": {
                "car": {
                    "popGroup2": 1.9176057083492049,
                    "popGroup4": 0.0,
                    "popGroup6": 0.0,
                    "popGroup10": 1.7068532032394292,
                    "popGroup12": 0.0,
                    "popGroup14": 0.0
                },
                "publicTransport": {
                    "popGroup0": 0.0,
                    "popGroup1": 0.0,
                    "popGroup2": 0.9612545882610002,
                    "popGroup3": 1.9129511806697401,
                    "popGroup4": 0.0,
                    "popGroup5": 0.0,
                    "popGroup6": 0.0,
                    "popGroup7": 0.0,
                    "popGroup8": 0.0,
                    "popGroup9": 0.0,
                    "popGroup10": 0.8556486227747024,
                    "popGroup11": 1.9129689022100294,
                    "popGroup12": 0.0,
                    "popGroup13": 0.0,
                    "popGroup14": 0.0,
                    "popGroup15": 0.0
                }
            },
            "60629": {
                "car": {
                    "popGroup2": 3.9071217001748435,
                    "popGroup4": 0.0,
                    "popGroup6": 0.0,
                    "popGroup10": 3.4775096888896297,
                    "popGroup12": 0.0,
                    "popGroup14": 0.0
                },
                "publicTransport": {
                    "popGroup0": 0.0,
                    "popGroup1": 0.0,
                    "popGroup2": 1.5263065012144175,
                    "popGroup3": 3.033926342077727,
                    "popGroup4": 0.0,
                    "popGroup5": 0.0,
                    "popGroup6": 0.0,
                    "popGroup7": 0.0,
                    "popGroup8": 0.0,
                    "popGroup9": 0.0,
                    "popGroup10": 1.3584828010335837,
                    "popGroup11": 3.033772361673883,
                    "popGroup12": 0.0,
                    "popGroup13": 0.0,
                    "popGroup14": 0.0,
                    "popGroup15": 0.0
                }
            },
            "60618": {
                "car": {
                    "popGroup2": 0.5911895833106026,
                    "popGroup4": 0.0,
                    "popGroup6": 0.0,
                    "popGroup10": 0.5261993884796803,
                    "popGroup12": 0.0,
                    "popGroup14": 0.0
                },
                "publicTransport": {
                    "popGroup0": 0.0,
                    "popGroup1": 0.0,
                    "popGroup2": 0.49306205908002587,
                    "popGroup3": 0.9818021265090656,
                    "popGroup4": 0.0,
                    "popGroup5": 0.0,
                    "popGroup6": 0.0,
                    "popGroup7": 0.0,
                    "popGroup8": 0.0,
                    "popGroup9": 0.0,
                    "popGroup10": 0.4388925232959725,
                    "popGroup11": 0.9818106548240314,
                    "popGroup12": 0.0,
                    "popGroup13": 0.0,
                    "popGroup14": 0.0,
                    "popGroup15": 0.0
                }
            },
            "61059": {
                "car": {
                    "popGroup2": 1.7480392461994336,
                    "popGroup4": 0.0,
                    "popGroup6": 0.0,
                    "popGroup10": 1.5560078374441146,
                    "popGroup12": 0.0,
                    "popGroup14": 0.0
                },
                "publicTransport": {
                    "popGroup0": 0.0,
                    "popGroup1": 0.0,
                    "popGroup2": 0.23197623294043124,
                    "popGroup3": 0.46112346446127356,
                    "popGroup4": 0.0,
                    "popGroup5": 0.0,
                    "popGroup6": 0.0,
                    "popGroup7": 0.0,
                    "popGroup8": 0.0,
                    "popGroup9": 0.0,
                    "popGroup10": 0.20650188827633023,
                    "popGroup11": 0.4611381633070764,
                    "popGroup12": 0.0,
                    "popGroup13": 0.0,
                    "popGroup14": 0.0,
                    "popGroup15": 0.0
                }
            },
            "61001": {
                "car": {
                    "popGroup2": 0.3010466327238164,
                    "popGroup4": 0.0,
                    "popGroup6": 0.0,
                    "popGroup10": 0.2679924445527939,
                    "popGroup12": 0.0,
                    "popGroup14": 0.0
                },
                "publicTransport": {
                    "popGroup0": 0.0,
                    "popGroup1": 0.0,
                    "popGroup2": 0.10910104057391978,
                    "popGroup3": 0.21703973623424327,
                    "popGroup4": 0.0,
                    "popGroup5": 0.0,
                    "popGroup6": 0.0,
                    "popGroup7": 0.0,
                    "popGroup8": 0.0,
                    "popGroup9": 0.0,
                    "popGroup10": 0.09714321788970606,
                    "popGroup11": 0.21707752124352242,
                    "popGroup12": 0.0,
                    "popGroup13": 0.0,
                    "popGroup14": 0.0,
                    "popGroup15": 0.0
                }
            },
            "61055": {
                "car": {
                    "popGroup2": 0.2994445556397478,
                    "popGroup4": 0.0,
                    "popGroup6": 0.0,
                    "popGroup10": 0.26657836789208667,
                    "popGroup12": 0.0,
                    "popGroup14": 0.0
                },
                "publicTransport": {
                    "popGroup0": 0.0,
                    "popGroup1": 0.0,
                    "popGroup2": 0.099140850044534,
                    "popGroup3": 0.19725933870734808,
                    "popGroup4": 0.0,
                    "popGroup5": 0.0,
                    "popGroup6": 0.0,
                    "popGroup7": 0.0,
                    "popGroup8": 0.0,
                    "popGroup9": 0.0,
                    "popGroup10": 0.08829009316111078,
                    "popGroup11": 0.19731331610612296,
                    "popGroup12": 0.0,
                    "popGroup13": 0.0,
                    "popGroup14": 0.0,
                    "popGroup15": 0.0
                }
            },
            "61021": {
                "car": {
                    "popGroup2": 1.5363063938379011,
                    "popGroup4": 0.0,
                    "popGroup6": 0.0,
                    "popGroup10": 1.3675606863225394,
                    "popGroup12": 0.0,
                    "popGroup14": 0.0
                },
                "publicTransport": {
                    "popGroup0": 0.0,
                    "popGroup1": 0.0,
                    "popGroup2": 0.17554344128575763,
                    "popGroup3": 0.3489831666133739,
                    "popGroup4": 0.0,
                    "popGroup5": 0.0,
                    "popGroup6": 0.0,
                    "popGroup7": 0.0,
                    "popGroup8": 0.0,
                    "popGroup9": 0.0,
                    "popGroup10": 0.156269400410684,
                    "popGroup11": 0.34899812025793175,
                    "popGroup12": 0.0,
                    "popGroup13": 0.0,
                    "popGroup14": 0.0,
                    "popGroup15": 0.0
                }
            },
            "61017": {
                "car": {
                    "popGroup2": 0.251808701113328,
                    "popGroup4": 0.0,
                    "popGroup6": 0.0,
                    "popGroup10": 0.2241580729103419,
                    "popGroup12": 0.0,
                    "popGroup14": 0.0
                },
                "publicTransport": {
                    "popGroup0": 0.0,
                    "popGroup1": 0.0,
                    "popGroup2": 0.03860823407492922,
                    "popGroup3": 0.07680422634169702,
                    "popGroup4": 0.0,
                    "popGroup5": 0.0,
                    "popGroup6": 0.0,
                    "popGroup7": 0.0,
                    "popGroup8": 0.0,
                    "popGroup9": 0.0,
                    "popGroup10": 0.034373669528901245,
                    "popGroup11": 0.07681349355599673,
                    "popGroup12": 0.0,
                    "popGroup13": 0.0,
                    "popGroup14": 0.0,
                    "popGroup15": 0.0
                }
            },
            "61020": {
                "car": {
                    "popGroup2": 0.37330453765532656,
                    "popGroup4": 0.0,
                    "popGroup6": 0.0,
                    "popGroup10": 0.3323106505867608,
                    "popGroup12": 0.0,
                    "popGroup14": 0.0
                },
                "publicTransport": {
                    "popGroup0": 0.0,
                    "popGroup1": 0.0,
                    "popGroup2": 0.044075269360544,
                    "popGroup3": 0.08768236280131031,
                    "popGroup4": 0.0,
                    "popGroup5": 0.0,
                    "popGroup6": 0.0,
                    "popGroup7": 0.0,
                    "popGroup8": 0.0,
                    "popGroup9": 0.0,
                    "popGroup10": 0.03923850147097868,
                    "popGroup11": 0.08768953981379801,
                    "popGroup12": 0.0,
                    "popGroup13": 0.0,
                    "popGroup14": 0.0,
                    "popGroup15": 0.0
                }
            },
            "61012": {
                "car": {
                    "popGroup2": 0.7406584730775364,
                    "popGroup4": 0.0,
                    "popGroup6": 0.0,
                    "popGroup10": 0.6593271006841827,
                    "popGroup12": 0.0,
                    "popGroup14": 0.0
                },
                "publicTransport": {
                    "popGroup0": 0.0,
                    "popGroup1": 0.0,
                    "popGroup2": 0.09048182896389452,
                    "popGroup3": 0.17999669136023874,
                    "popGroup4": 0.0,
                    "popGroup5": 0.0,
                    "popGroup6": 0.0,
                    "popGroup7": 0.0,
                    "popGroup8": 0.0,
                    "popGroup9": 0.0,
                    "popGroup10": 0.08055427257856226,
                    "popGroup11": 0.18001381555369303,
                    "popGroup12": 0.0,
                    "popGroup13": 0.0,
                    "popGroup14": 0.0,
                    "popGroup15": 0.0
                }
            },
            "61043": {
                "car": {
                    "popGroup2": 0.7336153673556588,
                    "popGroup4": 0.0,
                    "popGroup6": 0.0,
                    "popGroup10": 0.6530627823729127,
                    "popGroup12": 0.0,
                    "popGroup14": 0.0
                },
                "publicTransport": {
                    "popGroup0": 0.0,
                    "popGroup1": 0.0,
                    "popGroup2": 0.0929856733145177,
                    "popGroup3": 0.18499538617571704,
                    "popGroup4": 0.0,
                    "popGroup5": 0.0,
                    "popGroup6": 0.0,
                    "popGroup7": 0.0,
                    "popGroup8": 0.0,
                    "popGroup9": 0.0,
                    "popGroup10": 0.08278607645600246,
                    "popGroup11": 0.1850164012917334,
                    "popGroup12": 0.0,
                    "popGroup13": 0.0,
                    "popGroup14": 0.0,
                    "popGroup15": 0.0
                }
            },
            "61053": {
                "car": {
                    "popGroup2": 5.389513974105698,
                    "popGroup4": 0.0,
                    "popGroup6": 0.0,
                    "popGroup10": 4.797635720748584,
                    "popGroup12": 0.0,
                    "popGroup14": 0.0
                },
                "publicTransport": {
                    "popGroup0": 0.0,
                    "popGroup1": 0.0,
                    "popGroup2": 0.5953285720246903,
                    "popGroup3": 1.1847095626404331,
                    "popGroup4": 0.0,
                    "popGroup5": 0.0,
                    "popGroup6": 0.0,
                    "popGroup7": 0.0,
                    "popGroup8": 0.0,
                    "popGroup9": 0.0,
                    "popGroup10": 0.5300292903000059,
                    "popGroup11": 1.1848483871204467,
                    "popGroup12": 0.0,
                    "popGroup13": 0.0,
                    "popGroup14": 0.0,
                    "popGroup15": 0.0
                }
            },
            "61027": {
                "car": {
                    "popGroup2": 0.32334294162556415,
                    "popGroup4": 0.0,
                    "popGroup6": 0.0,
                    "popGroup10": 0.28786201672931844,
                    "popGroup12": 0.0,
                    "popGroup14": 0.0
                },
                "publicTransport": {
                    "popGroup0": 0.0,
                    "popGroup1": 0.0,
                    "popGroup2": 0.04689722593946992,
                    "popGroup3": 0.09330250279799951,
                    "popGroup4": 0.0,
                    "popGroup5": 0.0,
                    "popGroup6": 0.0,
                    "popGroup7": 0.0,
                    "popGroup8": 0.0,
                    "popGroup9": 0.0,
                    "popGroup10": 0.04175308685900952,
                    "popGroup11": 0.09331312495053037,
                    "popGroup12": 0.0,
                    "popGroup13": 0.0,
                    "popGroup14": 0.0,
                    "popGroup15": 0.0
                }
            },
            "61016": {
                "car": {
                    "popGroup2": 0.22561224301890231,
                    "popGroup4": 0.0,
                    "popGroup6": 0.0,
                    "popGroup10": 0.20084612435494076,
                    "popGroup12": 0.0,
                    "popGroup14": 0.0
                },
                "publicTransport": {
                    "popGroup0": 0.0,
                    "popGroup1": 0.0,
                    "popGroup2": 0.03274455547729267,
                    "popGroup3": 0.06516914227161809,
                    "popGroup4": 0.0,
                    "popGroup5": 0.0,
                    "popGroup6": 0.0,
                    "popGroup7": 0.0,
                    "popGroup8": 0.0,
                    "popGroup9": 0.0,
                    "popGroup10": 0.029159459421222788,
                    "popGroup11": 0.06518513606542921,
                    "popGroup12": 0.0,
                    "popGroup13": 0.0,
                    "popGroup14": 0.0,
                    "popGroup15": 0.0
                }
            },
            "61045": {
                "car": {
                    "popGroup2": 1.2413403750128578,
                    "popGroup4": 0.0,
                    "popGroup6": 0.0,
                    "popGroup10": 1.1050352027988528,
                    "popGroup12": 0.0,
                    "popGroup14": 0.0
                },
                "publicTransport": {
                    "popGroup0": 0.0,
                    "popGroup1": 0.0,
                    "popGroup2": 0.12286135887882702,
                    "popGroup3": 0.24455322672665586,
                    "popGroup4": 0.0,
                    "popGroup5": 0.0,
                    "popGroup6": 0.0,
                    "popGroup7": 0.0,
                    "popGroup8": 0.0,
                    "popGroup9": 0.0,
                    "popGroup10": 0.1093877220179888,
                    "popGroup11": 0.2445853299434153,
                    "popGroup12": 0.0,
                    "popGroup13": 0.0,
                    "popGroup14": 0.0,
                    "popGroup15": 0.0
                }
            },
            "61008": {
                "car": {
                    "popGroup2": 0.370826633151299,
                    "popGroup4": 0.0,
                    "popGroup6": 0.0,
                    "popGroup10": 0.33015053509871667,
                    "popGroup12": 0.0,
                    "popGroup14": 0.0
                },
                "publicTransport": {
                    "popGroup0": 0.0,
                    "popGroup1": 0.0,
                    "popGroup2": 0.056197728234951186,
                    "popGroup3": 0.1118458241064724,
                    "popGroup4": 0.0,
                    "popGroup5": 0.0,
                    "popGroup6": 0.0,
                    "popGroup7": 0.0,
                    "popGroup8": 0.0,
                    "popGroup9": 0.0,
                    "popGroup10": 0.05004271026133128,
                    "popGroup11": 0.111870574344603,
                    "popGroup12": 0.0,
                    "popGroup13": 0.0,
                    "popGroup14": 0.0,
                    "popGroup15": 0.0
                }
            },
            "61050": {
                "car": {
                    "popGroup2": 0.6725862074351605,
                    "popGroup4": 0.0,
                    "popGroup6": 0.0,
                    "popGroup10": 0.5988061392971109,
                    "popGroup12": 0.0,
                    "popGroup14": 0.0
                },
                "publicTransport": {
                    "popGroup0": 0.0,
                    "popGroup1": 0.0,
                    "popGroup2": 0.058482875384193736,
                    "popGroup3": 0.11642849348779237,
                    "popGroup4": 0.0,
                    "popGroup5": 0.0,
                    "popGroup6": 0.0,
                    "popGroup7": 0.0,
                    "popGroup8": 0.0,
                    "popGroup9": 0.0,
                    "popGroup10": 0.05207427249070031,
                    "popGroup11": 0.11645017841055183,
                    "popGroup12": 0.0,
                    "popGroup13": 0.0,
                    "popGroup14": 0.0,
                    "popGroup15": 0.0
                }
            },
            "61049": {
                "car": {
                    "popGroup2": 0.5296073190491619,
                    "popGroup4": 0.0,
                    "popGroup6": 0.0,
                    "popGroup10": 0.47149526039845985,
                    "popGroup12": 0.0,
                    "popGroup14": 0.0
                },
                "publicTransport": {
                    "popGroup0": 0.0,
                    "popGroup1": 0.0,
                    "popGroup2": 0.05335058703723219,
                    "popGroup3": 0.10619316956831874,
                    "popGroup4": 0.0,
                    "popGroup5": 0.0,
                    "popGroup6": 0.0,
                    "popGroup7": 0.0,
                    "popGroup8": 0.0,
                    "popGroup9": 0.0,
                    "popGroup10": 0.04750496643111564,
                    "popGroup11": 0.1062136546643111,
                    "popGroup12": 0.0,
                    "popGroup13": 0.0,
                    "popGroup14": 0.0,
                    "popGroup15": 0.0
                }
            },
            "61058": {
                "car": {
                    "popGroup2": 1.0088733485330263,
                    "popGroup4": 0.0,
                    "popGroup6": 0.0,
                    "popGroup10": 0.8980952879938152,
                    "popGroup12": 0.0,
                    "popGroup14": 0.0
                },
                "publicTransport": {
                    "popGroup0": 0.0,
                    "popGroup1": 0.0,
                    "popGroup2": 0.11559927180214952,
                    "popGroup3": 0.2301125625377587,
                    "popGroup4": 0.0,
                    "popGroup5": 0.0,
                    "popGroup6": 0.0,
                    "popGroup7": 0.0,
                    "popGroup8": 0.0,
                    "popGroup9": 0.0,
                    "popGroup10": 0.10296051859538495,
                    "popGroup11": 0.23019194157921652,
                    "popGroup12": 0.0,
                    "popGroup13": 0.0,
                    "popGroup14": 0.0,
                    "popGroup15": 0.0
                }
            },
            "62347": {
                "car": {
                    "popGroup2": 0.11845119356911635,
                    "popGroup4": 0.0,
                    "popGroup6": 0.0,
                    "popGroup10": 0.1054468163590757,
                    "popGroup12": 0.0,
                    "popGroup14": 0.0
                },
                "publicTransport": {
                    "popGroup0": 0.0,
                    "popGroup1": 0.0,
                    "popGroup2": 0.012214753518618508,
                    "popGroup3": 0.024318227451086666,
                    "popGroup4": 0.0,
                    "popGroup5": 0.0,
                    "popGroup6": 0.0,
                    "popGroup7": 0.0,
                    "popGroup8": 0.0,
                    "popGroup9": 0.0,
                    "popGroup10": 0.010880197416218323,
                    "popGroup11": 0.024327787862183377,
                    "popGroup12": 0.0,
                    "popGroup13": 0.0,
                    "popGroup14": 0.0,
                    "popGroup15": 0.0
                }
            }
        }
    }
}