{
    "Sum_Trips_per_Mode": {
        "work": {
            "60101": {
                "car": 1664.4808472245545,
                "publicTransport": 489.89488447881354,
                "bicycle": 183.73398262890532
            },
            "60669": {
                "car": 78.15243809561335,
                "publicTransport": 21.990933339914726,
                "bicycle": 19.208871729879768
            },
            "60608": {
                "car": 27.81126871625919,
                "publicTransport": 8.333907518477284,
                "bicycle": 5.558337219439617,
                "walk": 2.190594277627701
            },
            "60611": {
                "car": 16.49760640612603,
                "publicTransport": 4.72614554610352,
                "bicycle": 2.9793553168443365
            },
            "60670": {
                "car": 51.94118993741155,
                "publicTransport": 9.834565737948825
            },
            "60662": {
                "car": 10.621151996474282,
                "publicTransport": 2.8659414436152013
            },
            "60656": {
                "car": 9.957513388824871,
                "publicTransport": 2.8359688305178308
            },
            "60655": {
                "car": 15.164129130364223,
                "publicTransport": 4.467501872793054
            },
            "60624": {
                "car": 40.405757805661175,
                "publicTransport": 12.2672386010705,
                "bicycle": 9.928225418109339
            },
            "60660": {
                "car": 10.767697050173025,
                "publicTransport": 2.284749106485204
            },
            "60629": {
                "car": 21.31711311917155,
                "publicTransport": 5.5666966373573725
            },
            "60618": {
                "car": 5.660149780158678,
                "publicTransport": 1.5401610370893235
            },
            "61059": {
                "car": 12.161787161335617,
                "publicTransport": 3.630198374259771
            },
            "61001": {
                "car": 2.569297364783064,
                "publicTransport": 0.679540917098897
            },
            "61055": {
                "car": 2.675759711028543,
                "publicTransport": 0.6775264625918975
            },
            "61021": {
                "car": 11.55422388530631,
                "publicTransport": 3.3874247358978207
            },
            "61017": {
                "car": 1.8501833896380946,
                "publicTransport": 0.5266521395288523
            },
            "61020": {
                "car": 2.8912269362879313,
                "publicTransport": 0.8069355368476131
            },
            "61012": {
                "car": 5.829351896923063,
                "publicTransport": 1.6300536616588603
            },
            "61043": {
                "car": 5.779332651786477,
                "publicTransport": 1.6176307151037363
            },
            "61053": {
                "car": 41.78356490146801,
                "publicTransport": 12.143091465304064
            },
            "61027": {
                "car": 2.913695546521791,
                "publicTransport": 0.8152251122763359
            },
            "61016": {
                "car": 2.011474677105869,
                "publicTransport": 0.5370720701957781
            },
            "61045": {
                "car": 9.837367902942866,
                "publicTransport": 2.7230401258263335
            },
            "61008": {
                "car": 3.5129085011825585,
                "publicTransport": 0.8936591817364482
            },
            "61050": {
                "car": 4.492823143360905,
                "publicTransport": 1.333944596893422
            },
            "61049": {
                "car": 3.512580718611587,
                "publicTransport": 1.0957472540442015
            },
            "61058": {
                "car": 8.524968247895249,
                "publicTransport": 2.248332083012673
            },
            "62347": {
                "car": 1.0226244079441007,
                "publicTransport": 0.25679536835242056
            }
        }
    },
    "Trips_per_group": {
        "work": {
            "60101": {
                "car": {
                    "popGroup2": 812.209798688792,
                    "popGroup4": 0.0,
                    "popGroup6": 0.0,
                    "popGroup10": 852.2710485357624,
                    "popGroup12": 0.0,
                    "popGroup14": 0.0
                },
                "publicTransport": {
                    "popGroup0": 0.0,
                    "popGroup1": 0.0,
                    "popGroup2": 64.17500445024892,
                    "popGroup3": 176.99669531134086,
                    "popGroup4": 0.0,
                    "popGroup5": 0.0,
                    "popGroup6": 0.0,
                    "popGroup7": 0.0,
                    "popGroup8": 0.0,
                    "popGroup9": 0.0,
                    "popGroup10": 67.34031780687337,
                    "popGroup11": 181.38286691035043,
                    "popGroup12": 0.0,
                    "popGroup13": 0.0,
                    "popGroup14": 0.0,
                    "popGroup15": 0.0
                },
                "bicycle": {
                    "popGroup0": 0.0,
                    "popGroup1": 0.0,
                    "popGroup2": 30.93397959684391,
                    "popGroup3": 59.43418079964364,
                    "popGroup4": 0.0,
                    "popGroup5": 0.0,
                    "popGroup6": 0.0,
                    "popGroup7": 0.0,
                    "popGroup8": 0.0,
                    "popGroup9": 0.0,
                    "popGroup10": 32.46106537916157,
                    "popGroup11": 60.9047568532562,
                    "popGroup12": 0.0,
                    "popGroup13": 0.0,
                    "popGroup14": 0.0,
                    "popGroup15": 0.0
                }
            },
            "60669": {
                "car": {
                    "popGroup2": 38.13580335918422,
                    "popGroup4": 0.0,
                    "popGroup6": 0.0,
                    "popGroup10": 40.01663473642912,
                    "popGroup12": 0.0,
                    "popGroup14": 0.0
                },
                "publicTransport": {
                    "popGroup0": 0.0,
                    "popGroup1": 0.0,
                    "popGroup2": 2.91315445242756,
                    "popGroup3": 7.912424663892049,
                    "popGroup4": 0.0,
                    "popGroup5": 0.0,
                    "popGroup6": 0.0,
                    "popGroup7": 0.0,
                    "popGroup8": 0.0,
                    "popGroup9": 0.0,
                    "popGroup10": 3.0568332281984216,
                    "popGroup11": 8.108520995396695,
                    "popGroup12": 0.0,
                    "popGroup13": 0.0,
                    "popGroup14": 0.0,
                    "popGroup15": 0.0
                },
                "bicycle": {
                    "popGroup0": 0.0,
                    "popGroup1": 0.0,
                    "popGroup2": 2.595185561332778,
                    "popGroup3": 6.8602825585426235,
                    "popGroup4": 0.0,
                    "popGroup5": 0.0,
                    "popGroup6": 0.0,
                    "popGroup7": 0.0,
                    "popGroup8": 0.0,
                    "popGroup9": 0.0,
                    "popGroup10": 2.723226793709455,
                    "popGroup11": 7.03017681629491,
                    "popGroup12": 0.0,
                    "popGroup13": 0.0,
                    "popGroup14": 0.0,
                    "popGroup15": 0.0
                }
            },
            "60608": {
                "car": {
                    "popGroup2": 13.570937181592921,
                    "popGroup4": 0.0,
                    "popGroup6": 0.0,
                    "popGroup10": 14.240331534666268,
                    "popGroup12": 0.0,
                    "popGroup14": 0.0
                },
                "publicTransport": {
                    "popGroup0": 0.0,
                    "popGroup1": 0.0,
                    "popGroup2": 1.125943125351625,
                    "popGroup3": 2.976375730711282,
                    "popGroup4": 0.0,
                    "popGroup5": 0.0,
                    "popGroup6": 0.0,
                    "popGroup7": 0.0,
                    "popGroup8": 0.0,
                    "popGroup9": 0.0,
                    "popGroup10": 1.1814904852081423,
                    "popGroup11": 3.0500981772062348,
                    "popGroup12": 0.0,
                    "popGroup13": 0.0,
                    "popGroup14": 0.0,
                    "popGroup15": 0.0
                },
                "bicycle": {
                    "popGroup0": 0.0,
                    "popGroup1": 0.0,
                    "popGroup2": 0.750916542508845,
                    "popGroup3": 1.985191540353528,
                    "popGroup4": 0.0,
                    "popGroup5": 0.0,
                    "popGroup6": 0.0,
                    "popGroup7": 0.0,
                    "popGroup8": 0.0,
                    "popGroup9": 0.0,
                    "popGroup10": 0.7880130305768727,
                    "popGroup11": 2.034216106000371,
                    "popGroup12": 0.0,
                    "popGroup13": 0.0,
                    "popGroup14": 0.0,
                    "popGroup15": 0.0
                },
                "walk": {
                    "popGroup0": 0.0,
                    "popGroup1": 0.0,
                    "popGroup2": 0.29591281643777184,
                    "popGroup3": 0.7824542679181957,
                    "popGroup4": 0.0,
                    "popGroup5": 0.0,
                    "popGroup6": 0.0,
                    "popGroup7": 0.0,
                    "popGroup8": 0.0,
                    "popGroup9": 0.0,
                    "popGroup10": 0.31057417918535596,
                    "popGroup11": 0.8016530140863778,
                    "popGroup12": 0.0,
                    "popGroup13": 0.0,
                    "popGroup14": 0.0,
                    "popGroup15": 0.0
                }
            },
            "60611": {
                "car": {
                    "popGroup2": 8.050255030953,
                    "popGroup4": 0.0,
                    "popGroup6": 0.0,
                    "popGroup10": 8.447351375173033,
                    "popGroup12": 0.0,
                    "popGroup14": 0.0
                },
                "publicTransport": {
                    "popGroup0": 0.0,
                    "popGroup1": 0.0,
                    "popGroup2": 0.6269422684305671,
                    "popGroup3": 1.6996174745362924,
                    "popGroup4": 0.0,
                    "popGroup5": 0.0,
                    "popGroup6": 0.0,
                    "popGroup7": 0.0,
                    "popGroup8": 0.0,
                    "popGroup9": 0.0,
                    "popGroup10": 0.6578715810162664,
                    "popGroup11": 1.7417142221203936,
                    "popGroup12": 0.0,
                    "popGroup13": 0.0,
                    "popGroup14": 0.0,
                    "popGroup15": 0.0
                },
                "bicycle": {
                    "popGroup0": 0.0,
                    "popGroup1": 0.0,
                    "popGroup2": 0.4025029617860517,
                    "popGroup3": 1.0640935836028642,
                    "popGroup4": 0.0,
                    "popGroup5": 0.0,
                    "popGroup6": 0.0,
                    "popGroup7": 0.0,
                    "popGroup8": 0.0,
                    "popGroup9": 0.0,
                    "popGroup10": 0.4223872571424379,
                    "popGroup11": 1.0903715143129826,
                    "popGroup12": 0.0,
                    "popGroup13": 0.0,
                    "popGroup14": 0.0,
                    "popGroup15": 0.0
                }
            },
            "60670": {
                "car": {
                    "popGroup2": 25.34549124306953,
                    "popGroup4": 0.0,
                    "popGroup6": 0.0,
                    "popGroup10": 26.59569869434202,
                    "popGroup12": 0.0,
                    "popGroup14": 0.0
                },
                "publicTransport": {
                    "popGroup0": 0.0,
                    "popGroup1": 0.0,
                    "popGroup2": 1.4095893291532928,
                    "popGroup3": 3.430428965274724,
                    "popGroup4": 0.0,
                    "popGroup5": 0.0,
                    "popGroup6": 0.0,
                    "popGroup7": 0.0,
                    "popGroup8": 0.0,
                    "popGroup9": 0.0,
                    "popGroup10": 1.479124729669476,
                    "popGroup11": 3.5154227138513336,
                    "popGroup12": 0.0,
                    "popGroup13": 0.0,
                    "popGroup14": 0.0,
                    "popGroup15": 0.0
                }
            },
            "60662": {
                "car": {
                    "popGroup2": 5.182753814383476,
                    "popGroup4": 0.0,
                    "popGroup6": 0.0,
                    "popGroup10": 5.438398182090807,
                    "popGroup12": 0.0,
                    "popGroup14": 0.0
                },
                "publicTransport": {
                    "popGroup0": 0.0,
                    "popGroup1": 0.0,
                    "popGroup2": 0.38004932300143945,
                    "popGroup3": 1.0307794970361437,
                    "popGroup4": 0.0,
                    "popGroup5": 0.0,
                    "popGroup6": 0.0,
                    "popGroup7": 0.0,
                    "popGroup8": 0.0,
                    "popGroup9": 0.0,
                    "popGroup10": 0.39879718576581324,
                    "popGroup11": 1.056315437811805,
                    "popGroup12": 0.0,
                    "popGroup13": 0.0,
                    "popGroup14": 0.0,
                    "popGroup15": 0.0
                }
            },
            "60656": {
                "car": {
                    "popGroup2": 4.858913217000469,
                    "popGroup4": 0.0,
                    "popGroup6": 0.0,
                    "popGroup10": 5.098600171824401,
                    "popGroup12": 0.0,
                    "popGroup14": 0.0
                },
                "publicTransport": {
                    "popGroup0": 0.0,
                    "popGroup1": 0.0,
                    "popGroup2": 0.3809605601511142,
                    "popGroup3": 1.0150568887021485,
                    "popGroup4": 0.0,
                    "popGroup5": 0.0,
                    "popGroup6": 0.0,
                    "popGroup7": 0.0,
                    "popGroup8": 0.0,
                    "popGroup9": 0.0,
                    "popGroup10": 0.3997558910345559,
                    "popGroup11": 1.0401954906300124,
                    "popGroup12": 0.0,
                    "popGroup13": 0.0,
                    "popGroup14": 0.0,
                    "popGroup15": 0.0
                }
            },
            "60655": {
                "car": {
                    "popGroup2": 7.399564631978041,
                    "popGroup4": 0.0,
                    "popGroup6": 0.0,
                    "popGroup10": 7.764564498386182,
                    "popGroup12": 0.0,
                    "popGroup14": 0.0
                },
                "publicTransport": {
                    "popGroup0": 0.0,
                    "popGroup1": 0.0,
                    "popGroup2": 0.6019069294382732,
                    "popGroup3": 1.5972155825156853,
                    "popGroup4": 0.0,
                    "popGroup5": 0.0,
                    "popGroup6": 0.0,
                    "popGroup7": 0.0,
                    "popGroup8": 0.0,
                    "popGroup9": 0.0,
                    "popGroup10": 0.6316008621934146,
                    "popGroup11": 1.6367784986456815,
                    "popGroup12": 0.0,
                    "popGroup13": 0.0,
                    "popGroup14": 0.0,
                    "popGroup15": 0.0
                }
            },
            "60624": {
                "car": {
                    "popGroup2": 19.71665268245659,
                    "popGroup4": 0.0,
                    "popGroup6": 0.0,
                    "popGroup10": 20.689105123204584,
                    "popGroup12": 0.0,
                    "popGroup14": 0.0
                },
                "publicTransport": {
                    "popGroup0": 0.0,
                    "popGroup1": 0.0,
                    "popGroup2": 1.6573213221437975,
                    "popGroup3": 4.381142440438138,
                    "popGroup4": 0.0,
                    "popGroup5": 0.0,
                    "popGroup6": 0.0,
                    "popGroup7": 0.0,
                    "popGroup8": 0.0,
                    "popGroup9": 0.0,
                    "popGroup10": 1.7390672465721833,
                    "popGroup11": 4.489707591916382,
                    "popGroup12": 0.0,
                    "popGroup13": 0.0,
                    "popGroup14": 0.0,
                    "popGroup15": 0.0
                },
                "bicycle": {
                    "popGroup0": 0.0,
                    "popGroup1": 0.0,
                    "popGroup2": 1.3413169158189577,
                    "popGroup3": 3.5458286059798247,
                    "popGroup4": 0.0,
                    "popGroup5": 0.0,
                    "popGroup6": 0.0,
                    "popGroup7": 0.0,
                    "popGroup8": 0.0,
                    "popGroup9": 0.0,
                    "popGroup10": 1.4075240773008553,
                    "popGroup11": 3.633555819009702,
                    "popGroup12": 0.0,
                    "popGroup13": 0.0,
                    "popGroup14": 0.0,
                    "popGroup15": 0.0
                }
            },
            "60660": {
                "car": {
                    "popGroup2": 5.25423718629155,
                    "popGroup4": 0.0,
                    "popGroup6": 0.0,
                    "popGroup10": 5.513459863881475,
                    "popGroup12": 0.0,
                    "popGroup14": 0.0
                },
                "publicTransport": {
                    "popGroup0": 0.0,
                    "popGroup1": 0.0,
                    "popGroup2": 0.31083943063414704,
                    "popGroup3": 0.8137927175605526,
                    "popGroup4": 0.0,
                    "popGroup5": 0.0,
                    "popGroup6": 0.0,
                    "popGroup7": 0.0,
                    "popGroup8": 0.0,
                    "popGroup9": 0.0,
                    "popGroup10": 0.3261789681001902,
                    "popGroup11": 0.8339379901903139,
                    "popGroup12": 0.0,
                    "popGroup13": 0.0,
                    "popGroup14": 0.0,
                    "popGroup15": 0.0
                }
            },
            "60629": {
                "car": {
                    "popGroup2": 10.401983599465204,
                    "popGroup4": 0.0,
                    "popGroup6": 0.0,
                    "popGroup10": 10.915129519706348,
                    "popGroup12": 0.0,
                    "popGroup14": 0.0
                },
                "publicTransport": {
                    "popGroup0": 0.0,
                    "popGroup1": 0.0,
                    "popGroup2": 0.7483290932651938,
                    "popGroup3": 1.9918962144987178,
                    "popGroup4": 0.0,
                    "popGroup5": 0.0,
                    "popGroup6": 0.0,
                    "popGroup7": 0.0,
                    "popGroup8": 0.0,
                    "popGroup9": 0.0,
                    "popGroup10": 0.785251686862353,
                    "popGroup11": 2.0412196427311073,
                    "popGroup12": 0.0,
                    "popGroup13": 0.0,
                    "popGroup14": 0.0,
                    "popGroup15": 0.0
                }
            },
            "60618": {
                "car": {
                    "popGroup2": 2.7619535430643665,
                    "popGroup4": 0.0,
                    "popGroup6": 0.0,
                    "popGroup10": 2.8981962370943117,
                    "popGroup12": 0.0,
                    "popGroup14": 0.0
                },
                "publicTransport": {
                    "popGroup0": 0.0,
                    "popGroup1": 0.0,
                    "popGroup2": 0.2067269599827708,
                    "popGroup3": 0.5514254213695914,
                    "popGroup4": 0.0,
                    "popGroup5": 0.0,
                    "popGroup6": 0.0,
                    "popGroup7": 0.0,
                    "popGroup8": 0.0,
                    "popGroup9": 0.0,
                    "popGroup10": 0.21692589184665248,
                    "popGroup11": 0.5650827638903089,
                    "popGroup12": 0.0,
                    "popGroup13": 0.0,
                    "popGroup14": 0.0,
                    "popGroup15": 0.0
                }
            },
            "61059": {
                "car": {
                    "popGroup2": 5.934494829116368,
                    "popGroup4": 0.0,
                    "popGroup6": 0.0,
                    "popGroup10": 6.227292332219249,
                    "popGroup12": 0.0,
                    "popGroup14": 0.0
                },
                "publicTransport": {
                    "popGroup0": 0.0,
                    "popGroup1": 0.0,
                    "popGroup2": 0.48869468391009474,
                    "popGroup3": 1.2982769768558202,
                    "popGroup4": 0.0,
                    "popGroup5": 0.0,
                    "popGroup6": 0.0,
                    "popGroup7": 0.0,
                    "popGroup8": 0.0,
                    "popGroup9": 0.0,
                    "popGroup10": 0.5128095595556821,
                    "popGroup11": 1.3304171539381744,
                    "popGroup12": 0.0,
                    "popGroup13": 0.0,
                    "popGroup14": 0.0,
                    "popGroup15": 0.0
                }
            },
            "61001": {
                "car": {
                    "popGroup2": 1.2537199958900038,
                    "popGroup4": 0.0,
                    "popGroup6": 0.0,
                    "popGroup10": 1.31557736889306,
                    "popGroup12": 0.0,
                    "popGroup14": 0.0
                },
                "publicTransport": {
                    "popGroup0": 0.0,
                    "popGroup1": 0.0,
                    "popGroup2": 0.09151329416850439,
                    "popGroup3": 0.24299197675165607,
                    "popGroup4": 0.0,
                    "popGroup5": 0.0,
                    "popGroup6": 0.0,
                    "popGroup7": 0.0,
                    "popGroup8": 0.0,
                    "popGroup9": 0.0,
                    "popGroup10": 0.09602952080753165,
                    "popGroup11": 0.2490061253712049,
                    "popGroup12": 0.0,
                    "popGroup13": 0.0,
                    "popGroup14": 0.0,
                    "popGroup15": 0.0
                }
            },
            "61055": {
                "car": {
                    "popGroup2": 1.3056630950532564,
                    "popGroup4": 0.0,
                    "popGroup6": 0.0,
                    "popGroup10": 1.3700966159752863,
                    "popGroup12": 0.0,
                    "popGroup14": 0.0
                },
                "publicTransport": {
                    "popGroup0": 0.0,
                    "popGroup1": 0.0,
                    "popGroup2": 0.09140452299986865,
                    "popGroup3": 0.24210892286636543,
                    "popGroup4": 0.0,
                    "popGroup5": 0.0,
                    "popGroup6": 0.0,
                    "popGroup7": 0.0,
                    "popGroup8": 0.0,
                    "popGroup9": 0.0,
                    "popGroup10": 0.09591721198585228,
                    "popGroup11": 0.24809580473981108,
                    "popGroup12": 0.0,
                    "popGroup13": 0.0,
                    "popGroup14": 0.0,
                    "popGroup15": 0.0
                }
            },
            "61021": {
                "car": {
                    "popGroup2": 5.638008734949029,
                    "popGroup4": 0.0,
                    "popGroup6": 0.0,
                    "popGroup10": 5.916215150357281,
                    "popGroup12": 0.0,
                    "popGroup14": 0.0
                },
                "publicTransport": {
                    "popGroup0": 0.0,
                    "popGroup1": 0.0,
                    "popGroup2": 0.4562765252092636,
                    "popGroup3": 1.211189934373593,
                    "popGroup4": 0.0,
                    "popGroup5": 0.0,
                    "popGroup6": 0.0,
                    "popGroup7": 0.0,
                    "popGroup8": 0.0,
                    "popGroup9": 0.0,
                    "popGroup10": 0.4787955793509892,
                    "popGroup11": 1.241162696963975,
                    "popGroup12": 0.0,
                    "popGroup13": 0.0,
                    "popGroup14": 0.0,
                    "popGroup15": 0.0
                }
            },
            "61017": {
                "car": {
                    "popGroup2": 0.9028146154684313,
                    "popGroup4": 0.0,
                    "popGroup6": 0.0,
                    "popGroup10": 0.9473687741696633,
                    "popGroup12": 0.0,
                    "popGroup14": 0.0
                },
                "publicTransport": {
                    "popGroup0": 0.0,
                    "popGroup1": 0.0,
                    "popGroup2": 0.07097421502887494,
                    "popGroup3": 0.18827195881292288,
                    "popGroup4": 0.0,
                    "popGroup5": 0.0,
                    "popGroup6": 0.0,
                    "popGroup7": 0.0,
                    "popGroup8": 0.0,
                    "popGroup9": 0.0,
                    "popGroup10": 0.07447815628379298,
                    "popGroup11": 0.19292780940326146,
                    "popGroup12": 0.0,
                    "popGroup13": 0.0,
                    "popGroup14": 0.0,
                    "popGroup15": 0.0
                }
            },
            "61020": {
                "car": {
                    "popGroup2": 1.4108007311806015,
                    "popGroup4": 0.0,
                    "popGroup6": 0.0,
                    "popGroup10": 1.48042620510733,
                    "popGroup12": 0.0,
                    "popGroup14": 0.0
                },
                "publicTransport": {
                    "popGroup0": 0.0,
                    "popGroup1": 0.0,
                    "popGroup2": 0.1088344767475961,
                    "popGroup3": 0.2883807122127569,
                    "popGroup4": 0.0,
                    "popGroup5": 0.0,
                    "popGroup6": 0.0,
                    "popGroup7": 0.0,
                    "popGroup8": 0.0,
                    "popGroup9": 0.0,
                    "popGroup10": 0.11420725655925193,
                    "popGroup11": 0.2955130913280082,
                    "popGroup12": 0.0,
                    "popGroup13": 0.0,
                    "popGroup14": 0.0,
                    "popGroup15": 0.0
                }
            },
            "61012": {
                "car": {
                    "popGroup2": 2.84448363017171,
                    "popGroup4": 0.0,
                    "popGroup6": 0.0,
                    "popGroup10": 2.9848682667513535,
                    "popGroup12": 0.0,
                    "popGroup14": 0.0
                },
                "publicTransport": {
                    "popGroup0": 0.0,
                    "popGroup1": 0.0,
                    "popGroup2": 0.22006653177947788,
                    "popGroup3": 0.5823278291840521,
                    "popGroup4": 0.0,
                    "popGroup5": 0.0,
                    "popGroup6": 0.0,
                    "popGroup7": 0.0,
                    "popGroup8": 0.0,
                    "popGroup9": 0.0,
                    "popGroup10": 0.23093129955381775,
                    "popGroup11": 0.5967280011415125,
                    "popGroup12": 0.0,
                    "popGroup13": 0.0,
                    "popGroup14": 0.0,
                    "popGroup15": 0.0
                }
            },
            "61043": {
                "car": {
                    "popGroup2": 2.8200737552216837,
                    "popGroup4": 0.0,
                    "popGroup6": 0.0,
                    "popGroup10": 2.959258896564794,
                    "popGroup12": 0.0,
                    "popGroup14": 0.0
                },
                "publicTransport": {
                    "popGroup0": 0.0,
                    "popGroup1": 0.0,
                    "popGroup2": 0.2183154858049027,
                    "popGroup3": 0.5779655631269086,
                    "popGroup4": 0.0,
                    "popGroup5": 0.0,
                    "popGroup6": 0.0,
                    "popGroup7": 0.0,
                    "popGroup8": 0.0,
                    "popGroup9": 0.0,
                    "popGroup10": 0.22909472947396245,
                    "popGroup11": 0.5922549366979626,
                    "popGroup12": 0.0,
                    "popGroup13": 0.0,
                    "popGroup14": 0.0,
                    "popGroup15": 0.0
                }
            },
            "61053": {
                "car": {
                    "popGroup2": 20.388607704132703,
                    "popGroup4": 0.0,
                    "popGroup6": 0.0,
                    "popGroup10": 21.394957197335312,
                    "popGroup12": 0.0,
                    "popGroup14": 0.0
                },
                "publicTransport": {
                    "popGroup0": 0.0,
                    "popGroup1": 0.0,
                    "popGroup2": 1.6391595336822224,
                    "popGroup3": 4.338295932584472,
                    "popGroup4": 0.0,
                    "popGroup5": 0.0,
                    "popGroup6": 0.0,
                    "popGroup7": 0.0,
                    "popGroup8": 0.0,
                    "popGroup9": 0.0,
                    "popGroup10": 1.7200976735668232,
                    "popGroup11": 4.445538325470546,
                    "popGroup12": 0.0,
                    "popGroup13": 0.0,
                    "popGroup14": 0.0,
                    "popGroup15": 0.0
                }
            },
            "61027": {
                "car": {
                    "popGroup2": 1.4217621019189037,
                    "popGroup4": 0.0,
                    "popGroup6": 0.0,
                    "popGroup10": 1.4919334446028876,
                    "popGroup12": 0.0,
                    "popGroup14": 0.0
                },
                "publicTransport": {
                    "popGroup0": 0.0,
                    "popGroup1": 0.0,
                    "popGroup2": 0.11001561881553584,
                    "popGroup3": 0.29128022131305054,
                    "popGroup4": 0.0,
                    "popGroup5": 0.0,
                    "popGroup6": 0.0,
                    "popGroup7": 0.0,
                    "popGroup8": 0.0,
                    "popGroup9": 0.0,
                    "popGroup10": 0.11544760224641426,
                    "popGroup11": 0.2984816699013353,
                    "popGroup12": 0.0,
                    "popGroup13": 0.0,
                    "popGroup14": 0.0,
                    "popGroup15": 0.0
                }
            },
            "61016": {
                "car": {
                    "popGroup2": 0.981509342198253,
                    "popGroup4": 0.0,
                    "popGroup6": 0.0,
                    "popGroup10": 1.0299653349076157,
                    "popGroup12": 0.0,
                    "popGroup14": 0.0
                },
                "publicTransport": {
                    "popGroup0": 0.0,
                    "popGroup1": 0.0,
                    "popGroup2": 0.07271965143240706,
                    "popGroup3": 0.19165426660659643,
                    "popGroup4": 0.0,
                    "popGroup5": 0.0,
                    "popGroup6": 0.0,
                    "popGroup7": 0.0,
                    "popGroup8": 0.0,
                    "popGroup9": 0.0,
                    "popGroup10": 0.07631257363882993,
                    "popGroup11": 0.1963855785179447,
                    "popGroup12": 0.0,
                    "popGroup13": 0.0,
                    "popGroup14": 0.0,
                    "popGroup15": 0.0
                }
            },
            "61045": {
                "car": {
                    "popGroup2": 4.800206438329662,
                    "popGroup4": 0.0,
                    "popGroup6": 0.0,
                    "popGroup10": 5.037161464613203,
                    "popGroup12": 0.0,
                    "popGroup14": 0.0
                },
                "publicTransport": {
                    "popGroup0": 0.0,
                    "popGroup1": 0.0,
                    "popGroup2": 0.36812478412965616,
                    "popGroup3": 0.9722924971890552,
                    "popGroup4": 0.0,
                    "popGroup5": 0.0,
                    "popGroup6": 0.0,
                    "popGroup7": 0.0,
                    "popGroup8": 0.0,
                    "popGroup9": 0.0,
                    "popGroup10": 0.38630552825672904,
                    "popGroup11": 0.996317316250893,
                    "popGroup12": 0.0,
                    "popGroup13": 0.0,
                    "popGroup14": 0.0,
                    "popGroup15": 0.0
                }
            },
            "61008": {
                "car": {
                    "popGroup2": 1.7141430191902531,
                    "popGroup4": 0.0,
                    "popGroup6": 0.0,
                    "popGroup10": 1.7987654819923053,
                    "popGroup12": 0.0,
                    "popGroup14": 0.0
                },
                "publicTransport": {
                    "popGroup0": 0.0,
                    "popGroup1": 0.0,
                    "popGroup2": 0.12099595901940517,
                    "popGroup3": 0.3189068871407627,
                    "popGroup4": 0.0,
                    "popGroup5": 0.0,
                    "popGroup6": 0.0,
                    "popGroup7": 0.0,
                    "popGroup8": 0.0,
                    "popGroup9": 0.0,
                    "popGroup10": 0.12697280165248662,
                    "popGroup11": 0.32678353392379367,
                    "popGroup12": 0.0,
                    "popGroup13": 0.0,
                    "popGroup14": 0.0,
                    "popGroup15": 0.0
                }
            },
            "61050": {
                "car": {
                    "popGroup2": 2.192285643326686,
                    "popGroup4": 0.0,
                    "popGroup6": 0.0,
                    "popGroup10": 2.3005375000342183,
                    "popGroup12": 0.0,
                    "popGroup14": 0.0
                },
                "publicTransport": {
                    "popGroup0": 0.0,
                    "popGroup1": 0.0,
                    "popGroup2": 0.18077661080996948,
                    "popGroup3": 0.47585593468056403,
                    "popGroup4": 0.0,
                    "popGroup5": 0.0,
                    "popGroup6": 0.0,
                    "popGroup7": 0.0,
                    "popGroup8": 0.0,
                    "popGroup9": 0.0,
                    "popGroup10": 0.18970821370754634,
                    "popGroup11": 0.48760383769534227,
                    "popGroup12": 0.0,
                    "popGroup13": 0.0,
                    "popGroup14": 0.0,
                    "popGroup15": 0.0
                }
            },
            "61049": {
                "car": {
                    "popGroup2": 1.7139763433080601,
                    "popGroup4": 0.0,
                    "popGroup6": 0.0,
                    "popGroup10": 1.7986043753035266,
                    "popGroup12": 0.0,
                    "popGroup14": 0.0
                },
                "publicTransport": {
                    "popGroup0": 0.0,
                    "popGroup1": 0.0,
                    "popGroup2": 0.14831785311227647,
                    "popGroup3": 0.39106383080471374,
                    "popGroup4": 0.0,
                    "popGroup5": 0.0,
                    "popGroup6": 0.0,
                    "popGroup7": 0.0,
                    "popGroup8": 0.0,
                    "popGroup9": 0.0,
                    "popGroup10": 0.15564500358765918,
                    "popGroup11": 0.40072056653955196,
                    "popGroup12": 0.0,
                    "popGroup13": 0.0,
                    "popGroup14": 0.0,
                    "popGroup15": 0.0
                }
            },
            "61058": {
                "car": {
                    "popGroup2": 4.159806508732115,
                    "popGroup4": 0.0,
                    "popGroup6": 0.0,
                    "popGroup10": 4.365161739163134,
                    "popGroup12": 0.0,
                    "popGroup14": 0.0
                },
                "publicTransport": {
                    "popGroup0": 0.0,
                    "popGroup1": 0.0,
                    "popGroup2": 0.3048712764399205,
                    "popGroup3": 0.8018666934617427,
                    "popGroup4": 0.0,
                    "popGroup5": 0.0,
                    "popGroup6": 0.0,
                    "popGroup7": 0.0,
                    "popGroup8": 0.0,
                    "popGroup9": 0.0,
                    "popGroup10": 0.31993555816955266,
                    "popGroup11": 0.8216585549414572,
                    "popGroup12": 0.0,
                    "popGroup13": 0.0,
                    "popGroup14": 0.0,
                    "popGroup15": 0.0
                }
            },
            "62347": {
                "car": {
                    "popGroup2": 0.49899390716444425,
                    "popGroup4": 0.0,
                    "popGroup6": 0.0,
                    "popGroup10": 0.5236305007796564,
                    "popGroup12": 0.0,
                    "popGroup14": 0.0
                },
                "publicTransport": {
                    "popGroup0": 0.0,
                    "popGroup1": 0.0,
                    "popGroup2": 0.03488994822120352,
                    "popGroup3": 0.09151682943704331,
                    "popGroup4": 0.0,
                    "popGroup5": 0.0,
                    "popGroup6": 0.0,
                    "popGroup7": 0.0,
                    "popGroup8": 0.0,
                    "popGroup9": 0.0,
                    "popGroup10": 0.03661446572368927,
                    "popGroup11": 0.09377412497048447,
                    "popGroup12": 0.0,
                    "popGroup13": 0.0,
                    "popGroup14": 0.0,
                    "popGroup15": 0.0
                }
            }
        }
    }
}