{
    "Sum_Trips_per_Mode": {
        "work": {
            "60101": {
                "car": 979.008324696413,
                "publicTransport": 212.16856877951398
            },
            "60669": {
                "car": 46.492732968677146,
                "publicTransport": 25.20181953231148
            },
            "60608": {
                "car": 18.926518667340712,
                "publicTransport": 3.3696023822124603
            },
            "60611": {
                "car": 9.660727121646499,
                "publicTransport": 4.82051452450128
            },
            "60670": {
                "car": 43.08358262219551,
                "publicTransport": 24.35621114233824,
                "bicycle": 17.72668105719562
            },
            "60662": {
                "car": 8.03803789686095,
                "publicTransport": 3.9938756762185776
            },
            "60656": {
                "car": 9.861415250725063,
                "publicTransport": 5.371194495064399,
                "bicycle": 3.974223592765151
            },
            "60655": {
                "car": 14.053808647972769,
                "publicTransport": 7.307437602882764
            },
            "60624": {
                "car": 32.84032251316779,
                "publicTransport": 17.45186784639937
            },
            "60660": {
                "car": 7.440181226360558,
                "publicTransport": 4.949526697099344,
                "bicycle": 3.3014740385105634,
                "walk": 1.3014507860297466
            },
            "60629": {
                "car": 19.440436622464347,
                "publicTransport": 10.790843673105318,
                "bicycle": 6.569521986158843
            },
            "60618": {
                "car": 4.561066923126885,
                "publicTransport": 2.453611443599632
            },
            "61059": {
                "car": 11.756923116252075,
                "publicTransport": 3.0261496613172945
            },
            "61001": {
                "car": 1.9389447084137963,
                "publicTransport": 0.6199847686738947
            },
            "61055": {
                "car": 1.9306258675857553,
                "publicTransport": 0.7532487097845275
            },
            "61021": {
                "car": 10.660052125173838,
                "publicTransport": 2.662806736068542
            },
            "61017": {
                "car": 1.7483707206263213,
                "publicTransport": 0.5454191872546269
            },
            "61020": {
                "car": 2.631939282627956,
                "publicTransport": 0.7276934360526688
            },
            "61012": {
                "car": 5.213809926866986,
                "publicTransport": 1.4933490834855214
            },
            "61043": {
                "car": 5.197564063532669,
                "publicTransport": 1.5228353288484746
            },
            "61053": {
                "car": 38.94464645495212,
                "publicTransport": 10.982464822704838
            },
            "61027": {
                "car": 2.6307508712759793,
                "publicTransport": 0.7687410027295165
            },
            "61016": {
                "car": 1.675438595853931,
                "publicTransport": 0.5825470878360653
            },
            "61045": {
                "car": 9.039546509252082,
                "publicTransport": 2.606494563080289
            },
            "61008": {
                "car": 3.101656630166314,
                "publicTransport": 1.0054104612784838
            },
            "61050": {
                "car": 4.6582955551940675,
                "publicTransport": 1.384718919765985
            },
            "61049": {
                "car": 3.6449882326596525,
                "publicTransport": 1.1083873557980728
            },
            "61058": {
                "car": 7.694750579453486,
                "publicTransport": 2.3016576592238502
            },
            "62347": {
                "car": 0.9129165961356115,
                "publicTransport": 0.27116192781612947
            }
        }
    },
    "Trips_per_group": {
        "work": {
            "60101": {
                "car": {
                    "popGroup2": 498.3481409720801,
                    "popGroup4": 0.0,
                    "popGroup6": 0.0,
                    "popGroup10": 480.6601837243328,
                    "popGroup12": 0.0,
                    "popGroup14": 0.0
                },
                "publicTransport": {
                    "popGroup0": 0.0,
                    "popGroup1": 0.0,
                    "popGroup2": 13.919328746965656,
                    "popGroup3": 95.07911873784184,
                    "popGroup4": 0.0,
                    "popGroup5": 0.0,
                    "popGroup6": 0.0,
                    "popGroup7": 0.0,
                    "popGroup8": 0.0,
                    "popGroup9": 0.0,
                    "popGroup10": 13.42184853686792,
                    "popGroup11": 89.74827275783856,
                    "popGroup12": 0.0,
                    "popGroup13": 0.0,
                    "popGroup14": 0.0,
                    "popGroup15": 0.0
                }
            },
            "60669": {
                "car": {
                    "popGroup2": 23.6664526563103,
                    "popGroup4": 0.0,
                    "popGroup6": 0.0,
                    "popGroup10": 22.826280312366848,
                    "popGroup12": 0.0,
                    "popGroup14": 0.0
                },
                "publicTransport": {
                    "popGroup0": 0.0,
                    "popGroup1": 0.0,
                    "popGroup2": 1.5993689724061126,
                    "popGroup3": 11.347453351453497,
                    "popGroup4": 0.0,
                    "popGroup5": 0.0,
                    "popGroup6": 0.0,
                    "popGroup7": 0.0,
                    "popGroup8": 0.0,
                    "popGroup9": 0.0,
                    "popGroup10": 1.5426121342354149,
                    "popGroup11": 10.712385074216453,
                    "popGroup12": 0.0,
                    "popGroup13": 0.0,
                    "popGroup14": 0.0,
                    "popGroup15": 0.0
                }
            },
            "60608": {
                "car": {
                    "popGroup2": 9.63426251993195,
                    "popGroup4": 0.0,
                    "popGroup6": 0.0,
                    "popGroup10": 9.292256147408763,
                    "popGroup12": 0.0,
                    "popGroup14": 0.0
                },
                "publicTransport": {
                    "popGroup0": 0.0,
                    "popGroup1": 0.0,
                    "popGroup2": 0.2215787458231918,
                    "popGroup3": 1.5094877157642907,
                    "popGroup4": 0.0,
                    "popGroup5": 0.0,
                    "popGroup6": 0.0,
                    "popGroup7": 0.0,
                    "popGroup8": 0.0,
                    "popGroup9": 0.0,
                    "popGroup10": 0.2136817323548718,
                    "popGroup11": 1.4248541882701062,
                    "popGroup12": 0.0,
                    "popGroup13": 0.0,
                    "popGroup14": 0.0,
                    "popGroup15": 0.0
                }
            },
            "60611": {
                "car": {
                    "popGroup2": 4.917636963193261,
                    "popGroup4": 0.0,
                    "popGroup6": 0.0,
                    "popGroup10": 4.743090158453237,
                    "popGroup12": 0.0,
                    "popGroup14": 0.0
                },
                "publicTransport": {
                    "popGroup0": 0.0,
                    "popGroup1": 0.0,
                    "popGroup2": 0.3060615879631525,
                    "popGroup3": 2.170257549134427,
                    "popGroup4": 0.0,
                    "popGroup5": 0.0,
                    "popGroup6": 0.0,
                    "popGroup7": 0.0,
                    "popGroup8": 0.0,
                    "popGroup9": 0.0,
                    "popGroup10": 0.29520046232072966,
                    "popGroup11": 2.0489949250829707,
                    "popGroup12": 0.0,
                    "popGroup13": 0.0,
                    "popGroup14": 0.0,
                    "popGroup15": 0.0
                }
            },
            "60670": {
                "car": {
                    "popGroup2": 21.93112267751607,
                    "popGroup4": 0.0,
                    "popGroup6": 0.0,
                    "popGroup10": 21.152459944679435,
                    "popGroup12": 0.0,
                    "popGroup14": 0.0
                },
                "publicTransport": {
                    "popGroup0": 0.0,
                    "popGroup1": 0.0,
                    "popGroup2": 1.5464960857773913,
                    "popGroup3": 10.966275442613073,
                    "popGroup4": 0.0,
                    "popGroup5": 0.0,
                    "popGroup6": 0.0,
                    "popGroup7": 0.0,
                    "popGroup8": 0.0,
                    "popGroup9": 0.0,
                    "popGroup10": 1.491592881994673,
                    "popGroup11": 10.3518467319531,
                    "popGroup12": 0.0,
                    "popGroup13": 0.0,
                    "popGroup14": 0.0,
                    "popGroup15": 0.0
                },
                "bicycle": {
                    "popGroup0": 0.0,
                    "popGroup1": 0.0,
                    "popGroup2": 1.125529210970068,
                    "popGroup3": 7.980549501296297,
                    "popGroup4": 0.0,
                    "popGroup5": 0.0,
                    "popGroup6": 0.0,
                    "popGroup7": 0.0,
                    "popGroup8": 0.0,
                    "popGroup9": 0.0,
                    "popGroup10": 1.0855950980794666,
                    "popGroup11": 7.535007246849789,
                    "popGroup12": 0.0,
                    "popGroup13": 0.0,
                    "popGroup14": 0.0,
                    "popGroup15": 0.0
                }
            },
            "60662": {
                "car": {
                    "popGroup2": 4.091645434589566,
                    "popGroup4": 0.0,
                    "popGroup6": 0.0,
                    "popGroup10": 3.9463924622713824,
                    "popGroup12": 0.0,
                    "popGroup14": 0.0
                },
                "publicTransport": {
                    "popGroup0": 0.0,
                    "popGroup1": 0.0,
                    "popGroup2": 0.2535456271346541,
                    "popGroup3": 1.7982168083943009,
                    "popGroup4": 0.0,
                    "popGroup5": 0.0,
                    "popGroup6": 0.0,
                    "popGroup7": 0.0,
                    "popGroup8": 0.0,
                    "popGroup9": 0.0,
                    "popGroup10": 0.24454527404649984,
                    "popGroup11": 1.6975679666431227,
                    "popGroup12": 0.0,
                    "popGroup13": 0.0,
                    "popGroup14": 0.0,
                    "popGroup15": 0.0
                }
            },
            "60656": {
                "car": {
                    "popGroup2": 5.019828922553292,
                    "popGroup4": 0.0,
                    "popGroup6": 0.0,
                    "popGroup10": 4.84158632817177,
                    "popGroup12": 0.0,
                    "popGroup14": 0.0
                },
                "publicTransport": {
                    "popGroup0": 0.0,
                    "popGroup1": 0.0,
                    "popGroup2": 0.3410247461007166,
                    "popGroup3": 2.4184260149215153,
                    "popGroup4": 0.0,
                    "popGroup5": 0.0,
                    "popGroup6": 0.0,
                    "popGroup7": 0.0,
                    "popGroup8": 0.0,
                    "popGroup9": 0.0,
                    "popGroup10": 0.3289156209922046,
                    "popGroup11": 2.282828113049962,
                    "popGroup12": 0.0,
                    "popGroup13": 0.0,
                    "popGroup14": 0.0,
                    "popGroup15": 0.0
                },
                "bicycle": {
                    "popGroup0": 0.0,
                    "popGroup1": 0.0,
                    "popGroup2": 0.2523049534255164,
                    "popGroup3": 1.789347414002529,
                    "popGroup4": 0.0,
                    "popGroup5": 0.0,
                    "popGroup6": 0.0,
                    "popGroup7": 0.0,
                    "popGroup8": 0.0,
                    "popGroup9": 0.0,
                    "popGroup10": 0.24334959873742038,
                    "popGroup11": 1.6892216265996856,
                    "popGroup12": 0.0,
                    "popGroup13": 0.0,
                    "popGroup14": 0.0,
                    "popGroup15": 0.0
                }
            },
            "60655": {
                "car": {
                    "popGroup2": 7.153902873940959,
                    "popGroup4": 0.0,
                    "popGroup6": 0.0,
                    "popGroup10": 6.899905774031809,
                    "popGroup12": 0.0,
                    "popGroup14": 0.0
                },
                "publicTransport": {
                    "popGroup0": 0.0,
                    "popGroup1": 0.0,
                    "popGroup2": 0.4639748943109683,
                    "popGroup3": 3.2901599523552942,
                    "popGroup4": 0.0,
                    "popGroup5": 0.0,
                    "popGroup6": 0.0,
                    "popGroup7": 0.0,
                    "popGroup8": 0.0,
                    "popGroup9": 0.0,
                    "popGroup10": 0.44750186623332483,
                    "popGroup11": 3.105800889983177,
                    "popGroup12": 0.0,
                    "popGroup13": 0.0,
                    "popGroup14": 0.0,
                    "popGroup15": 0.0
                }
            },
            "60624": {
                "car": {
                    "popGroup2": 16.716908738601603,
                    "popGroup4": 0.0,
                    "popGroup6": 0.0,
                    "popGroup10": 16.123413774566192,
                    "popGroup12": 0.0,
                    "popGroup14": 0.0
                },
                "publicTransport": {
                    "popGroup0": 0.0,
                    "popGroup1": 0.0,
                    "popGroup2": 1.1080832501170956,
                    "popGroup3": 7.857546165533622,
                    "popGroup4": 0.0,
                    "popGroup5": 0.0,
                    "popGroup6": 0.0,
                    "popGroup7": 0.0,
                    "popGroup8": 0.0,
                    "popGroup9": 0.0,
                    "popGroup10": 1.0687455864990512,
                    "popGroup11": 7.4174928442496,
                    "popGroup12": 0.0,
                    "popGroup13": 0.0,
                    "popGroup14": 0.0,
                    "popGroup15": 0.0
                }
            },
            "60660": {
                "car": {
                    "popGroup2": 3.7873274363561045,
                    "popGroup4": 0.0,
                    "popGroup6": 0.0,
                    "popGroup10": 3.6528537900044533,
                    "popGroup12": 0.0,
                    "popGroup14": 0.0
                },
                "publicTransport": {
                    "popGroup0": 0.0,
                    "popGroup1": 0.0,
                    "popGroup2": 0.31422738234428893,
                    "popGroup3": 2.2285388051006985,
                    "popGroup4": 0.0,
                    "popGroup5": 0.0,
                    "popGroup6": 0.0,
                    "popGroup7": 0.0,
                    "popGroup8": 0.0,
                    "popGroup9": 0.0,
                    "popGroup10": 0.30307177527074447,
                    "popGroup11": 2.103688734383612,
                    "popGroup12": 0.0,
                    "popGroup13": 0.0,
                    "popGroup14": 0.0,
                    "popGroup15": 0.0
                },
                "bicycle": {
                    "popGroup0": 0.0,
                    "popGroup1": 0.0,
                    "popGroup2": 0.20958273920360349,
                    "popGroup3": 1.4862676922764422,
                    "popGroup4": 0.0,
                    "popGroup5": 0.0,
                    "popGroup6": 0.0,
                    "popGroup7": 0.0,
                    "popGroup8": 0.0,
                    "popGroup9": 0.0,
                    "popGroup10": 0.20214970942656363,
                    "popGroup11": 1.4034738976039542,
                    "popGroup12": 0.0,
                    "popGroup13": 0.0,
                    "popGroup14": 0.0,
                    "popGroup15": 0.0
                },
                "walk": {
                    "popGroup0": 0.0,
                    "popGroup1": 0.0,
                    "popGroup2": 0.0826047952934324,
                    "popGroup3": 0.5856964692318192,
                    "popGroup4": 0.0,
                    "popGroup5": 0.0,
                    "popGroup6": 0.0,
                    "popGroup7": 0.0,
                    "popGroup8": 0.0,
                    "popGroup9": 0.0,
                    "popGroup10": 0.07968148731211726,
                    "popGroup11": 0.5534680341923779,
                    "popGroup12": 0.0,
                    "popGroup13": 0.0,
                    "popGroup14": 0.0,
                    "popGroup15": 0.0
                }
            },
            "60629": {
                "car": {
                    "popGroup2": 9.89589348270046,
                    "popGroup4": 0.0,
                    "popGroup6": 0.0,
                    "popGroup10": 9.544543139763888,
                    "popGroup12": 0.0,
                    "popGroup14": 0.0
                },
                "publicTransport": {
                    "popGroup0": 0.0,
                    "popGroup1": 0.0,
                    "popGroup2": 0.685128893597633,
                    "popGroup3": 4.858562200551794,
                    "popGroup4": 0.0,
                    "popGroup5": 0.0,
                    "popGroup6": 0.0,
                    "popGroup7": 0.0,
                    "popGroup8": 0.0,
                    "popGroup9": 0.0,
                    "popGroup10": 0.6608045482844329,
                    "popGroup11": 4.5863480306714575,
                    "popGroup12": 0.0,
                    "popGroup13": 0.0,
                    "popGroup14": 0.0,
                    "popGroup15": 0.0
                },
                "bicycle": {
                    "popGroup0": 0.0,
                    "popGroup1": 0.0,
                    "popGroup2": 0.41705053612290466,
                    "popGroup3": 2.957589683539212,
                    "popGroup4": 0.0,
                    "popGroup5": 0.0,
                    "popGroup6": 0.0,
                    "popGroup7": 0.0,
                    "popGroup8": 0.0,
                    "popGroup9": 0.0,
                    "popGroup10": 0.4022561558316601,
                    "popGroup11": 2.7926256106650666,
                    "popGroup12": 0.0,
                    "popGroup13": 0.0,
                    "popGroup14": 0.0,
                    "popGroup15": 0.0
                }
            },
            "60618": {
                "car": {
                    "popGroup2": 2.3217477541496665,
                    "popGroup4": 0.0,
                    "popGroup6": 0.0,
                    "popGroup10": 2.2393191689772185,
                    "popGroup12": 0.0,
                    "popGroup14": 0.0
                },
                "publicTransport": {
                    "popGroup0": 0.0,
                    "popGroup1": 0.0,
                    "popGroup2": 0.155791990244156,
                    "popGroup3": 1.1047132832378224,
                    "popGroup4": 0.0,
                    "popGroup5": 0.0,
                    "popGroup6": 0.0,
                    "popGroup7": 0.0,
                    "popGroup8": 0.0,
                    "popGroup9": 0.0,
                    "popGroup10": 0.1502613844502282,
                    "popGroup11": 1.0428447856674254,
                    "popGroup12": 0.0,
                    "popGroup13": 0.0,
                    "popGroup14": 0.0,
                    "popGroup15": 0.0
                }
            },
            "61059": {
                "car": {
                    "popGroup2": 5.984704195733764,
                    "popGroup4": 0.0,
                    "popGroup6": 0.0,
                    "popGroup10": 5.772218920518311,
                    "popGroup12": 0.0,
                    "popGroup14": 0.0
                },
                "publicTransport": {
                    "popGroup0": 0.0,
                    "popGroup1": 0.0,
                    "popGroup2": 0.19237056385748347,
                    "popGroup3": 1.362271793757313,
                    "popGroup4": 0.0,
                    "popGroup5": 0.0,
                    "popGroup6": 0.0,
                    "popGroup7": 0.0,
                    "popGroup8": 0.0,
                    "popGroup9": 0.0,
                    "popGroup10": 0.18554116723902814,
                    "popGroup11": 1.28596613646347,
                    "popGroup12": 0.0,
                    "popGroup13": 0.0,
                    "popGroup14": 0.0,
                    "popGroup15": 0.0
                }
            },
            "61001": {
                "car": {
                    "popGroup2": 0.9869883009135672,
                    "popGroup4": 0.0,
                    "popGroup6": 0.0,
                    "popGroup10": 0.9519564075002293,
                    "popGroup12": 0.0,
                    "popGroup14": 0.0
                },
                "publicTransport": {
                    "popGroup0": 0.0,
                    "popGroup1": 0.0,
                    "popGroup2": 0.03939793729921638,
                    "popGroup3": 0.27910703306234863,
                    "popGroup4": 0.0,
                    "popGroup5": 0.0,
                    "popGroup6": 0.0,
                    "popGroup7": 0.0,
                    "popGroup8": 0.0,
                    "popGroup9": 0.0,
                    "popGroup10": 0.0379993843252395,
                    "popGroup11": 0.2634804139870902,
                    "popGroup12": 0.0,
                    "popGroup13": 0.0,
                    "popGroup14": 0.0,
                    "popGroup15": 0.0
                }
            },
            "61055": {
                "car": {
                    "popGroup2": 0.9827508816585036,
                    "popGroup4": 0.0,
                    "popGroup6": 0.0,
                    "popGroup10": 0.9478749859272516,
                    "popGroup12": 0.0,
                    "popGroup14": 0.0
                },
                "publicTransport": {
                    "popGroup0": 0.0,
                    "popGroup1": 0.0,
                    "popGroup2": 0.04784173969959854,
                    "popGroup3": 0.33910627727246806,
                    "popGroup4": 0.0,
                    "popGroup5": 0.0,
                    "popGroup6": 0.0,
                    "popGroup7": 0.0,
                    "popGroup8": 0.0,
                    "popGroup9": 0.0,
                    "popGroup10": 0.046144031523189265,
                    "popGroup11": 0.32015666128927167,
                    "popGroup12": 0.0,
                    "popGroup13": 0.0,
                    "popGroup14": 0.0,
                    "popGroup15": 0.0
                }
            },
            "61021": {
                "car": {
                    "popGroup2": 5.426348407913574,
                    "popGroup4": 0.0,
                    "popGroup6": 0.0,
                    "popGroup10": 5.233703717260264,
                    "popGroup12": 0.0,
                    "popGroup14": 0.0
                },
                "publicTransport": {
                    "popGroup0": 0.0,
                    "popGroup1": 0.0,
                    "popGroup2": 0.16919035101545005,
                    "popGroup3": 1.1987703918098407,
                    "popGroup4": 0.0,
                    "popGroup5": 0.0,
                    "popGroup6": 0.0,
                    "popGroup7": 0.0,
                    "popGroup8": 0.0,
                    "popGroup9": 0.0,
                    "popGroup10": 0.1631851750916517,
                    "popGroup11": 1.1316608181515992,
                    "popGroup12": 0.0,
                    "popGroup13": 0.0,
                    "popGroup14": 0.0,
                    "popGroup15": 0.0
                }
            },
            "61017": {
                "car": {
                    "popGroup2": 0.8899816416825022,
                    "popGroup4": 0.0,
                    "popGroup6": 0.0,
                    "popGroup10": 0.858389078943819,
                    "popGroup12": 0.0,
                    "popGroup14": 0.0
                },
                "publicTransport": {
                    "popGroup0": 0.0,
                    "popGroup1": 0.0,
                    "popGroup2": 0.034643860895171165,
                    "popGroup3": 0.24554354620641058,
                    "popGroup4": 0.0,
                    "popGroup5": 0.0,
                    "popGroup6": 0.0,
                    "popGroup7": 0.0,
                    "popGroup8": 0.0,
                    "popGroup9": 0.0,
                    "popGroup10": 0.03341441297861325,
                    "popGroup11": 0.23181736717443194,
                    "popGroup12": 0.0,
                    "popGroup13": 0.0,
                    "popGroup14": 0.0,
                    "popGroup15": 0.0
                }
            },
            "61020": {
                "car": {
                    "popGroup2": 1.339748871118933,
                    "popGroup4": 0.0,
                    "popGroup6": 0.0,
                    "popGroup10": 1.2921904115090233,
                    "popGroup12": 0.0,
                    "popGroup14": 0.0
                },
                "publicTransport": {
                    "popGroup0": 0.0,
                    "popGroup1": 0.0,
                    "popGroup2": 0.04622457381725511,
                    "popGroup3": 0.32760209654395006,
                    "popGroup4": 0.0,
                    "popGroup5": 0.0,
                    "popGroup6": 0.0,
                    "popGroup7": 0.0,
                    "popGroup8": 0.0,
                    "popGroup9": 0.0,
                    "popGroup10": 0.04458419235562801,
                    "popGroup11": 0.3092825733358357,
                    "popGroup12": 0.0,
                    "popGroup13": 0.0,
                    "popGroup14": 0.0,
                    "popGroup15": 0.0
                }
            },
            "61012": {
                "car": {
                    "popGroup2": 2.6540101986778826,
                    "popGroup4": 0.0,
                    "popGroup6": 0.0,
                    "popGroup10": 2.559799728189104,
                    "popGroup12": 0.0,
                    "popGroup14": 0.0
                },
                "publicTransport": {
                    "popGroup0": 0.0,
                    "popGroup1": 0.0,
                    "popGroup2": 0.0948526630235579,
                    "popGroup3": 0.6722966794074182,
                    "popGroup4": 0.0,
                    "popGroup5": 0.0,
                    "popGroup6": 0.0,
                    "popGroup7": 0.0,
                    "popGroup8": 0.0,
                    "popGroup9": 0.0,
                    "popGroup10": 0.09148686108561588,
                    "popGroup11": 0.6347128799689293,
                    "popGroup12": 0.0,
                    "popGroup13": 0.0,
                    "popGroup14": 0.0,
                    "popGroup15": 0.0
                }
            },
            "61043": {
                "car": {
                    "popGroup2": 2.645739042650272,
                    "popGroup4": 0.0,
                    "popGroup6": 0.0,
                    "popGroup10": 2.5518250208823967,
                    "popGroup12": 0.0,
                    "popGroup14": 0.0
                },
                "publicTransport": {
                    "popGroup0": 0.0,
                    "popGroup1": 0.0,
                    "popGroup2": 0.09672376890471185,
                    "popGroup3": 0.6855654853926131,
                    "popGroup4": 0.0,
                    "popGroup5": 0.0,
                    "popGroup6": 0.0,
                    "popGroup7": 0.0,
                    "popGroup8": 0.0,
                    "popGroup9": 0.0,
                    "popGroup10": 0.09329170850005333,
                    "popGroup11": 0.6472543660510963,
                    "popGroup12": 0.0,
                    "popGroup13": 0.0,
                    "popGroup14": 0.0,
                    "popGroup15": 0.0
                }
            },
            "61053": {
                "car": {
                    "popGroup2": 19.824183125567778,
                    "popGroup4": 0.0,
                    "popGroup6": 0.0,
                    "popGroup10": 19.120463329384343,
                    "popGroup12": 0.0,
                    "popGroup14": 0.0
                },
                "publicTransport": {
                    "popGroup0": 0.0,
                    "popGroup1": 0.0,
                    "popGroup2": 0.6974643741366655,
                    "popGroup3": 4.944216296898895,
                    "popGroup4": 0.0,
                    "popGroup5": 0.0,
                    "popGroup6": 0.0,
                    "popGroup7": 0.0,
                    "popGroup8": 0.0,
                    "popGroup9": 0.0,
                    "popGroup10": 0.672718951326177,
                    "popGroup11": 4.668065200343101,
                    "popGroup12": 0.0,
                    "popGroup13": 0.0,
                    "popGroup14": 0.0,
                    "popGroup15": 0.0
                }
            },
            "61027": {
                "car": {
                    "popGroup2": 1.3391427065418007,
                    "popGroup4": 0.0,
                    "popGroup6": 0.0,
                    "popGroup10": 1.2916081647341788,
                    "popGroup12": 0.0,
                    "popGroup14": 0.0
                },
                "publicTransport": {
                    "popGroup0": 0.0,
                    "popGroup1": 0.0,
                    "popGroup2": 0.04882730954177711,
                    "popGroup3": 0.3460792625417759,
                    "popGroup4": 0.0,
                    "popGroup5": 0.0,
                    "popGroup6": 0.0,
                    "popGroup7": 0.0,
                    "popGroup8": 0.0,
                    "popGroup9": 0.0,
                    "popGroup10": 0.04709476116612574,
                    "popGroup11": 0.3267396694798378,
                    "popGroup12": 0.0,
                    "popGroup13": 0.0,
                    "popGroup14": 0.0,
                    "popGroup15": 0.0
                }
            },
            "61016": {
                "car": {
                    "popGroup2": 0.8528534036901552,
                    "popGroup4": 0.0,
                    "popGroup6": 0.0,
                    "popGroup10": 0.8225851921637759,
                    "popGroup12": 0.0,
                    "popGroup14": 0.0
                },
                "publicTransport": {
                    "popGroup0": 0.0,
                    "popGroup1": 0.0,
                    "popGroup2": 0.036989556770493905,
                    "popGroup3": 0.2622450111784067,
                    "popGroup4": 0.0,
                    "popGroup5": 0.0,
                    "popGroup6": 0.0,
                    "popGroup7": 0.0,
                    "popGroup8": 0.0,
                    "popGroup9": 0.0,
                    "popGroup10": 0.035677737878059154,
                    "popGroup11": 0.24763478200910552,
                    "popGroup12": 0.0,
                    "popGroup13": 0.0,
                    "popGroup14": 0.0,
                    "popGroup15": 0.0
                }
            },
            "61045": {
                "car": {
                    "popGroup2": 4.601438720405151,
                    "popGroup4": 0.0,
                    "popGroup6": 0.0,
                    "popGroup10": 4.438107788846931,
                    "popGroup12": 0.0,
                    "popGroup14": 0.0
                },
                "publicTransport": {
                    "popGroup0": 0.0,
                    "popGroup1": 0.0,
                    "popGroup2": 0.16551126585217485,
                    "popGroup3": 1.1734108956006941,
                    "popGroup4": 0.0,
                    "popGroup5": 0.0,
                    "popGroup6": 0.0,
                    "popGroup7": 0.0,
                    "popGroup8": 0.0,
                    "popGroup9": 0.0,
                    "popGroup10": 0.15964003206211816,
                    "popGroup11": 1.107932369565302,
                    "popGroup12": 0.0,
                    "popGroup13": 0.0,
                    "popGroup14": 0.0,
                    "popGroup15": 0.0
                }
            },
            "61008": {
                "car": {
                    "popGroup2": 1.5788474165810158,
                    "popGroup4": 0.0,
                    "popGroup6": 0.0,
                    "popGroup10": 1.5228092135852984,
                    "popGroup12": 0.0,
                    "popGroup14": 0.0
                },
                "publicTransport": {
                    "popGroup0": 0.0,
                    "popGroup1": 0.0,
                    "popGroup2": 0.06384161131609505,
                    "popGroup3": 0.45260923505244094,
                    "popGroup4": 0.0,
                    "popGroup5": 0.0,
                    "popGroup6": 0.0,
                    "popGroup7": 0.0,
                    "popGroup8": 0.0,
                    "popGroup9": 0.0,
                    "popGroup10": 0.06157731412448628,
                    "popGroup11": 0.42738230078546147,
                    "popGroup12": 0.0,
                    "popGroup13": 0.0,
                    "popGroup14": 0.0,
                    "popGroup15": 0.0
                }
            },
            "61050": {
                "car": {
                    "popGroup2": 2.3712169522285227,
                    "popGroup4": 0.0,
                    "popGroup6": 0.0,
                    "popGroup10": 2.2870786029655443,
                    "popGroup12": 0.0,
                    "popGroup14": 0.0
                },
                "publicTransport": {
                    "popGroup0": 0.0,
                    "popGroup1": 0.0,
                    "popGroup2": 0.0879149200113286,
                    "popGroup3": 0.6233625740187443,
                    "popGroup4": 0.0,
                    "popGroup5": 0.0,
                    "popGroup6": 0.0,
                    "popGroup7": 0.0,
                    "popGroup8": 0.0,
                    "popGroup9": 0.0,
                    "popGroup10": 0.08479725960227155,
                    "popGroup11": 0.5886441661336405,
                    "popGroup12": 0.0,
                    "popGroup13": 0.0,
                    "popGroup14": 0.0,
                    "popGroup15": 0.0
                }
            },
            "61049": {
                "car": {
                    "popGroup2": 1.8554159395489676,
                    "popGroup4": 0.0,
                    "popGroup6": 0.0,
                    "popGroup10": 1.789572293110685,
                    "popGroup12": 0.0,
                    "popGroup14": 0.0
                },
                "publicTransport": {
                    "popGroup0": 0.0,
                    "popGroup1": 0.0,
                    "popGroup2": 0.07037513982419286,
                    "popGroup3": 0.49896916921065476,
                    "popGroup4": 0.0,
                    "popGroup5": 0.0,
                    "popGroup6": 0.0,
                    "popGroup7": 0.0,
                    "popGroup8": 0.0,
                    "popGroup9": 0.0,
                    "popGroup10": 0.06787924591523933,
                    "popGroup11": 0.47116380084798604,
                    "popGroup12": 0.0,
                    "popGroup13": 0.0,
                    "popGroup14": 0.0,
                    "popGroup15": 0.0
                }
            },
            "61058": {
                "car": {
                    "popGroup2": 3.916887992107132,
                    "popGroup4": 0.0,
                    "popGroup6": 0.0,
                    "popGroup10": 3.777862587346354,
                    "popGroup12": 0.0,
                    "popGroup14": 0.0
                },
                "publicTransport": {
                    "popGroup0": 0.0,
                    "popGroup1": 0.0,
                    "popGroup2": 0.14612194067569723,
                    "popGroup3": 1.036083873999453,
                    "popGroup4": 0.0,
                    "popGroup5": 0.0,
                    "popGroup6": 0.0,
                    "popGroup7": 0.0,
                    "popGroup8": 0.0,
                    "popGroup9": 0.0,
                    "popGroup10": 0.14094207217734295,
                    "popGroup11": 0.9785097723713572,
                    "popGroup12": 0.0,
                    "popGroup13": 0.0,
                    "popGroup14": 0.0,
                    "popGroup15": 0.0
                }
            },
            "62347": {
                "car": {
                    "popGroup2": 0.46470470328919233,
                    "popGroup4": 0.0,
                    "popGroup6": 0.0,
                    "popGroup10": 0.44821189284641916,
                    "popGroup12": 0.0,
                    "popGroup14": 0.0
                },
                "publicTransport": {
                    "popGroup0": 0.0,
                    "popGroup1": 0.0,
                    "popGroup2": 0.017213329581203394,
                    "popGroup3": 0.12205834903793125,
                    "popGroup4": 0.0,
                    "popGroup5": 0.0,
                    "popGroup6": 0.0,
                    "popGroup7": 0.0,
                    "popGroup8": 0.0,
                    "popGroup9": 0.0,
                    "popGroup10": 0.016603310530056044,
                    "popGroup11": 0.11528693866693882,
                    "popGroup12": 0.0,
                    "popGroup13": 0.0,
                    "popGroup14": 0.0,
                    "popGroup15": 0.0
                }
            }
        }
    }
}