{
    "Sum_Trips_per_Mode": {
        "work": {
            "60101": {
                "car": 931.2587640151773,
                "publicTransport": 321.4248816183432
            },
            "60669": {
                "car": 41.5111118499714,
                "publicTransport": 15.080567028628934
            },
            "60608": {
                "car": 17.52316957716226,
                "publicTransport": 6.085051983339265
            },
            "60611": {
                "car": 8.571575464063992,
                "publicTransport": 2.839531934470944
            },
            "60670": {
                "car": 35.370145362205704,
                "publicTransport": 13.39916480262742,
                "bicycle": 10.543210970875146
            },
            "60662": {
                "car": 6.796724195844751,
                "publicTransport": 2.359394573419643
            },
            "60656": {
                "car": 7.697825039847583,
                "publicTransport": 2.9126339892089463,
                "bicycle": 2.528223395250215
            },
            "60655": {
                "car": 11.207362359266597,
                "publicTransport": 4.068006294064897
            },
            "60624": {
                "car": 26.606542722981324,
                "publicTransport": 9.668852570476261
            },
            "60660": {
                "car": 8.749246683880987,
                "publicTransport": 3.1486722531968927,
                "bicycle": 2.1002386139920928,
                "walk": 0.8279078557029227
            },
            "60629": {
                "car": 15.448877366334536,
                "publicTransport": 5.852451318118876,
                "bicycle": 4.179219660244577
            },
            "60618": {
                "car": 3.7484705597346366,
                "publicTransport": 1.362199124636351
            },
            "61059": {
                "car": 10.108547371347658,
                "publicTransport": 3.133347663062756
            },
            "61001": {
                "car": 1.691485230801974,
                "publicTransport": 0.5868414097790705
            },
            "61055": {
                "car": 1.7669223311573332,
                "publicTransport": 0.6130682683340845
            },
            "61021": {
                "car": 9.546804069061114,
                "publicTransport": 2.8567203844374753
            },
            "61017": {
                "car": 1.5519224230208233,
                "publicTransport": 0.4534436185918398
            },
            "61020": {
                "car": 2.39914479711923,
                "publicTransport": 0.6800826528296352
            },
            "61012": {
                "car": 4.864485290195776,
                "publicTransport": 1.377033559553066
            },
            "61043": {
                "car": 4.818601271582991,
                "publicTransport": 1.361763810342453
            },
            "61053": {
                "car": 36.38385807151291,
                "publicTransport": 9.400940126316362
            },
            "61027": {
                "car": 2.4267774279682213,
                "publicTransport": 0.685820944897857
            },
            "61016": {
                "car": 1.6323227919907772,
                "publicTransport": 0.4509596953062289
            },
            "61045": {
                "car": 8.629595156358672,
                "publicTransport": 2.1043609099654135
            },
            "61008": {
                "car": 2.9999270634191015,
                "publicTransport": 0.7875213757963648
            },
            "61050": {
                "car": 4.670040492612083,
                "publicTransport": 1.0283527675638764
            },
            "61049": {
                "car": 3.5981449371277057,
                "publicTransport": 0.8459869511563991
            },
            "61058": {
                "car": 7.515354843569954,
                "publicTransport": 1.6647981557249805
            },
            "62347": {
                "car": 0.9090938044995045,
                "publicTransport": 0.18980714992709535
            }
        }
    },
    "Trips_per_group": {
        "work": {
            "60101": {
                "car": {
                    "popGroup2": 474.26538655853074,
                    "popGroup4": 0.0,
                    "popGroup6": 0.0,
                    "popGroup10": 456.99337745664656,
                    "popGroup12": 0.0,
                    "popGroup14": 0.0
                },
                "publicTransport": {
                    "popGroup0": 0.0,
                    "popGroup1": 0.0,
                    "popGroup2": 37.73725144143457,
                    "popGroup3": 127.28830553735585,
                    "popGroup4": 0.0,
                    "popGroup5": 0.0,
                    "popGroup6": 0.0,
                    "popGroup7": 0.0,
                    "popGroup8": 0.0,
                    "popGroup9": 0.0,
                    "popGroup10": 36.36349799030059,
                    "popGroup11": 120.03582664925217,
                    "popGroup12": 0.0,
                    "popGroup13": 0.0,
                    "popGroup14": 0.0,
                    "popGroup15": 0.0
                }
            },
            "60669": {
                "car": {
                    "popGroup2": 21.140578742360436,
                    "popGroup4": 0.0,
                    "popGroup6": 0.0,
                    "popGroup10": 20.370533107610964,
                    "popGroup12": 0.0,
                    "popGroup14": 0.0
                },
                "publicTransport": {
                    "popGroup0": 0.0,
                    "popGroup1": 0.0,
                    "popGroup2": 1.7706009870230006,
                    "popGroup3": 5.972459922805346,
                    "popGroup4": 0.0,
                    "popGroup5": 0.0,
                    "popGroup6": 0.0,
                    "popGroup7": 0.0,
                    "popGroup8": 0.0,
                    "popGroup9": 0.0,
                    "popGroup10": 1.706119418346796,
                    "popGroup11": 5.631386700453793,
                    "popGroup12": 0.0,
                    "popGroup13": 0.0,
                    "popGroup14": 0.0,
                    "popGroup15": 0.0
                }
            },
            "60608": {
                "car": {
                    "popGroup2": 8.924108038789434,
                    "popGroup4": 0.0,
                    "popGroup6": 0.0,
                    "popGroup10": 8.599061538372826,
                    "popGroup12": 0.0,
                    "popGroup14": 0.0
                },
                "publicTransport": {
                    "popGroup0": 0.0,
                    "popGroup1": 0.0,
                    "popGroup2": 0.71443881349159,
                    "popGroup3": 2.4098772338353807,
                    "popGroup4": 0.0,
                    "popGroup5": 0.0,
                    "popGroup6": 0.0,
                    "popGroup7": 0.0,
                    "popGroup8": 0.0,
                    "popGroup9": 0.0,
                    "popGroup10": 0.6884224200566712,
                    "popGroup11": 2.272313515955623,
                    "popGroup12": 0.0,
                    "popGroup13": 0.0,
                    "popGroup14": 0.0,
                    "popGroup15": 0.0
                }
            },
            "60611": {
                "car": {
                    "popGroup2": 4.365279769290813,
                    "popGroup4": 0.0,
                    "popGroup6": 0.0,
                    "popGroup10": 4.206295694773178,
                    "popGroup12": 0.0,
                    "popGroup14": 0.0
                },
                "publicTransport": {
                    "popGroup0": 0.0,
                    "popGroup1": 0.0,
                    "popGroup2": 0.33338190420220476,
                    "popGroup3": 1.124515650467504,
                    "popGroup4": 0.0,
                    "popGroup5": 0.0,
                    "popGroup6": 0.0,
                    "popGroup7": 0.0,
                    "popGroup8": 0.0,
                    "popGroup9": 0.0,
                    "popGroup10": 0.32124395833682096,
                    "popGroup11": 1.0603904214644144,
                    "popGroup12": 0.0,
                    "popGroup13": 0.0,
                    "popGroup14": 0.0,
                    "popGroup15": 0.0
                }
            },
            "60670": {
                "car": {
                    "popGroup2": 18.013171573127238,
                    "popGroup4": 0.0,
                    "popGroup6": 0.0,
                    "popGroup10": 17.35697378907847,
                    "popGroup12": 0.0,
                    "popGroup14": 0.0
                },
                "publicTransport": {
                    "popGroup0": 0.0,
                    "popGroup1": 0.0,
                    "popGroup2": 1.5732105424927598,
                    "popGroup3": 5.3067239276754785,
                    "popGroup4": 0.0,
                    "popGroup5": 0.0,
                    "popGroup6": 0.0,
                    "popGroup7": 0.0,
                    "popGroup8": 0.0,
                    "popGroup9": 0.0,
                    "popGroup10": 1.515905964413159,
                    "popGroup11": 5.003324368046023,
                    "popGroup12": 0.0,
                    "popGroup13": 0.0,
                    "popGroup14": 0.0,
                    "popGroup15": 0.0
                },
                "bicycle": {
                    "popGroup0": 0.0,
                    "popGroup1": 0.0,
                    "popGroup2": 1.2378383208054577,
                    "popGroup3": 4.175249759361576,
                    "popGroup4": 0.0,
                    "popGroup5": 0.0,
                    "popGroup6": 0.0,
                    "popGroup7": 0.0,
                    "popGroup8": 0.0,
                    "popGroup9": 0.0,
                    "popGroup10": 1.1927767724502447,
                    "popGroup11": 3.9373461182578677,
                    "popGroup12": 0.0,
                    "popGroup13": 0.0,
                    "popGroup14": 0.0,
                    "popGroup15": 0.0
                }
            },
            "60662": {
                "car": {
                    "popGroup2": 3.461402902713659,
                    "popGroup4": 0.0,
                    "popGroup6": 0.0,
                    "popGroup10": 3.3353212931310923,
                    "popGroup12": 0.0,
                    "popGroup14": 0.0
                },
                "publicTransport": {
                    "popGroup0": 0.0,
                    "popGroup1": 0.0,
                    "popGroup2": 0.27701557147628614,
                    "popGroup3": 0.934409823152108,
                    "popGroup4": 0.0,
                    "popGroup5": 0.0,
                    "popGroup6": 0.0,
                    "popGroup7": 0.0,
                    "popGroup8": 0.0,
                    "popGroup9": 0.0,
                    "popGroup10": 0.26692705406319667,
                    "popGroup11": 0.8810421247280521,
                    "popGroup12": 0.0,
                    "popGroup13": 0.0,
                    "popGroup14": 0.0,
                    "popGroup15": 0.0
                }
            },
            "60656": {
                "car": {
                    "popGroup2": 3.9203229422376875,
                    "popGroup4": 0.0,
                    "popGroup6": 0.0,
                    "popGroup10": 3.777502097609895,
                    "popGroup12": 0.0,
                    "popGroup14": 0.0
                },
                "publicTransport": {
                    "popGroup0": 0.0,
                    "popGroup1": 0.0,
                    "popGroup2": 0.34197810204136275,
                    "popGroup3": 1.1535641595713144,
                    "popGroup4": 0.0,
                    "popGroup5": 0.0,
                    "popGroup6": 0.0,
                    "popGroup7": 0.0,
                    "popGroup8": 0.0,
                    "popGroup9": 0.0,
                    "popGroup10": 0.32952011924411134,
                    "popGroup11": 1.0875716083521578,
                    "popGroup12": 0.0,
                    "popGroup13": 0.0,
                    "popGroup14": 0.0,
                    "popGroup15": 0.0
                },
                "bicycle": {
                    "popGroup0": 0.0,
                    "popGroup1": 0.0,
                    "popGroup2": 0.2968360947949023,
                    "popGroup3": 1.0012607450510778,
                    "popGroup4": 0.0,
                    "popGroup5": 0.0,
                    "popGroup6": 0.0,
                    "popGroup7": 0.0,
                    "popGroup8": 0.0,
                    "popGroup9": 0.0,
                    "popGroup10": 0.2860265804531531,
                    "popGroup11": 0.9440999749510818,
                    "popGroup12": 0.0,
                    "popGroup13": 0.0,
                    "popGroup14": 0.0,
                    "popGroup15": 0.0
                }
            },
            "60655": {
                "car": {
                    "popGroup2": 5.707642391410514,
                    "popGroup4": 0.0,
                    "popGroup6": 0.0,
                    "popGroup10": 5.499719967856084,
                    "popGroup12": 0.0,
                    "popGroup14": 0.0
                },
                "publicTransport": {
                    "popGroup0": 0.0,
                    "popGroup1": 0.0,
                    "popGroup2": 0.4776293675765754,
                    "popGroup3": 1.6111315529103958,
                    "popGroup4": 0.0,
                    "popGroup5": 0.0,
                    "popGroup6": 0.0,
                    "popGroup7": 0.0,
                    "popGroup8": 0.0,
                    "popGroup9": 0.0,
                    "popGroup10": 0.4602314361986311,
                    "popGroup11": 1.5190139373792944,
                    "popGroup12": 0.0,
                    "popGroup13": 0.0,
                    "popGroup14": 0.0,
                    "popGroup15": 0.0
                }
            },
            "60624": {
                "car": {
                    "popGroup2": 13.550067562897766,
                    "popGroup4": 0.0,
                    "popGroup6": 0.0,
                    "popGroup10": 13.056475160083556,
                    "popGroup12": 0.0,
                    "popGroup14": 0.0
                },
                "publicTransport": {
                    "popGroup0": 0.0,
                    "popGroup1": 0.0,
                    "popGroup2": 1.1352250573370355,
                    "popGroup3": 3.829298113180884,
                    "popGroup4": 0.0,
                    "popGroup5": 0.0,
                    "popGroup6": 0.0,
                    "popGroup7": 0.0,
                    "popGroup8": 0.0,
                    "popGroup9": 0.0,
                    "popGroup10": 1.0938770682128223,
                    "popGroup11": 3.6104523317455186,
                    "popGroup12": 0.0,
                    "popGroup13": 0.0,
                    "popGroup14": 0.0,
                    "popGroup15": 0.0
                }
            },
            "60660": {
                "car": {
                    "popGroup2": 4.45578047776782,
                    "popGroup4": 0.0,
                    "popGroup6": 0.0,
                    "popGroup10": 4.293466206113167,
                    "popGroup12": 0.0,
                    "popGroup14": 0.0
                },
                "publicTransport": {
                    "popGroup0": 0.0,
                    "popGroup1": 0.0,
                    "popGroup2": 0.3696876648132833,
                    "popGroup3": 1.247017994889622,
                    "popGroup4": 0.0,
                    "popGroup5": 0.0,
                    "popGroup6": 0.0,
                    "popGroup7": 0.0,
                    "popGroup8": 0.0,
                    "popGroup9": 0.0,
                    "popGroup10": 0.3562224222366368,
                    "popGroup11": 1.1757441712573506,
                    "popGroup12": 0.0,
                    "popGroup13": 0.0,
                    "popGroup14": 0.0,
                    "popGroup15": 0.0
                },
                "bicycle": {
                    "popGroup0": 0.0,
                    "popGroup1": 0.0,
                    "popGroup2": 0.24657352539842947,
                    "popGroup3": 0.831667168303155,
                    "popGroup4": 0.0,
                    "popGroup5": 0.0,
                    "popGroup6": 0.0,
                    "popGroup7": 0.0,
                    "popGroup8": 0.0,
                    "popGroup9": 0.0,
                    "popGroup10": 0.23760133744567133,
                    "popGroup11": 0.7843965828448367,
                    "popGroup12": 0.0,
                    "popGroup13": 0.0,
                    "popGroup14": 0.0,
                    "popGroup15": 0.0
                },
                "walk": {
                    "popGroup0": 0.0,
                    "popGroup1": 0.0,
                    "popGroup2": 0.09718431807750234,
                    "popGroup3": 0.32773673718568785,
                    "popGroup4": 0.0,
                    "popGroup5": 0.0,
                    "popGroup6": 0.0,
                    "popGroup7": 0.0,
                    "popGroup8": 0.0,
                    "popGroup9": 0.0,
                    "popGroup10": 0.09365547944008827,
                    "popGroup11": 0.3093313209996442,
                    "popGroup12": 0.0,
                    "popGroup13": 0.0,
                    "popGroup14": 0.0,
                    "popGroup15": 0.0
                }
            },
            "60629": {
                "car": {
                    "popGroup2": 7.867744838542333,
                    "popGroup4": 0.0,
                    "popGroup6": 0.0,
                    "popGroup10": 7.581132527792201,
                    "popGroup12": 0.0,
                    "popGroup14": 0.0
                },
                "publicTransport": {
                    "popGroup0": 0.0,
                    "popGroup1": 0.0,
                    "popGroup2": 0.6871426875266772,
                    "popGroup3": 2.3178566651652313,
                    "popGroup4": 0.0,
                    "popGroup5": 0.0,
                    "popGroup6": 0.0,
                    "popGroup7": 0.0,
                    "popGroup8": 0.0,
                    "popGroup9": 0.0,
                    "popGroup10": 0.6621133473807569,
                    "popGroup11": 2.1853386180462113,
                    "popGroup12": 0.0,
                    "popGroup13": 0.0,
                    "popGroup14": 0.0,
                    "popGroup15": 0.0
                },
                "bicycle": {
                    "popGroup0": 0.0,
                    "popGroup1": 0.0,
                    "popGroup2": 0.49065882692386137,
                    "popGroup3": 1.6549712073363012,
                    "popGroup4": 0.0,
                    "popGroup5": 0.0,
                    "popGroup6": 0.0,
                    "popGroup7": 0.0,
                    "popGroup8": 0.0,
                    "popGroup9": 0.0,
                    "popGroup10": 0.4728010784308231,
                    "popGroup11": 1.5607885475535916,
                    "popGroup12": 0.0,
                    "popGroup13": 0.0,
                    "popGroup14": 0.0,
                    "popGroup15": 0.0
                }
            },
            "60618": {
                "car": {
                    "popGroup2": 1.909005234944188,
                    "popGroup4": 0.0,
                    "popGroup6": 0.0,
                    "popGroup10": 1.8394653247904487,
                    "popGroup12": 0.0,
                    "popGroup14": 0.0
                },
                "publicTransport": {
                    "popGroup0": 0.0,
                    "popGroup1": 0.0,
                    "popGroup2": 0.15993651450345667,
                    "popGroup3": 0.5394917855790298,
                    "popGroup4": 0.0,
                    "popGroup5": 0.0,
                    "popGroup6": 0.0,
                    "popGroup7": 0.0,
                    "popGroup8": 0.0,
                    "popGroup9": 0.0,
                    "popGroup10": 0.15411119095240144,
                    "popGroup11": 0.5086596336014629,
                    "popGroup12": 0.0,
                    "popGroup13": 0.0,
                    "popGroup14": 0.0,
                    "popGroup15": 0.0
                }
            },
            "61059": {
                "car": {
                    "popGroup2": 5.148041088279978,
                    "popGroup4": 0.0,
                    "popGroup6": 0.0,
                    "popGroup10": 4.960506283067681,
                    "popGroup12": 0.0,
                    "popGroup14": 0.0
                },
                "publicTransport": {
                    "popGroup0": 0.0,
                    "popGroup1": 0.0,
                    "popGroup2": 0.3678826726188038,
                    "popGroup3": 1.2409069338406067,
                    "popGroup4": 0.0,
                    "popGroup5": 0.0,
                    "popGroup6": 0.0,
                    "popGroup7": 0.0,
                    "popGroup8": 0.0,
                    "popGroup9": 0.0,
                    "popGroup10": 0.35448617152171874,
                    "popGroup11": 1.1700718850816267,
                    "popGroup12": 0.0,
                    "popGroup13": 0.0,
                    "popGroup14": 0.0,
                    "popGroup15": 0.0
                }
            },
            "61001": {
                "car": {
                    "popGroup2": 0.8614293007196155,
                    "popGroup4": 0.0,
                    "popGroup6": 0.0,
                    "popGroup10": 0.8300559300823585,
                    "popGroup12": 0.0,
                    "popGroup14": 0.0
                },
                "publicTransport": {
                    "popGroup0": 0.0,
                    "popGroup1": 0.0,
                    "popGroup2": 0.06890000241196251,
                    "popGroup3": 0.23240553942414385,
                    "popGroup4": 0.0,
                    "popGroup5": 0.0,
                    "popGroup6": 0.0,
                    "popGroup7": 0.0,
                    "popGroup8": 0.0,
                    "popGroup9": 0.0,
                    "popGroup10": 0.06639118684065276,
                    "popGroup11": 0.21914468110231142,
                    "popGroup12": 0.0,
                    "popGroup13": 0.0,
                    "popGroup14": 0.0,
                    "popGroup15": 0.0
                }
            },
            "61055": {
                "car": {
                    "popGroup2": 0.8998450981694238,
                    "popGroup4": 0.0,
                    "popGroup6": 0.0,
                    "popGroup10": 0.8670772329879095,
                    "popGroup12": 0.0,
                    "popGroup14": 0.0
                },
                "publicTransport": {
                    "popGroup0": 0.0,
                    "popGroup1": 0.0,
                    "popGroup2": 0.07197753507129256,
                    "popGroup3": 0.24277956419206675,
                    "popGroup4": 0.0,
                    "popGroup5": 0.0,
                    "popGroup6": 0.0,
                    "popGroup7": 0.0,
                    "popGroup8": 0.0,
                    "popGroup9": 0.0,
                    "popGroup10": 0.0693575580097024,
                    "popGroup11": 0.22895361106102272,
                    "popGroup12": 0.0,
                    "popGroup13": 0.0,
                    "popGroup14": 0.0,
                    "popGroup15": 0.0
                }
            },
            "61021": {
                "car": {
                    "popGroup2": 4.861952421363301,
                    "popGroup4": 0.0,
                    "popGroup6": 0.0,
                    "popGroup10": 4.684851647697812,
                    "popGroup12": 0.0,
                    "popGroup14": 0.0
                },
                "publicTransport": {
                    "popGroup0": 0.0,
                    "popGroup1": 0.0,
                    "popGroup2": 0.33539995446977255,
                    "popGroup3": 1.1313226459303825,
                    "popGroup4": 0.0,
                    "popGroup5": 0.0,
                    "popGroup6": 0.0,
                    "popGroup7": 0.0,
                    "popGroup8": 0.0,
                    "popGroup9": 0.0,
                    "popGroup10": 0.3231885343558089,
                    "popGroup11": 1.0668092496815114,
                    "popGroup12": 0.0,
                    "popGroup13": 0.0,
                    "popGroup14": 0.0,
                    "popGroup15": 0.0
                }
            },
            "61017": {
                "car": {
                    "popGroup2": 0.7903548032651746,
                    "popGroup4": 0.0,
                    "popGroup6": 0.0,
                    "popGroup10": 0.7615676197556487,
                    "popGroup12": 0.0,
                    "popGroup14": 0.0
                },
                "publicTransport": {
                    "popGroup0": 0.0,
                    "popGroup1": 0.0,
                    "popGroup2": 0.05323696572424965,
                    "popGroup3": 0.1795686974738875,
                    "popGroup4": 0.0,
                    "popGroup5": 0.0,
                    "popGroup6": 0.0,
                    "popGroup7": 0.0,
                    "popGroup8": 0.0,
                    "popGroup9": 0.0,
                    "popGroup10": 0.05129902404174619,
                    "popGroup11": 0.16933893135195646,
                    "popGroup12": 0.0,
                    "popGroup13": 0.0,
                    "popGroup14": 0.0,
                    "popGroup15": 0.0
                }
            },
            "61020": {
                "car": {
                    "popGroup2": 1.221823549752685,
                    "popGroup4": 0.0,
                    "popGroup6": 0.0,
                    "popGroup10": 1.1773212473665446,
                    "popGroup12": 0.0,
                    "popGroup14": 0.0
                },
                "publicTransport": {
                    "popGroup0": 0.0,
                    "popGroup1": 0.0,
                    "popGroup2": 0.07984562070287345,
                    "popGroup3": 0.2693194651086452,
                    "popGroup4": 0.0,
                    "popGroup5": 0.0,
                    "popGroup6": 0.0,
                    "popGroup7": 0.0,
                    "popGroup8": 0.0,
                    "popGroup9": 0.0,
                    "popGroup10": 0.07693912337330436,
                    "popGroup11": 0.25397844364481226,
                    "popGroup12": 0.0,
                    "popGroup13": 0.0,
                    "popGroup14": 0.0,
                    "popGroup15": 0.0
                }
            },
            "61012": {
                "car": {
                    "popGroup2": 2.477357918083794,
                    "popGroup4": 0.0,
                    "popGroup6": 0.0,
                    "popGroup10": 2.387127372111982,
                    "popGroup12": 0.0,
                    "popGroup14": 0.0
                },
                "publicTransport": {
                    "popGroup0": 0.0,
                    "popGroup1": 0.0,
                    "popGroup2": 0.1616709755569756,
                    "popGroup3": 0.5453138390307317,
                    "popGroup4": 0.0,
                    "popGroup5": 0.0,
                    "popGroup6": 0.0,
                    "popGroup7": 0.0,
                    "popGroup8": 0.0,
                    "popGroup9": 0.0,
                    "popGroup10": 0.15578628027568522,
                    "popGroup11": 0.5142624646896736,
                    "popGroup12": 0.0,
                    "popGroup13": 0.0,
                    "popGroup14": 0.0,
                    "popGroup15": 0.0
                }
            },
            "61043": {
                "car": {
                    "popGroup2": 2.4539893933862333,
                    "popGroup4": 0.0,
                    "popGroup6": 0.0,
                    "popGroup10": 2.3646118781967576,
                    "popGroup12": 0.0,
                    "popGroup14": 0.0
                },
                "publicTransport": {
                    "popGroup0": 0.0,
                    "popGroup1": 0.0,
                    "popGroup2": 0.1598775178156963,
                    "popGroup3": 0.5392617423475747,
                    "popGroup4": 0.0,
                    "popGroup5": 0.0,
                    "popGroup6": 0.0,
                    "popGroup7": 0.0,
                    "popGroup8": 0.0,
                    "popGroup9": 0.0,
                    "popGroup10": 0.15405847433599998,
                    "popGroup11": 0.5085660758431818,
                    "popGroup12": 0.0,
                    "popGroup13": 0.0,
                    "popGroup14": 0.0,
                    "popGroup15": 0.0
                }
            },
            "61053": {
                "car": {
                    "popGroup2": 18.529372823090945,
                    "popGroup4": 0.0,
                    "popGroup6": 0.0,
                    "popGroup10": 17.854485248421966,
                    "popGroup12": 0.0,
                    "popGroup14": 0.0
                },
                "publicTransport": {
                    "popGroup0": 0.0,
                    "popGroup1": 0.0,
                    "popGroup2": 1.1037088533855204,
                    "popGroup3": 3.7227508828631923,
                    "popGroup4": 0.0,
                    "popGroup5": 0.0,
                    "popGroup6": 0.0,
                    "popGroup7": 0.0,
                    "popGroup8": 0.0,
                    "popGroup9": 0.0,
                    "popGroup10": 1.0635404444404994,
                    "popGroup11": 3.510939945627151,
                    "popGroup12": 0.0,
                    "popGroup13": 0.0,
                    "popGroup14": 0.0,
                    "popGroup15": 0.0
                }
            },
            "61027": {
                "car": {
                    "popGroup2": 1.2358951763582482,
                    "popGroup4": 0.0,
                    "popGroup6": 0.0,
                    "popGroup10": 1.1908822516099733,
                    "popGroup12": 0.0,
                    "popGroup14": 0.0
                },
                "publicTransport": {
                    "popGroup0": 0.0,
                    "popGroup1": 0.0,
                    "popGroup2": 0.08051862555277556,
                    "popGroup3": 0.27158674277815675,
                    "popGroup4": 0.0,
                    "popGroup5": 0.0,
                    "popGroup6": 0.0,
                    "popGroup7": 0.0,
                    "popGroup8": 0.0,
                    "popGroup9": 0.0,
                    "popGroup10": 0.07758799847388186,
                    "popGroup11": 0.2561275780930429,
                    "popGroup12": 0.0,
                    "popGroup13": 0.0,
                    "popGroup14": 0.0,
                    "popGroup15": 0.0
                }
            },
            "61016": {
                "car": {
                    "popGroup2": 0.8312975954630354,
                    "popGroup4": 0.0,
                    "popGroup6": 0.0,
                    "popGroup10": 0.8010251965277418,
                    "popGroup12": 0.0,
                    "popGroup14": 0.0
                },
                "publicTransport": {
                    "popGroup0": 0.0,
                    "popGroup1": 0.0,
                    "popGroup2": 0.052942932294448346,
                    "popGroup3": 0.1785674522511756,
                    "popGroup4": 0.0,
                    "popGroup5": 0.0,
                    "popGroup6": 0.0,
                    "popGroup7": 0.0,
                    "popGroup8": 0.0,
                    "popGroup9": 0.0,
                    "popGroup10": 0.051016954386453976,
                    "popGroup11": 0.168432356374151,
                    "popGroup12": 0.0,
                    "popGroup13": 0.0,
                    "popGroup14": 0.0,
                    "popGroup15": 0.0
                }
            },
            "61045": {
                "car": {
                    "popGroup2": 4.394828187057973,
                    "popGroup4": 0.0,
                    "popGroup6": 0.0,
                    "popGroup10": 4.2347669693007,
                    "popGroup12": 0.0,
                    "popGroup14": 0.0
                },
                "publicTransport": {
                    "popGroup0": 0.0,
                    "popGroup1": 0.0,
                    "popGroup2": 0.2470581608260916,
                    "popGroup3": 0.8333044112637191,
                    "popGroup4": 0.0,
                    "popGroup5": 0.0,
                    "popGroup6": 0.0,
                    "popGroup7": 0.0,
                    "popGroup8": 0.0,
                    "popGroup9": 0.0,
                    "popGroup10": 0.23806798955794709,
                    "popGroup11": 0.7859303483176555,
                    "popGroup12": 0.0,
                    "popGroup13": 0.0,
                    "popGroup14": 0.0,
                    "popGroup15": 0.0
                }
            },
            "61008": {
                "car": {
                    "popGroup2": 1.5277830137087622,
                    "popGroup4": 0.0,
                    "popGroup6": 0.0,
                    "popGroup10": 1.472144049710339,
                    "popGroup12": 0.0,
                    "popGroup14": 0.0
                },
                "publicTransport": {
                    "popGroup0": 0.0,
                    "popGroup1": 0.0,
                    "popGroup2": 0.09245595773752352,
                    "popGroup3": 0.311840042879081,
                    "popGroup4": 0.0,
                    "popGroup5": 0.0,
                    "popGroup6": 0.0,
                    "popGroup7": 0.0,
                    "popGroup8": 0.0,
                    "popGroup9": 0.0,
                    "popGroup10": 0.08909230502400264,
                    "popGroup11": 0.2941330701557577,
                    "popGroup12": 0.0,
                    "popGroup13": 0.0,
                    "popGroup14": 0.0,
                    "popGroup15": 0.0
                }
            },
            "61050": {
                "car": {
                    "popGroup2": 2.378316403039046,
                    "popGroup4": 0.0,
                    "popGroup6": 0.0,
                    "popGroup10": 2.2917240895730373,
                    "popGroup12": 0.0,
                    "popGroup14": 0.0
                },
                "publicTransport": {
                    "popGroup0": 0.0,
                    "popGroup1": 0.0,
                    "popGroup2": 0.12072922357165877,
                    "popGroup3": 0.40719903833381,
                    "popGroup4": 0.0,
                    "popGroup5": 0.0,
                    "popGroup6": 0.0,
                    "popGroup7": 0.0,
                    "popGroup8": 0.0,
                    "popGroup9": 0.0,
                    "popGroup10": 0.1163372872497818,
                    "popGroup11": 0.38408721840862575,
                    "popGroup12": 0.0,
                    "popGroup13": 0.0,
                    "popGroup14": 0.0,
                    "popGroup15": 0.0
                }
            },
            "61049": {
                "car": {
                    "popGroup2": 1.832434582358025,
                    "popGroup4": 0.0,
                    "popGroup6": 0.0,
                    "popGroup10": 1.7657103547696809,
                    "popGroup12": 0.0,
                    "popGroup14": 0.0
                },
                "publicTransport": {
                    "popGroup0": 0.0,
                    "popGroup1": 0.0,
                    "popGroup2": 0.09931985697602569,
                    "popGroup3": 0.3349908253126609,
                    "popGroup4": 0.0,
                    "popGroup5": 0.0,
                    "popGroup6": 0.0,
                    "popGroup7": 0.0,
                    "popGroup8": 0.0,
                    "popGroup9": 0.0,
                    "popGroup10": 0.09570650344354895,
                    "popGroup11": 0.3159697654241635,
                    "popGroup12": 0.0,
                    "popGroup13": 0.0,
                    "popGroup14": 0.0,
                    "popGroup15": 0.0
                }
            },
            "61058": {
                "car": {
                    "popGroup2": 3.827371070762488,
                    "popGroup4": 0.0,
                    "popGroup6": 0.0,
                    "popGroup10": 3.687983772807466,
                    "popGroup12": 0.0,
                    "popGroup14": 0.0
                },
                "publicTransport": {
                    "popGroup0": 0.0,
                    "popGroup1": 0.0,
                    "popGroup2": 0.19544276453565648,
                    "popGroup3": 0.6591733126052727,
                    "popGroup4": 0.0,
                    "popGroup5": 0.0,
                    "popGroup6": 0.0,
                    "popGroup7": 0.0,
                    "popGroup8": 0.0,
                    "popGroup9": 0.0,
                    "popGroup10": 0.18833576180064376,
                    "popGroup11": 0.6218463167834076,
                    "popGroup12": 0.0,
                    "popGroup13": 0.0,
                    "popGroup14": 0.0,
                    "popGroup15": 0.0
                }
            },
            "62347": {
                "car": {
                    "popGroup2": 0.4629767328009547,
                    "popGroup4": 0.0,
                    "popGroup6": 0.0,
                    "popGroup10": 0.44611707169854975,
                    "popGroup12": 0.0,
                    "popGroup14": 0.0
                },
                "publicTransport": {
                    "popGroup0": 0.0,
                    "popGroup1": 0.0,
                    "popGroup2": 0.02228245055639234,
                    "popGroup3": 0.07515088053872429,
                    "popGroup4": 0.0,
                    "popGroup5": 0.0,
                    "popGroup6": 0.0,
                    "popGroup7": 0.0,
                    "popGroup8": 0.0,
                    "popGroup9": 0.0,
                    "popGroup10": 0.021472385361238536,
                    "popGroup11": 0.07090143347074018,
                    "popGroup12": 0.0,
                    "popGroup13": 0.0,
                    "popGroup14": 0.0,
                    "popGroup15": 0.0
                }
            }
        }
    }
}