{
    "Sum_Trips_per_Mode": {
        "work": {
            "60101": {
                "car": 374.3969532242114,
                "publicTransport": 76.3824217847903
            },
            "60669": {
                "car": 17.76303102330379,
                "publicTransport": 13.3623559537792,
                "bicycle": 9.162938585385096
            },
            "60608": {
                "car": 7.371810050893598,
                "publicTransport": 5.304810345019866
            },
            "60611": {
                "car": 3.1999745802761383,
                "publicTransport": 2.2632664363753006
            },
            "60670": {
                "car": 14.446609114893104,
                "publicTransport": 10.57216896251214,
                "bicycle": 6.426202074450748
            },
            "60662": {
                "car": 2.3090761466947045,
                "publicTransport": 1.5616530503971824
            },
            "60656": {
                "car": 2.462453165047104,
                "publicTransport": 1.6779212381869244
            },
            "60655": {
                "car": 3.4692900544853913,
                "publicTransport": 2.2737515691777417
            },
            "60624": {
                "car": 9.398002377465769,
                "publicTransport": 6.796593172271459
            },
            "60660": {
                "car": 3.2272703823738,
                "publicTransport": 2.290309622423984
            },
            "60629": {
                "car": 6.7209420850110115,
                "publicTransport": 4.853899050565028,
                "bicycle": 4.158185114223027
            },
            "60618": {
                "car": 1.1006692506547295,
                "publicTransport": 0.9667335559142309,
                "bicycle": 0.6448185300479496,
                "walk": 0.2541724775903764
            },
            "61059": {
                "car": 2.994991399250045,
                "publicTransport": 1.1973589788605543
            },
            "61001": {
                "car": 0.5097358537595043,
                "publicTransport": 0.3428582488394408
            },
            "61055": {
                "car": 0.5084979365459468,
                "publicTransport": 0.33282434793420435
            },
            "61021": {
                "car": 2.6750075300572336,
                "publicTransport": 1.0171190769483518
            },
            "61017": {
                "car": 0.4317970434396825,
                "publicTransport": 0.18808921366679696
            },
            "61020": {
                "car": 0.6505319005461371,
                "publicTransport": 0.25794816462017234
            },
            "61012": {
                "car": 1.295591952653517,
                "publicTransport": 0.5243407739901088
            },
            "61043": {
                "car": 1.2813250291653682,
                "publicTransport": 0.5266084371409984
            },
            "61053": {
                "car": 9.58217304983919,
                "publicTransport": 3.701544903588859
            },
            "61027": {
                "car": 0.5506514232237081,
                "publicTransport": 0.2656287283540719
            },
            "61016": {
                "car": 0.4036978960129013,
                "publicTransport": 0.18581289027894857
            },
            "61045": {
                "car": 2.2133397929901744,
                "publicTransport": 0.8500934041409927
            },
            "61008": {
                "car": 0.6359983562931286,
                "publicTransport": 0.32301515200630926
            },
            "61050": {
                "car": 1.1581136885572483,
                "publicTransport": 0.434657120618975
            },
            "61049": {
                "car": 0.9046752870133643,
                "publicTransport": 0.35073829947833507
            },
            "61058": {
                "car": 1.847524822072139,
                "publicTransport": 0.7052669954062523
            },
            "62347": {
                "car": 0.21783438134267738,
                "publicTransport": 0.08191815178842832
            }
        }
    },
    "Trips_per_group": {
        "work": {
            "60101": {
                "car": {
                    "popGroup2": 184.4628178641366,
                    "popGroup4": 0.0,
                    "popGroup6": 0.0,
                    "popGroup10": 189.93413536007483,
                    "popGroup12": 0.0,
                    "popGroup14": 0.0
                },
                "publicTransport": {
                    "popGroup0": 0.0,
                    "popGroup1": 0.0,
                    "popGroup2": 3.5556564985571577,
                    "popGroup3": 36.71950724964913,
                    "popGroup4": 0.0,
                    "popGroup5": 0.0,
                    "popGroup6": 0.0,
                    "popGroup7": 0.0,
                    "popGroup8": 0.0,
                    "popGroup9": 0.0,
                    "popGroup10": 3.661419666176755,
                    "popGroup11": 32.44583837040726,
                    "popGroup12": 0.0,
                    "popGroup13": 0.0,
                    "popGroup14": 0.0,
                    "popGroup15": 0.0
                }
            },
            "60669": {
                "car": {
                    "popGroup2": 8.751345887223104,
                    "popGroup4": 0.0,
                    "popGroup6": 0.0,
                    "popGroup10": 9.011685136080683,
                    "popGroup12": 0.0,
                    "popGroup14": 0.0
                },
                "publicTransport": {
                    "popGroup0": 0.0,
                    "popGroup1": 0.0,
                    "popGroup2": 0.6218829603967961,
                    "popGroup3": 6.423770701188781,
                    "popGroup4": 0.0,
                    "popGroup5": 0.0,
                    "popGroup6": 0.0,
                    "popGroup7": 0.0,
                    "popGroup8": 0.0,
                    "popGroup9": 0.0,
                    "popGroup10": 0.6403668011666435,
                    "popGroup11": 5.67633549102698,
                    "popGroup12": 0.0,
                    "popGroup13": 0.0,
                    "popGroup14": 0.0,
                    "popGroup15": 0.0
                },
                "bicycle": {
                    "popGroup0": 0.0,
                    "popGroup1": 0.0,
                    "popGroup2": 0.4265019576852106,
                    "popGroup3": 4.404311314363824,
                    "popGroup4": 0.0,
                    "popGroup5": 0.0,
                    "popGroup6": 0.0,
                    "popGroup7": 0.0,
                    "popGroup8": 0.0,
                    "popGroup9": 0.0,
                    "popGroup10": 0.43906131808597454,
                    "popGroup11": 3.893063995250087,
                    "popGroup12": 0.0,
                    "popGroup13": 0.0,
                    "popGroup14": 0.0,
                    "popGroup15": 0.0
                }
            },
            "60608": {
                "car": {
                    "popGroup2": 3.631947971988887,
                    "popGroup4": 0.0,
                    "popGroup6": 0.0,
                    "popGroup10": 3.739862078904711,
                    "popGroup12": 0.0,
                    "popGroup14": 0.0
                },
                "publicTransport": {
                    "popGroup0": 0.0,
                    "popGroup1": 0.0,
                    "popGroup2": 0.24689297741537714,
                    "popGroup3": 2.5501437619004155,
                    "popGroup4": 0.0,
                    "popGroup5": 0.0,
                    "popGroup6": 0.0,
                    "popGroup7": 0.0,
                    "popGroup8": 0.0,
                    "popGroup9": 0.0,
                    "popGroup10": 0.2542184432158735,
                    "popGroup11": 2.2535551624881998,
                    "popGroup12": 0.0,
                    "popGroup13": 0.0,
                    "popGroup14": 0.0,
                    "popGroup15": 0.0
                }
            },
            "60611": {
                "car": {
                    "popGroup2": 1.5766408482540948,
                    "popGroup4": 0.0,
                    "popGroup6": 0.0,
                    "popGroup10": 1.6233337320220433,
                    "popGroup12": 0.0,
                    "popGroup14": 0.0
                },
                "publicTransport": {
                    "popGroup0": 0.0,
                    "popGroup1": 0.0,
                    "popGroup2": 0.10534504320040451,
                    "popGroup3": 1.087901856547552,
                    "popGroup4": 0.0,
                    "popGroup5": 0.0,
                    "popGroup6": 0.0,
                    "popGroup7": 0.0,
                    "popGroup8": 0.0,
                    "popGroup9": 0.0,
                    "popGroup10": 0.10845221185626762,
                    "popGroup11": 0.9615673247710764,
                    "popGroup12": 0.0,
                    "popGroup13": 0.0,
                    "popGroup14": 0.0,
                    "popGroup15": 0.0
                }
            },
            "60670": {
                "car": {
                    "popGroup2": 7.117501572451379,
                    "popGroup4": 0.0,
                    "popGroup6": 0.0,
                    "popGroup10": 7.329107542441726,
                    "popGroup12": 0.0,
                    "popGroup14": 0.0
                },
                "publicTransport": {
                    "popGroup0": 0.0,
                    "popGroup1": 0.0,
                    "popGroup2": 0.49203689122612804,
                    "popGroup3": 5.082357456973981,
                    "popGroup4": 0.0,
                    "popGroup5": 0.0,
                    "popGroup6": 0.0,
                    "popGroup7": 0.0,
                    "popGroup8": 0.0,
                    "popGroup9": 0.0,
                    "popGroup10": 0.5066494959802605,
                    "popGroup11": 4.491125118331771,
                    "popGroup12": 0.0,
                    "popGroup13": 0.0,
                    "popGroup14": 0.0,
                    "popGroup15": 0.0
                },
                "bicycle": {
                    "popGroup0": 0.0,
                    "popGroup1": 0.0,
                    "popGroup2": 0.2991298311756513,
                    "popGroup3": 3.088709753651515,
                    "popGroup4": 0.0,
                    "popGroup5": 0.0,
                    "popGroup6": 0.0,
                    "popGroup7": 0.0,
                    "popGroup8": 0.0,
                    "popGroup9": 0.0,
                    "popGroup10": 0.3079118989263909,
                    "popGroup11": 2.730450590697191,
                    "popGroup12": 0.0,
                    "popGroup13": 0.0,
                    "popGroup14": 0.0,
                    "popGroup15": 0.0
                }
            },
            "60662": {
                "car": {
                    "popGroup2": 1.1376860351982518,
                    "popGroup4": 0.0,
                    "popGroup6": 0.0,
                    "popGroup10": 1.1713901114964527,
                    "popGroup12": 0.0,
                    "popGroup14": 0.0
                },
                "publicTransport": {
                    "popGroup0": 0.0,
                    "popGroup1": 0.0,
                    "popGroup2": 0.0726865825460212,
                    "popGroup3": 0.7506657878186704,
                    "popGroup4": 0.0,
                    "popGroup5": 0.0,
                    "popGroup6": 0.0,
                    "popGroup7": 0.0,
                    "popGroup8": 0.0,
                    "popGroup9": 0.0,
                    "popGroup10": 0.07483296320857795,
                    "popGroup11": 0.6634677168239128,
                    "popGroup12": 0.0,
                    "popGroup13": 0.0,
                    "popGroup14": 0.0,
                    "popGroup15": 0.0
                }
            },
            "60656": {
                "car": {
                    "popGroup2": 1.2132350796417475,
                    "popGroup4": 0.0,
                    "popGroup6": 0.0,
                    "popGroup10": 1.2492180854053565,
                    "popGroup12": 0.0,
                    "popGroup14": 0.0
                },
                "publicTransport": {
                    "popGroup0": 0.0,
                    "popGroup1": 0.0,
                    "popGroup2": 0.07809606084363539,
                    "popGroup3": 0.8065805419372676,
                    "popGroup4": 0.0,
                    "popGroup5": 0.0,
                    "popGroup6": 0.0,
                    "popGroup7": 0.0,
                    "popGroup8": 0.0,
                    "popGroup9": 0.0,
                    "popGroup10": 0.08040697985217807,
                    "popGroup11": 0.7128376555538433,
                    "popGroup12": 0.0,
                    "popGroup13": 0.0,
                    "popGroup14": 0.0,
                    "popGroup15": 0.0
                }
            },
            "60655": {
                "car": {
                    "popGroup2": 1.709327405763965,
                    "popGroup4": 0.0,
                    "popGroup6": 0.0,
                    "popGroup10": 1.7599626487214266,
                    "popGroup12": 0.0,
                    "popGroup14": 0.0
                },
                "publicTransport": {
                    "popGroup0": 0.0,
                    "popGroup1": 0.0,
                    "popGroup2": 0.1058309870418084,
                    "popGroup3": 1.0929649438331361,
                    "popGroup4": 0.0,
                    "popGroup5": 0.0,
                    "popGroup6": 0.0,
                    "popGroup7": 0.0,
                    "popGroup8": 0.0,
                    "popGroup9": 0.0,
                    "popGroup10": 0.10895668969296565,
                    "popGroup11": 0.9659989486098315,
                    "popGroup12": 0.0,
                    "popGroup13": 0.0,
                    "popGroup14": 0.0,
                    "popGroup15": 0.0
                }
            },
            "60624": {
                "car": {
                    "popGroup2": 4.630335930066341,
                    "popGroup4": 0.0,
                    "popGroup6": 0.0,
                    "popGroup10": 4.767666447399428,
                    "popGroup12": 0.0,
                    "popGroup14": 0.0
                },
                "publicTransport": {
                    "popGroup0": 0.0,
                    "popGroup1": 0.0,
                    "popGroup2": 0.31633805595415565,
                    "popGroup3": 3.2671144777470653,
                    "popGroup4": 0.0,
                    "popGroup5": 0.0,
                    "popGroup6": 0.0,
                    "popGroup7": 0.0,
                    "popGroup8": 0.0,
                    "popGroup9": 0.0,
                    "popGroup10": 0.325694457251663,
                    "popGroup11": 2.8874461813185746,
                    "popGroup12": 0.0,
                    "popGroup13": 0.0,
                    "popGroup14": 0.0,
                    "popGroup15": 0.0
                }
            },
            "60660": {
                "car": {
                    "popGroup2": 1.590016930162776,
                    "popGroup4": 0.0,
                    "popGroup6": 0.0,
                    "popGroup10": 1.6372534522110238,
                    "popGroup12": 0.0,
                    "popGroup14": 0.0
                },
                "publicTransport": {
                    "popGroup0": 0.0,
                    "popGroup1": 0.0,
                    "popGroup2": 0.10659457488493118,
                    "popGroup3": 1.1010016270714176,
                    "popGroup4": 0.0,
                    "popGroup5": 0.0,
                    "popGroup6": 0.0,
                    "popGroup7": 0.0,
                    "popGroup8": 0.0,
                    "popGroup9": 0.0,
                    "popGroup10": 0.10975687953152967,
                    "popGroup11": 0.972956540936106,
                    "popGroup12": 0.0,
                    "popGroup13": 0.0,
                    "popGroup14": 0.0,
                    "popGroup15": 0.0
                }
            },
            "60629": {
                "car": {
                    "popGroup2": 3.3111474337216924,
                    "popGroup4": 0.0,
                    "popGroup6": 0.0,
                    "popGroup10": 3.409794651289319,
                    "popGroup12": 0.0,
                    "popGroup14": 0.0
                },
                "publicTransport": {
                    "popGroup0": 0.0,
                    "popGroup1": 0.0,
                    "popGroup2": 0.22589296557163963,
                    "popGroup3": 2.3335260800488187,
                    "popGroup4": 0.0,
                    "popGroup5": 0.0,
                    "popGroup6": 0.0,
                    "popGroup7": 0.0,
                    "popGroup8": 0.0,
                    "popGroup9": 0.0,
                    "popGroup10": 0.23262165111424832,
                    "popGroup11": 2.061858353830322,
                    "popGroup12": 0.0,
                    "popGroup13": 0.0,
                    "popGroup14": 0.0,
                    "popGroup15": 0.0
                },
                "bicycle": {
                    "popGroup0": 0.0,
                    "popGroup1": 0.0,
                    "popGroup2": 0.1935220348002044,
                    "popGroup3": 1.998992279262795,
                    "popGroup4": 0.0,
                    "popGroup5": 0.0,
                    "popGroup6": 0.0,
                    "popGroup7": 0.0,
                    "popGroup8": 0.0,
                    "popGroup9": 0.0,
                    "popGroup10": 0.19927434846061973,
                    "popGroup11": 1.7663964516994084,
                    "popGroup12": 0.0,
                    "popGroup13": 0.0,
                    "popGroup14": 0.0,
                    "popGroup15": 0.0
                }
            },
            "60618": {
                "car": {
                    "popGroup2": 0.5422694294601272,
                    "popGroup4": 0.0,
                    "popGroup6": 0.0,
                    "popGroup10": 0.5583998211946023,
                    "popGroup12": 0.0,
                    "popGroup14": 0.0
                },
                "publicTransport": {
                    "popGroup0": 0.0,
                    "popGroup1": 0.0,
                    "popGroup2": 0.04499252112674151,
                    "popGroup3": 0.4647363530812756,
                    "popGroup4": 0.0,
                    "popGroup5": 0.0,
                    "popGroup6": 0.0,
                    "popGroup7": 0.0,
                    "popGroup8": 0.0,
                    "popGroup9": 0.0,
                    "popGroup10": 0.04632844538750146,
                    "popGroup11": 0.4106762363187124,
                    "popGroup12": 0.0,
                    "popGroup13": 0.0,
                    "popGroup14": 0.0,
                    "popGroup15": 0.0
                },
                "bicycle": {
                    "popGroup0": 0.0,
                    "popGroup1": 0.0,
                    "popGroup2": 0.03001673287225296,
                    "popGroup3": 0.309911818837031,
                    "popGroup4": 0.0,
                    "popGroup5": 0.0,
                    "popGroup6": 0.0,
                    "popGroup7": 0.0,
                    "popGroup8": 0.0,
                    "popGroup9": 0.0,
                    "popGroup10": 0.03089511996290318,
                    "popGroup11": 0.2739948583757625,
                    "popGroup12": 0.0,
                    "popGroup13": 0.0,
                    "popGroup14": 0.0,
                    "popGroup15": 0.0
                },
                "walk": {
                    "popGroup0": 0.0,
                    "popGroup1": 0.0,
                    "popGroup2": 0.011837285469205788,
                    "popGroup3": 0.12210027265763261,
                    "popGroup4": 0.0,
                    "popGroup5": 0.0,
                    "popGroup6": 0.0,
                    "popGroup7": 0.0,
                    "popGroup8": 0.0,
                    "popGroup9": 0.0,
                    "popGroup10": 0.012172820383162579,
                    "popGroup11": 0.10806209908037542,
                    "popGroup12": 0.0,
                    "popGroup13": 0.0,
                    "popGroup14": 0.0,
                    "popGroup15": 0.0
                }
            },
            "61059": {
                "car": {
                    "popGroup2": 1.475637186190619,
                    "popGroup4": 0.0,
                    "popGroup6": 0.0,
                    "popGroup10": 1.519354213059426,
                    "popGroup12": 0.0,
                    "popGroup14": 0.0
                },
                "publicTransport": {
                    "popGroup0": 0.0,
                    "popGroup1": 0.0,
                    "popGroup2": 0.05572974047261668,
                    "popGroup3": 0.5755461830778248,
                    "popGroup4": 0.0,
                    "popGroup5": 0.0,
                    "popGroup6": 0.0,
                    "popGroup7": 0.0,
                    "popGroup8": 0.0,
                    "popGroup9": 0.0,
                    "popGroup10": 0.05737353100361131,
                    "popGroup11": 0.5087095243065016,
                    "popGroup12": 0.0,
                    "popGroup13": 0.0,
                    "popGroup14": 0.0,
                    "popGroup15": 0.0
                }
            },
            "61001": {
                "car": {
                    "popGroup2": 0.2511590913785216,
                    "popGroup4": 0.0,
                    "popGroup6": 0.0,
                    "popGroup10": 0.2585767623809826,
                    "popGroup12": 0.0,
                    "popGroup14": 0.0
                },
                "publicTransport": {
                    "popGroup0": 0.0,
                    "popGroup1": 0.0,
                    "popGroup2": 0.015959846213760703,
                    "popGroup3": 0.16478965865422052,
                    "popGroup4": 0.0,
                    "popGroup5": 0.0,
                    "popGroup6": 0.0,
                    "popGroup7": 0.0,
                    "popGroup8": 0.0,
                    "popGroup9": 0.0,
                    "popGroup10": 0.016427913196464587,
                    "popGroup11": 0.14568083077499505,
                    "popGroup12": 0.0,
                    "popGroup13": 0.0,
                    "popGroup14": 0.0,
                    "popGroup15": 0.0
                }
            },
            "61055": {
                "car": {
                    "popGroup2": 0.2505574076419834,
                    "popGroup4": 0.0,
                    "popGroup6": 0.0,
                    "popGroup10": 0.2579405289039633,
                    "popGroup12": 0.0,
                    "popGroup14": 0.0
                },
                "publicTransport": {
                    "popGroup0": 0.0,
                    "popGroup1": 0.0,
                    "popGroup2": 0.015494085635789426,
                    "popGroup3": 0.1599526850314371,
                    "popGroup4": 0.0,
                    "popGroup5": 0.0,
                    "popGroup6": 0.0,
                    "popGroup7": 0.0,
                    "popGroup8": 0.0,
                    "popGroup9": 0.0,
                    "popGroup10": 0.01594589236077313,
                    "popGroup11": 0.14143168490620472,
                    "popGroup12": 0.0,
                    "popGroup13": 0.0,
                    "popGroup14": 0.0,
                    "popGroup15": 0.0
                }
            },
            "61021": {
                "car": {
                    "popGroup2": 1.3180008459938524,
                    "popGroup4": 0.0,
                    "popGroup6": 0.0,
                    "popGroup10": 1.357006684063381,
                    "popGroup12": 0.0,
                    "popGroup14": 0.0
                },
                "publicTransport": {
                    "popGroup0": 0.0,
                    "popGroup1": 0.0,
                    "popGroup2": 0.0473401202808423,
                    "popGroup3": 0.48889733595241136,
                    "popGroup4": 0.0,
                    "popGroup5": 0.0,
                    "popGroup6": 0.0,
                    "popGroup7": 0.0,
                    "popGroup8": 0.0,
                    "popGroup9": 0.0,
                    "popGroup10": 0.048734083858424246,
                    "popGroup11": 0.43214753685667384,
                    "popGroup12": 0.0,
                    "popGroup13": 0.0,
                    "popGroup14": 0.0,
                    "popGroup15": 0.0
                }
            },
            "61017": {
                "car": {
                    "popGroup2": 0.2127553210665199,
                    "popGroup4": 0.0,
                    "popGroup6": 0.0,
                    "popGroup10": 0.21904172237316258,
                    "popGroup12": 0.0,
                    "popGroup14": 0.0
                },
                "publicTransport": {
                    "popGroup0": 0.0,
                    "popGroup1": 0.0,
                    "popGroup2": 0.008755413152598843,
                    "popGroup3": 0.09040112630946456,
                    "popGroup4": 0.0,
                    "popGroup5": 0.0,
                    "popGroup6": 0.0,
                    "popGroup7": 0.0,
                    "popGroup8": 0.0,
                    "popGroup9": 0.0,
                    "popGroup10": 0.009011957886864186,
                    "popGroup11": 0.07992071631786937,
                    "popGroup12": 0.0,
                    "popGroup13": 0.0,
                    "popGroup14": 0.0,
                    "popGroup15": 0.0
                }
            },
            "61020": {
                "car": {
                    "popGroup2": 0.320529737145671,
                    "popGroup4": 0.0,
                    "popGroup6": 0.0,
                    "popGroup10": 0.33000216340046606,
                    "popGroup12": 0.0,
                    "popGroup14": 0.0
                },
                "publicTransport": {
                    "popGroup0": 0.0,
                    "popGroup1": 0.0,
                    "popGroup2": 0.012006681061067474,
                    "popGroup3": 0.1239803901045468,
                    "popGroup4": 0.0,
                    "popGroup5": 0.0,
                    "popGroup6": 0.0,
                    "popGroup7": 0.0,
                    "popGroup8": 0.0,
                    "popGroup9": 0.0,
                    "popGroup10": 0.012358968988545362,
                    "popGroup11": 0.1096021244660127,
                    "popGroup12": 0.0,
                    "popGroup13": 0.0,
                    "popGroup14": 0.0,
                    "popGroup15": 0.0
                }
            },
            "61012": {
                "car": {
                    "popGroup2": 0.638365808086151,
                    "popGroup4": 0.0,
                    "popGroup6": 0.0,
                    "popGroup10": 0.657226144567366,
                    "popGroup12": 0.0,
                    "popGroup14": 0.0
                },
                "publicTransport": {
                    "popGroup0": 0.0,
                    "popGroup1": 0.0,
                    "popGroup2": 0.024406654579845283,
                    "popGroup3": 0.2520157749783128,
                    "popGroup4": 0.0,
                    "popGroup5": 0.0,
                    "popGroup6": 0.0,
                    "popGroup7": 0.0,
                    "popGroup8": 0.0,
                    "popGroup9": 0.0,
                    "popGroup10": 0.025122065371706446,
                    "popGroup11": 0.22279627906024424,
                    "popGroup12": 0.0,
                    "popGroup13": 0.0,
                    "popGroup14": 0.0,
                    "popGroup15": 0.0
                }
            },
            "61043": {
                "car": {
                    "popGroup2": 0.6313399128250724,
                    "popGroup4": 0.0,
                    "popGroup6": 0.0,
                    "popGroup10": 0.6499851163402959,
                    "popGroup12": 0.0,
                    "popGroup14": 0.0
                },
                "publicTransport": {
                    "popGroup0": 0.0,
                    "popGroup1": 0.0,
                    "popGroup2": 0.024512950870619964,
                    "popGroup3": 0.25310050858362126,
                    "popGroup4": 0.0,
                    "popGroup5": 0.0,
                    "popGroup6": 0.0,
                    "popGroup7": 0.0,
                    "popGroup8": 0.0,
                    "popGroup9": 0.0,
                    "popGroup10": 0.025230595088774063,
                    "popGroup11": 0.22376438259798306,
                    "popGroup12": 0.0,
                    "popGroup13": 0.0,
                    "popGroup14": 0.0,
                    "popGroup15": 0.0
                }
            },
            "61053": {
                "car": {
                    "popGroup2": 4.721308400320947,
                    "popGroup4": 0.0,
                    "popGroup6": 0.0,
                    "popGroup10": 4.860864649518243,
                    "popGroup12": 0.0,
                    "popGroup14": 0.0
                },
                "publicTransport": {
                    "popGroup0": 0.0,
                    "popGroup1": 0.0,
                    "popGroup2": 0.17230568675712143,
                    "popGroup3": 1.7790121677541089,
                    "popGroup4": 0.0,
                    "popGroup5": 0.0,
                    "popGroup6": 0.0,
                    "popGroup7": 0.0,
                    "popGroup8": 0.0,
                    "popGroup9": 0.0,
                    "popGroup10": 0.17734321184792068,
                    "popGroup11": 1.5728838372297083,
                    "popGroup12": 0.0,
                    "popGroup13": 0.0,
                    "popGroup14": 0.0,
                    "popGroup15": 0.0
                }
            },
            "61027": {
                "car": {
                    "popGroup2": 0.2713338844752824,
                    "popGroup4": 0.0,
                    "popGroup6": 0.0,
                    "popGroup10": 0.2793175387484257,
                    "popGroup12": 0.0,
                    "popGroup14": 0.0
                },
                "publicTransport": {
                    "popGroup0": 0.0,
                    "popGroup1": 0.0,
                    "popGroup2": 0.012364690631629899,
                    "popGroup3": 0.1276674040315995,
                    "popGroup4": 0.0,
                    "popGroup5": 0.0,
                    "popGroup6": 0.0,
                    "popGroup7": 0.0,
                    "popGroup8": 0.0,
                    "popGroup9": 0.0,
                    "popGroup10": 0.012726670451924747,
                    "popGroup11": 0.11286996323891776,
                    "popGroup12": 0.0,
                    "popGroup13": 0.0,
                    "popGroup14": 0.0,
                    "popGroup15": 0.0
                }
            },
            "61016": {
                "car": {
                    "popGroup2": 0.19891736696237683,
                    "popGroup4": 0.0,
                    "popGroup6": 0.0,
                    "popGroup10": 0.20478052905052446,
                    "popGroup12": 0.0,
                    "popGroup14": 0.0
                },
                "publicTransport": {
                    "popGroup0": 0.0,
                    "popGroup1": 0.0,
                    "popGroup2": 0.008650682703181412,
                    "popGroup3": 0.08929321412486864,
                    "popGroup4": 0.0,
                    "popGroup5": 0.0,
                    "popGroup6": 0.0,
                    "popGroup7": 0.0,
                    "popGroup8": 0.0,
                    "popGroup9": 0.0,
                    "popGroup10": 0.008901638590451759,
                    "popGroup11": 0.07896735486044676,
                    "popGroup12": 0.0,
                    "popGroup13": 0.0,
                    "popGroup14": 0.0,
                    "popGroup15": 0.0
                }
            },
            "61045": {
                "car": {
                    "popGroup2": 1.090566905375836,
                    "popGroup4": 0.0,
                    "popGroup6": 0.0,
                    "popGroup10": 1.1227728876143381,
                    "popGroup12": 0.0,
                    "popGroup14": 0.0
                },
                "publicTransport": {
                    "popGroup0": 0.0,
                    "popGroup1": 0.0,
                    "popGroup2": 0.03957338582657248,
                    "popGroup3": 0.40854971038534693,
                    "popGroup4": 0.0,
                    "popGroup5": 0.0,
                    "popGroup6": 0.0,
                    "popGroup7": 0.0,
                    "popGroup8": 0.0,
                    "popGroup9": 0.0,
                    "popGroup10": 0.040727406937317925,
                    "popGroup11": 0.3612429009917554,
                    "popGroup12": 0.0,
                    "popGroup13": 0.0,
                    "popGroup14": 0.0,
                    "popGroup15": 0.0
                }
            },
            "61008": {
                "car": {
                    "popGroup2": 0.31339960216302765,
                    "popGroup4": 0.0,
                    "popGroup6": 0.0,
                    "popGroup10": 0.322598754130101,
                    "popGroup12": 0.0,
                    "popGroup14": 0.0
                },
                "publicTransport": {
                    "popGroup0": 0.0,
                    "popGroup1": 0.0,
                    "popGroup2": 0.015037950804772377,
                    "popGroup3": 0.1552295650906046,
                    "popGroup4": 0.0,
                    "popGroup5": 0.0,
                    "popGroup6": 0.0,
                    "popGroup7": 0.0,
                    "popGroup8": 0.0,
                    "popGroup9": 0.0,
                    "popGroup10": 0.015474777518459982,
                    "popGroup11": 0.13727285859247232,
                    "popGroup12": 0.0,
                    "popGroup13": 0.0,
                    "popGroup14": 0.0,
                    "popGroup15": 0.0
                }
            },
            "61050": {
                "car": {
                    "popGroup2": 0.5706791272812839,
                    "popGroup4": 0.0,
                    "popGroup6": 0.0,
                    "popGroup10": 0.5874345612759644,
                    "popGroup12": 0.0,
                    "popGroup14": 0.0
                },
                "publicTransport": {
                    "popGroup0": 0.0,
                    "popGroup1": 0.0,
                    "popGroup2": 0.02023599269747589,
                    "popGroup3": 0.20887528595434585,
                    "popGroup4": 0.0,
                    "popGroup5": 0.0,
                    "popGroup6": 0.0,
                    "popGroup7": 0.0,
                    "popGroup8": 0.0,
                    "popGroup9": 0.0,
                    "popGroup10": 0.020822841471924244,
                    "popGroup11": 0.184723000495229,
                    "popGroup12": 0.0,
                    "popGroup13": 0.0,
                    "popGroup14": 0.0,
                    "popGroup15": 0.0
                }
            },
            "61049": {
                "car": {
                    "popGroup2": 0.4457814175146958,
                    "popGroup4": 0.0,
                    "popGroup6": 0.0,
                    "popGroup10": 0.45889386949866845,
                    "popGroup12": 0.0,
                    "popGroup14": 0.0
                },
                "publicTransport": {
                    "popGroup0": 0.0,
                    "popGroup1": 0.0,
                    "popGroup2": 0.01632863600835371,
                    "popGroup3": 0.16855186730019903,
                    "popGroup4": 0.0,
                    "popGroup5": 0.0,
                    "popGroup6": 0.0,
                    "popGroup7": 0.0,
                    "popGroup8": 0.0,
                    "popGroup9": 0.0,
                    "popGroup10": 0.016802871292807466,
                    "popGroup11": 0.14905492487697486,
                    "popGroup12": 0.0,
                    "popGroup13": 0.0,
                    "popGroup14": 0.0,
                    "popGroup15": 0.0
                }
            },
            "61058": {
                "car": {
                    "popGroup2": 0.910325177046215,
                    "popGroup4": 0.0,
                    "popGroup6": 0.0,
                    "popGroup10": 0.937199645025924,
                    "popGroup12": 0.0,
                    "popGroup14": 0.0
                },
                "publicTransport": {
                    "popGroup0": 0.0,
                    "popGroup1": 0.0,
                    "popGroup2": 0.03283801145841422,
                    "popGroup3": 0.3388813235644451,
                    "popGroup4": 0.0,
                    "popGroup5": 0.0,
                    "popGroup6": 0.0,
                    "popGroup7": 0.0,
                    "popGroup8": 0.0,
                    "popGroup9": 0.0,
                    "popGroup10": 0.03378381434802231,
                    "popGroup11": 0.29976384603537065,
                    "popGroup12": 0.0,
                    "popGroup13": 0.0,
                    "popGroup14": 0.0,
                    "popGroup15": 0.0
                }
            },
            "62347": {
                "car": {
                    "popGroup2": 0.10733451326872293,
                    "popGroup4": 0.0,
                    "popGroup6": 0.0,
                    "popGroup10": 0.11049986807395445,
                    "popGroup12": 0.0,
                    "popGroup14": 0.0
                },
                "publicTransport": {
                    "popGroup0": 0.0,
                    "popGroup1": 0.0,
                    "popGroup2": 0.0038144658791869597,
                    "popGroup3": 0.03935891995700484,
                    "popGroup4": 0.0,
                    "popGroup5": 0.0,
                    "popGroup6": 0.0,
                    "popGroup7": 0.0,
                    "popGroup8": 0.0,
                    "popGroup9": 0.0,
                    "popGroup10": 0.003923821750768196,
                    "popGroup11": 0.034820944201468314,
                    "popGroup12": 0.0,
                    "popGroup13": 0.0,
                    "popGroup14": 0.0,
                    "popGroup15": 0.0
                }
            }
        }
    }
}