{
    "Sum_Trips_per_Mode": {
        "work": {
            "60101": {
                "car": 1507.630465002711,
                "publicTransport": 292.33826247056504
            },
            "60669": {
                "car": 72.02986369711778,
                "publicTransport": 112.52542447408618
            },
            "60608": {
                "car": 29.86910911938304,
                "publicTransport": 39.73959262574785
            },
            "60611": {
                "car": 13.005837207566099,
                "publicTransport": 16.93983971066865
            },
            "60670": {
                "car": 58.344128065877854,
                "publicTransport": 98.49033722379046
            },
            "60662": {
                "car": 9.377144039799445,
                "publicTransport": 10.612876335804593
            },
            "60656": {
                "car": 11.4081956196889,
                "publicTransport": 21.502565416761122
            },
            "60655": {
                "car": 16.114225598402697,
                "publicTransport": 25.093781960645806
            },
            "60624": {
                "car": 38.24017918140697,
                "publicTransport": 59.52850521865457
            },
            "60660": {
                "car": 15.221838955175945,
                "publicTransport": 32.456629417097574
            },
            "60629": {
                "car": 17.145736173965567,
                "publicTransport": 48.51708729101148
            },
            "60618": {
                "car": 7.240224072334707,
                "publicTransport": 9.584146019719244
            },
            "61059": {
                "car": 13.549889023881896,
                "publicTransport": 6.0847059618132056
            },
            "61001": {
                "car": 2.1835382890866164,
                "publicTransport": 1.1936395621642473
            },
            "61055": {
                "car": 2.153565837842307,
                "publicTransport": 1.5076266018061402
            },
            "61021": {
                "car": 11.948194511466157,
                "publicTransport": 4.655950083091108
            },
            "61017": {
                "car": 1.96427127296605,
                "publicTransport": 1.084504880459
            },
            "61020": {
                "car": 2.9128554066337156,
                "publicTransport": 1.231522217313012
            },
            "61012": {
                "car": 5.772531800275738,
                "publicTransport": 2.5314648117366945
            },
            "61043": {
                "car": 5.728077789775553,
                "publicTransport": 2.617998869598819
            },
            "61053": {
                "car": 42.11007120849676,
                "publicTransport": 17.418382481160478
            },
            "61027": {
                "car": 2.896770834987077,
                "publicTransport": 1.320774701127478
            },
            "61016": {
                "car": 1.771486987015568,
                "publicTransport": 0.9736089580818947
            },
            "61045": {
                "car": 9.710162169890095,
                "publicTransport": 3.7492425187822773
            },
            "61008": {
                "car": 3.3063091108935367,
                "publicTransport": 1.6687577221876633
            },
            "61050": {
                "car": 5.223722223714068,
                "publicTransport": 1.8001952723084682
            },
            "61049": {
                "car": 4.12632675569675,
                "publicTransport": 1.644147538317322
            },
            "61058": {
                "car": 7.928165846215391,
                "publicTransport": 3.565410859318253
            },
            "62347": {
                "car": 0.9322086999100594,
                "publicTransport": 0.37542360197544267
            }
        }
    },
    "Trips_per_group": {
        "work": {
            "60101": {
                "car": {
                    "popGroup2": 716.0711955975675,
                    "popGroup4": 0.0,
                    "popGroup6": 0.0,
                    "popGroup10": 791.5592694051436,
                    "popGroup12": 0.0,
                    "popGroup14": 0.0
                },
                "publicTransport": {
                    "popGroup0": 0.0,
                    "popGroup1": 0.0,
                    "popGroup2": 45.84624205977968,
                    "popGroup3": 95.08645184164111,
                    "popGroup4": 0.0,
                    "popGroup5": 0.0,
                    "popGroup6": 0.0,
                    "popGroup7": 0.0,
                    "popGroup8": 0.0,
                    "popGroup9": 0.0,
                    "popGroup10": 50.681801800449605,
                    "popGroup11": 100.72376676869467,
                    "popGroup12": 0.0,
                    "popGroup13": 0.0,
                    "popGroup14": 0.0,
                    "popGroup15": 0.0
                }
            },
            "60669": {
                "car": {
                    "popGroup2": 34.21161303642368,
                    "popGroup4": 0.0,
                    "popGroup6": 0.0,
                    "popGroup10": 37.81825066069409,
                    "popGroup12": 0.0,
                    "popGroup14": 0.0
                },
                "publicTransport": {
                    "popGroup0": 0.0,
                    "popGroup1": 0.0,
                    "popGroup2": 15.772346884268774,
                    "popGroup3": 38.52242487971522,
                    "popGroup4": 0.0,
                    "popGroup5": 0.0,
                    "popGroup6": 0.0,
                    "popGroup7": 0.0,
                    "popGroup8": 0.0,
                    "popGroup9": 0.0,
                    "popGroup10": 17.43506451069096,
                    "popGroup11": 40.79558819941123,
                    "popGroup12": 0.0,
                    "popGroup13": 0.0,
                    "popGroup14": 0.0,
                    "popGroup15": 0.0
                }
            },
            "60608": {
                "car": {
                    "popGroup2": 14.186764915298093,
                    "popGroup4": 0.0,
                    "popGroup6": 0.0,
                    "popGroup10": 15.682344204084945,
                    "popGroup12": 0.0,
                    "popGroup14": 0.0
                },
                "publicTransport": {
                    "popGroup0": 0.0,
                    "popGroup1": 0.0,
                    "popGroup2": 5.568915168500363,
                    "popGroup3": 13.606044034847056,
                    "popGroup4": 0.0,
                    "popGroup5": 0.0,
                    "popGroup6": 0.0,
                    "popGroup7": 0.0,
                    "popGroup8": 0.0,
                    "popGroup9": 0.0,
                    "popGroup10": 6.155984880672168,
                    "popGroup11": 14.408648541728258,
                    "popGroup12": 0.0,
                    "popGroup13": 0.0,
                    "popGroup14": 0.0,
                    "popGroup15": 0.0
                }
            },
            "60611": {
                "car": {
                    "popGroup2": 6.177315812975149,
                    "popGroup4": 0.0,
                    "popGroup6": 0.0,
                    "popGroup10": 6.82852139459095,
                    "popGroup12": 0.0,
                    "popGroup14": 0.0
                },
                "publicTransport": {
                    "popGroup0": 0.0,
                    "popGroup1": 0.0,
                    "popGroup2": 2.373043058162179,
                    "popGroup3": 5.801015728318804,
                    "popGroup4": 0.0,
                    "popGroup5": 0.0,
                    "popGroup6": 0.0,
                    "popGroup7": 0.0,
                    "popGroup8": 0.0,
                    "popGroup9": 0.0,
                    "popGroup10": 2.6231967275447543,
                    "popGroup11": 6.142584196642911,
                    "popGroup12": 0.0,
                    "popGroup13": 0.0,
                    "popGroup14": 0.0,
                    "popGroup15": 0.0
                }
            },
            "60670": {
                "car": {
                    "popGroup2": 27.711382322280233,
                    "popGroup4": 0.0,
                    "popGroup6": 0.0,
                    "popGroup10": 30.632745743597624,
                    "popGroup12": 0.0,
                    "popGroup14": 0.0
                },
                "publicTransport": {
                    "popGroup0": 0.0,
                    "popGroup1": 0.0,
                    "popGroup2": 13.794064740502208,
                    "popGroup3": 33.72919364768528,
                    "popGroup4": 0.0,
                    "popGroup5": 0.0,
                    "popGroup6": 0.0,
                    "popGroup7": 0.0,
                    "popGroup8": 0.0,
                    "popGroup9": 0.0,
                    "popGroup10": 15.248229391052678,
                    "popGroup11": 35.7188494445503,
                    "popGroup12": 0.0,
                    "popGroup13": 0.0,
                    "popGroup14": 0.0,
                    "popGroup15": 0.0
                }
            },
            "60662": {
                "car": {
                    "popGroup2": 4.453813634107065,
                    "popGroup4": 0.0,
                    "popGroup6": 0.0,
                    "popGroup10": 4.92333040569238,
                    "popGroup12": 0.0,
                    "popGroup14": 0.0
                },
                "publicTransport": {
                    "popGroup0": 0.0,
                    "popGroup1": 0.0,
                    "popGroup2": 1.486798646567454,
                    "popGroup3": 3.63420860683729,
                    "popGroup4": 0.0,
                    "popGroup5": 0.0,
                    "popGroup6": 0.0,
                    "popGroup7": 0.0,
                    "popGroup8": 0.0,
                    "popGroup9": 0.0,
                    "popGroup10": 1.6435321099928928,
                    "popGroup11": 3.848336972406956,
                    "popGroup12": 0.0,
                    "popGroup13": 0.0,
                    "popGroup14": 0.0,
                    "popGroup15": 0.0
                }
            },
            "60656": {
                "car": {
                    "popGroup2": 5.418487766021081,
                    "popGroup4": 0.0,
                    "popGroup6": 0.0,
                    "popGroup10": 5.989707853667819,
                    "popGroup12": 0.0,
                    "popGroup14": 0.0
                },
                "publicTransport": {
                    "popGroup0": 0.0,
                    "popGroup1": 0.0,
                    "popGroup2": 3.0102229766393576,
                    "popGroup3": 7.365295466338718,
                    "popGroup4": 0.0,
                    "popGroup5": 0.0,
                    "popGroup6": 0.0,
                    "popGroup7": 0.0,
                    "popGroup8": 0.0,
                    "popGroup9": 0.0,
                    "popGroup10": 3.3275551463045385,
                    "popGroup11": 7.799491827478509,
                    "popGroup12": 0.0,
                    "popGroup13": 0.0,
                    "popGroup14": 0.0,
                    "popGroup15": 0.0
                }
            },
            "60655": {
                "car": {
                    "popGroup2": 7.6536874256644385,
                    "popGroup4": 0.0,
                    "popGroup6": 0.0,
                    "popGroup10": 8.46053817273826,
                    "popGroup12": 0.0,
                    "popGroup14": 0.0
                },
                "publicTransport": {
                    "popGroup0": 0.0,
                    "popGroup1": 0.0,
                    "popGroup2": 3.5126705927835693,
                    "popGroup3": 8.595795709552215,
                    "popGroup4": 0.0,
                    "popGroup5": 0.0,
                    "popGroup6": 0.0,
                    "popGroup7": 0.0,
                    "popGroup8": 0.0,
                    "popGroup9": 0.0,
                    "popGroup10": 3.882966838113226,
                    "popGroup11": 9.102348820196797,
                    "popGroup12": 0.0,
                    "popGroup13": 0.0,
                    "popGroup14": 0.0,
                    "popGroup15": 0.0
                }
            },
            "60624": {
                "car": {
                    "popGroup2": 18.162734767562632,
                    "popGroup4": 0.0,
                    "popGroup6": 0.0,
                    "popGroup10": 20.077444413844344,
                    "popGroup12": 0.0,
                    "popGroup14": 0.0
                },
                "publicTransport": {
                    "popGroup0": 0.0,
                    "popGroup1": 0.0,
                    "popGroup2": 8.335094604451577,
                    "popGroup3": 20.3892170051766,
                    "popGroup4": 0.0,
                    "popGroup5": 0.0,
                    "popGroup6": 0.0,
                    "popGroup7": 0.0,
                    "popGroup8": 0.0,
                    "popGroup9": 0.0,
                    "popGroup10": 9.213750883044845,
                    "popGroup11": 21.59044272598155,
                    "popGroup12": 0.0,
                    "popGroup13": 0.0,
                    "popGroup14": 0.0,
                    "popGroup15": 0.0
                }
            },
            "60660": {
                "car": {
                    "popGroup2": 7.229829748142908,
                    "popGroup4": 0.0,
                    "popGroup6": 0.0,
                    "popGroup10": 7.992009207033037,
                    "popGroup12": 0.0,
                    "popGroup14": 0.0
                },
                "publicTransport": {
                    "popGroup0": 0.0,
                    "popGroup1": 0.0,
                    "popGroup2": 4.543855643065306,
                    "popGroup3": 11.117019309854474,
                    "popGroup4": 0.0,
                    "popGroup5": 0.0,
                    "popGroup6": 0.0,
                    "popGroup7": 0.0,
                    "popGroup8": 0.0,
                    "popGroup9": 0.0,
                    "popGroup10": 5.022869134715786,
                    "popGroup11": 11.77288532946201,
                    "popGroup12": 0.0,
                    "popGroup13": 0.0,
                    "popGroup14": 0.0,
                    "popGroup15": 0.0
                }
            },
            "60629": {
                "car": {
                    "popGroup2": 8.14361048150014,
                    "popGroup4": 0.0,
                    "popGroup6": 0.0,
                    "popGroup10": 9.002125692465427,
                    "popGroup12": 0.0,
                    "popGroup14": 0.0
                },
                "publicTransport": {
                    "popGroup0": 0.0,
                    "popGroup1": 0.0,
                    "popGroup2": 6.792106486746549,
                    "popGroup3": 16.618263156753052,
                    "popGroup4": 0.0,
                    "popGroup5": 0.0,
                    "popGroup6": 0.0,
                    "popGroup7": 0.0,
                    "popGroup8": 0.0,
                    "popGroup9": 0.0,
                    "popGroup10": 7.508129075438133,
                    "popGroup11": 17.598588572073748,
                    "popGroup12": 0.0,
                    "popGroup13": 0.0,
                    "popGroup14": 0.0,
                    "popGroup15": 0.0
                }
            },
            "60618": {
                "car": {
                    "popGroup2": 3.4388458108165683,
                    "popGroup4": 0.0,
                    "popGroup6": 0.0,
                    "popGroup10": 3.8013782615181384,
                    "popGroup12": 0.0,
                    "popGroup14": 0.0
                },
                "publicTransport": {
                    "popGroup0": 0.0,
                    "popGroup1": 0.0,
                    "popGroup2": 1.343520790693042,
                    "popGroup3": 3.2808581091094022,
                    "popGroup4": 0.0,
                    "popGroup5": 0.0,
                    "popGroup6": 0.0,
                    "popGroup7": 0.0,
                    "popGroup8": 0.0,
                    "popGroup9": 0.0,
                    "popGroup10": 1.4851570919451011,
                    "popGroup11": 3.474610027971698,
                    "popGroup12": 0.0,
                    "popGroup13": 0.0,
                    "popGroup14": 0.0,
                    "popGroup15": 0.0
                }
            },
            "61059": {
                "car": {
                    "popGroup2": 6.43571786228033,
                    "popGroup4": 0.0,
                    "popGroup6": 0.0,
                    "popGroup10": 7.114171161601567,
                    "popGroup12": 0.0,
                    "popGroup14": 0.0
                },
                "publicTransport": {
                    "popGroup0": 0.0,
                    "popGroup1": 0.0,
                    "popGroup2": 0.8532124083543092,
                    "popGroup3": 2.0827582129657034,
                    "popGroup4": 0.0,
                    "popGroup5": 0.0,
                    "popGroup6": 0.0,
                    "popGroup7": 0.0,
                    "popGroup8": 0.0,
                    "popGroup9": 0.0,
                    "popGroup10": 0.9431545221754012,
                    "popGroup11": 2.2055808183177916,
                    "popGroup12": 0.0,
                    "popGroup13": 0.0,
                    "popGroup14": 0.0,
                    "popGroup15": 0.0
                }
            },
            "61001": {
                "car": {
                    "popGroup2": 1.0371047079192692,
                    "popGroup4": 0.0,
                    "popGroup6": 0.0,
                    "popGroup10": 1.1464335811673474,
                    "popGroup12": 0.0,
                    "popGroup14": 0.0
                },
                "publicTransport": {
                    "popGroup0": 0.0,
                    "popGroup1": 0.0,
                    "popGroup2": 0.16728680747784305,
                    "popGroup3": 0.40866942728631156,
                    "popGroup4": 0.0,
                    "popGroup5": 0.0,
                    "popGroup6": 0.0,
                    "popGroup7": 0.0,
                    "popGroup8": 0.0,
                    "popGroup9": 0.0,
                    "popGroup10": 0.18492139584969564,
                    "popGroup11": 0.4327619315503969,
                    "popGroup12": 0.0,
                    "popGroup13": 0.0,
                    "popGroup14": 0.0,
                    "popGroup15": 0.0
                }
            },
            "61055": {
                "car": {
                    "popGroup2": 1.0228694344269527,
                    "popGroup4": 0.0,
                    "popGroup6": 0.0,
                    "popGroup10": 1.1306964034153546,
                    "popGroup12": 0.0,
                    "popGroup14": 0.0
                },
                "publicTransport": {
                    "popGroup0": 0.0,
                    "popGroup1": 0.0,
                    "popGroup2": 0.21121967540651412,
                    "popGroup3": 0.5162703145041261,
                    "popGroup4": 0.0,
                    "popGroup5": 0.0,
                    "popGroup6": 0.0,
                    "popGroup7": 0.0,
                    "popGroup8": 0.0,
                    "popGroup9": 0.0,
                    "popGroup10": 0.23348463931133723,
                    "popGroup11": 0.5466519725841626,
                    "popGroup12": 0.0,
                    "popGroup13": 0.0,
                    "popGroup14": 0.0,
                    "popGroup15": 0.0
                }
            },
            "61021": {
                "car": {
                    "popGroup2": 5.674971152553335,
                    "popGroup4": 0.0,
                    "popGroup6": 0.0,
                    "popGroup10": 6.273223358912823,
                    "popGroup12": 0.0,
                    "popGroup14": 0.0
                },
                "publicTransport": {
                    "popGroup0": 0.0,
                    "popGroup1": 0.0,
                    "popGroup2": 0.6528480359350487,
                    "popGroup3": 1.5937403992403032,
                    "popGroup4": 0.0,
                    "popGroup5": 0.0,
                    "popGroup6": 0.0,
                    "popGroup7": 0.0,
                    "popGroup8": 0.0,
                    "popGroup9": 0.0,
                    "popGroup10": 0.7216671467351957,
                    "popGroup11": 1.6876945011805602,
                    "popGroup12": 0.0,
                    "popGroup13": 0.0,
                    "popGroup14": 0.0,
                    "popGroup15": 0.0
                }
            },
            "61017": {
                "car": {
                    "popGroup2": 0.9329600222400363,
                    "popGroup4": 0.0,
                    "popGroup6": 0.0,
                    "popGroup10": 1.0313112507260138,
                    "popGroup12": 0.0,
                    "popGroup14": 0.0
                },
                "publicTransport": {
                    "popGroup0": 0.0,
                    "popGroup1": 0.0,
                    "popGroup2": 0.15194724591336387,
                    "popGroup3": 0.37136555010592864,
                    "popGroup4": 0.0,
                    "popGroup5": 0.0,
                    "popGroup6": 0.0,
                    "popGroup7": 0.0,
                    "popGroup8": 0.0,
                    "popGroup9": 0.0,
                    "popGroup10": 0.1679643452327846,
                    "popGroup11": 0.393227739206923,
                    "popGroup12": 0.0,
                    "popGroup13": 0.0,
                    "popGroup14": 0.0,
                    "popGroup15": 0.0
                }
            },
            "61020": {
                "car": {
                    "popGroup2": 1.3835041505568846,
                    "popGroup4": 0.0,
                    "popGroup6": 0.0,
                    "popGroup10": 1.529351256076831,
                    "popGroup12": 0.0,
                    "popGroup14": 0.0
                },
                "publicTransport": {
                    "popGroup0": 0.0,
                    "popGroup1": 0.0,
                    "popGroup2": 0.17256101477263924,
                    "popGroup3": 0.42168530079367456,
                    "popGroup4": 0.0,
                    "popGroup5": 0.0,
                    "popGroup6": 0.0,
                    "popGroup7": 0.0,
                    "popGroup8": 0.0,
                    "popGroup9": 0.0,
                    "popGroup10": 0.19075105051266544,
                    "popGroup11": 0.4465248512340328,
                    "popGroup12": 0.0,
                    "popGroup13": 0.0,
                    "popGroup14": 0.0,
                    "popGroup15": 0.0
                }
            },
            "61012": {
                "car": {
                    "popGroup2": 2.7417502989239595,
                    "popGroup4": 0.0,
                    "popGroup6": 0.0,
                    "popGroup10": 3.030781501351778,
                    "popGroup12": 0.0,
                    "popGroup14": 0.0
                },
                "publicTransport": {
                    "popGroup0": 0.0,
                    "popGroup1": 0.0,
                    "popGroup2": 0.3547117496423552,
                    "popGroup3": 0.8668023661153039,
                    "popGroup4": 0.0,
                    "popGroup5": 0.0,
                    "popGroup6": 0.0,
                    "popGroup7": 0.0,
                    "popGroup8": 0.0,
                    "popGroup9": 0.0,
                    "popGroup10": 0.39210243260770783,
                    "popGroup11": 0.9178482633713275,
                    "popGroup12": 0.0,
                    "popGroup13": 0.0,
                    "popGroup14": 0.0,
                    "popGroup15": 0.0
                }
            },
            "61043": {
                "car": {
                    "popGroup2": 2.720636507863854,
                    "popGroup4": 0.0,
                    "popGroup6": 0.0,
                    "popGroup10": 3.0074412819116993,
                    "popGroup12": 0.0,
                    "popGroup14": 0.0
                },
                "publicTransport": {
                    "popGroup0": 0.0,
                    "popGroup1": 0.0,
                    "popGroup2": 0.3667955068861824,
                    "popGroup3": 0.8964836839996838,
                    "popGroup4": 0.0,
                    "popGroup5": 0.0,
                    "popGroup6": 0.0,
                    "popGroup7": 0.0,
                    "popGroup8": 0.0,
                    "popGroup9": 0.0,
                    "popGroup10": 0.40545976500123876,
                    "popGroup11": 0.9492599137117135,
                    "popGroup12": 0.0,
                    "popGroup13": 0.0,
                    "popGroup14": 0.0,
                    "popGroup15": 0.0
                }
            },
            "61053": {
                "car": {
                    "popGroup2": 20.000805142934347,
                    "popGroup4": 0.0,
                    "popGroup6": 0.0,
                    "popGroup10": 22.109266065562412,
                    "popGroup12": 0.0,
                    "popGroup14": 0.0
                },
                "publicTransport": {
                    "popGroup0": 0.0,
                    "popGroup1": 0.0,
                    "popGroup2": 2.439839542475977,
                    "popGroup3": 5.965211578315116,
                    "popGroup4": 0.0,
                    "popGroup5": 0.0,
                    "popGroup6": 0.0,
                    "popGroup7": 0.0,
                    "popGroup8": 0.0,
                    "popGroup9": 0.0,
                    "popGroup10": 2.6970237490257443,
                    "popGroup11": 6.31630761134364,
                    "popGroup12": 0.0,
                    "popGroup13": 0.0,
                    "popGroup14": 0.0,
                    "popGroup15": 0.0
                }
            },
            "61027": {
                "car": {
                    "popGroup2": 1.3758647932610395,
                    "popGroup4": 0.0,
                    "popGroup6": 0.0,
                    "popGroup10": 1.5209060417260374,
                    "popGroup12": 0.0,
                    "popGroup14": 0.0
                },
                "publicTransport": {
                    "popGroup0": 0.0,
                    "popGroup1": 0.0,
                    "popGroup2": 0.18504691158896236,
                    "popGroup3": 0.4522747599143561,
                    "popGroup4": 0.0,
                    "popGroup5": 0.0,
                    "popGroup6": 0.0,
                    "popGroup7": 0.0,
                    "popGroup8": 0.0,
                    "popGroup9": 0.0,
                    "popGroup10": 0.20455287822373774,
                    "popGroup11": 0.47890015140042164,
                    "popGroup12": 0.0,
                    "popGroup13": 0.0,
                    "popGroup14": 0.0,
                    "popGroup15": 0.0
                }
            },
            "61016": {
                "car": {
                    "popGroup2": 0.8413947256204632,
                    "popGroup4": 0.0,
                    "popGroup6": 0.0,
                    "popGroup10": 0.9300922613951048,
                    "popGroup12": 0.0,
                    "popGroup14": 0.0
                },
                "publicTransport": {
                    "popGroup0": 0.0,
                    "popGroup1": 0.0,
                    "popGroup2": 0.13634381864716466,
                    "popGroup3": 0.33348584785817675,
                    "popGroup4": 0.0,
                    "popGroup5": 0.0,
                    "popGroup6": 0.0,
                    "popGroup7": 0.0,
                    "popGroup8": 0.0,
                    "popGroup9": 0.0,
                    "popGroup10": 0.1507151016433997,
                    "popGroup11": 0.35306418993315364,
                    "popGroup12": 0.0,
                    "popGroup13": 0.0,
                    "popGroup14": 0.0,
                    "popGroup15": 0.0
                }
            },
            "61045": {
                "car": {
                    "popGroup2": 4.611987153526106,
                    "popGroup4": 0.0,
                    "popGroup6": 0.0,
                    "popGroup10": 5.09817501636399,
                    "popGroup12": 0.0,
                    "popGroup14": 0.0
                },
                "publicTransport": {
                    "popGroup0": 0.0,
                    "popGroup1": 0.0,
                    "popGroup2": 0.5250445527994121,
                    "popGroup3": 1.2841307211704465,
                    "popGroup4": 0.0,
                    "popGroup5": 0.0,
                    "popGroup6": 0.0,
                    "popGroup7": 0.0,
                    "popGroup8": 0.0,
                    "popGroup9": 0.0,
                    "popGroup10": 0.5803891511133317,
                    "popGroup11": 1.3596780936990875,
                    "popGroup12": 0.0,
                    "popGroup13": 0.0,
                    "popGroup14": 0.0,
                    "popGroup15": 0.0
                }
            },
            "61008": {
                "car": {
                    "popGroup2": 1.570381481377749,
                    "popGroup4": 0.0,
                    "popGroup6": 0.0,
                    "popGroup10": 1.7359276295157875,
                    "popGroup12": 0.0,
                    "popGroup14": 0.0
                },
                "publicTransport": {
                    "popGroup0": 0.0,
                    "popGroup1": 0.0,
                    "popGroup2": 0.23369848578005176,
                    "popGroup3": 0.5715775623234933,
                    "popGroup4": 0.0,
                    "popGroup5": 0.0,
                    "popGroup6": 0.0,
                    "popGroup7": 0.0,
                    "popGroup8": 0.0,
                    "popGroup9": 0.0,
                    "popGroup10": 0.25833167443734406,
                    "popGroup11": 0.6051499996467741,
                    "popGroup12": 0.0,
                    "popGroup13": 0.0,
                    "popGroup14": 0.0,
                    "popGroup15": 0.0
                }
            },
            "61050": {
                "car": {
                    "popGroup2": 2.4810890832386465,
                    "popGroup4": 0.0,
                    "popGroup6": 0.0,
                    "popGroup10": 2.742633140475422,
                    "popGroup12": 0.0,
                    "popGroup14": 0.0
                },
                "publicTransport": {
                    "popGroup0": 0.0,
                    "popGroup1": 0.0,
                    "popGroup2": 0.2520402821878788,
                    "popGroup3": 0.6166550393095724,
                    "popGroup4": 0.0,
                    "popGroup5": 0.0,
                    "popGroup6": 0.0,
                    "popGroup7": 0.0,
                    "popGroup8": 0.0,
                    "popGroup9": 0.0,
                    "popGroup10": 0.27860712705972734,
                    "popGroup11": 0.6528928237512898,
                    "popGroup12": 0.0,
                    "popGroup13": 0.0,
                    "popGroup14": 0.0,
                    "popGroup15": 0.0
                }
            },
            "61049": {
                "car": {
                    "popGroup2": 1.9598629778283878,
                    "popGroup4": 0.0,
                    "popGroup6": 0.0,
                    "popGroup10": 2.166463777868362,
                    "popGroup12": 0.0,
                    "popGroup14": 0.0
                },
                "publicTransport": {
                    "popGroup0": 0.0,
                    "popGroup1": 0.0,
                    "popGroup2": 0.23023043550603509,
                    "popGroup3": 0.5631644726491755,
                    "popGroup4": 0.0,
                    "popGroup5": 0.0,
                    "popGroup6": 0.0,
                    "popGroup7": 0.0,
                    "popGroup8": 0.0,
                    "popGroup9": 0.0,
                    "popGroup10": 0.25449826725617736,
                    "popGroup11": 0.5962543629059343,
                    "popGroup12": 0.0,
                    "popGroup13": 0.0,
                    "popGroup14": 0.0,
                    "popGroup15": 0.0
                }
            },
            "61058": {
                "car": {
                    "popGroup2": 3.7656014473696313,
                    "popGroup4": 0.0,
                    "popGroup6": 0.0,
                    "popGroup10": 4.16256439884576,
                    "popGroup12": 0.0,
                    "popGroup14": 0.0
                },
                "publicTransport": {
                    "popGroup0": 0.0,
                    "popGroup1": 0.0,
                    "popGroup2": 0.4991697867969168,
                    "popGroup3": 1.2214562593174865,
                    "popGroup4": 0.0,
                    "popGroup5": 0.0,
                    "popGroup6": 0.0,
                    "popGroup7": 0.0,
                    "popGroup8": 0.0,
                    "popGroup9": 0.0,
                    "popGroup10": 0.5517819909320603,
                    "popGroup11": 1.2930028222717895,
                    "popGroup12": 0.0,
                    "popGroup13": 0.0,
                    "popGroup14": 0.0,
                    "popGroup15": 0.0
                }
            },
            "62347": {
                "car": {
                    "popGroup2": 0.4427666392944391,
                    "popGroup4": 0.0,
                    "popGroup6": 0.0,
                    "popGroup10": 0.48944206061562023,
                    "popGroup12": 0.0,
                    "popGroup14": 0.0
                },
                "publicTransport": {
                    "popGroup0": 0.0,
                    "popGroup1": 0.0,
                    "popGroup2": 0.052550931010140814,
                    "popGroup3": 0.12862798479184345,
                    "popGroup4": 0.0,
                    "popGroup5": 0.0,
                    "popGroup6": 0.0,
                    "popGroup7": 0.0,
                    "popGroup8": 0.0,
                    "popGroup9": 0.0,
                    "popGroup10": 0.05808965095756506,
                    "popGroup11": 0.13615503521589334,
                    "popGroup12": 0.0,
                    "popGroup13": 0.0,
                    "popGroup14": 0.0,
                    "popGroup15": 0.0
                }
            }
        }
    }
}