{
    "Sum_Trips_per_Mode": {
        "work": {
            "60101": {
                "car": 1394.849175950837,
                "publicTransport": 244.48302512011006
            },
            "60669": {
                "car": 63.37130176822687,
                "publicTransport": 10.783401575400468
            },
            "60608": {
                "car": 28.941850357873065,
                "publicTransport": 4.468089672681737
            },
            "60611": {
                "car": 19.289428539436287,
                "publicTransport": 12.461779645454946,
                "bicycle": 8.267947885128276
            },
            "60670": {
                "car": 56.903468003164775,
                "publicTransport": 33.21589963827461
            },
            "60662": {
                "car": 9.534313844353711,
                "publicTransport": 7.129798296631034,
                "bicycle": 4.755197644989337,
                "walk": 1.874024654974861
            },
            "60656": {
                "car": 12.073495255021554,
                "publicTransport": 6.877249621167449
            },
            "60655": {
                "car": 17.05588280199683,
                "publicTransport": 8.267012084315002
            },
            "60624": {
                "car": 50.670193593511485,
                "publicTransport": 26.023883006754588,
                "bicycle": 26.625762531365332
            },
            "60660": {
                "car": 12.700440460120964,
                "publicTransport": 7.244006071679561
            },
            "60629": {
                "car": 19.186278943149578,
                "publicTransport": 10.962849629120084
            },
            "60618": {
                "car": 5.168920858974099,
                "publicTransport": 3.0581919805610958
            },
            "61059": {
                "car": 16.365349186032375,
                "publicTransport": 10.055735173773623
            },
            "61001": {
                "car": 3.5409601434106768,
                "publicTransport": 2.2488155967434267,
                "bicycle": 1.3550650631700383
            },
            "61055": {
                "car": 3.6318357021176455,
                "publicTransport": 2.2728044113550037
            },
            "61021": {
                "car": 14.75081646976609,
                "publicTransport": 6.329619491208683
            },
            "61017": {
                "car": 2.4001847326738766,
                "publicTransport": 1.455942091954155
            },
            "61020": {
                "car": 3.658397495029214,
                "publicTransport": 1.684340466765395
            },
            "61012": {
                "car": 7.262878434179591,
                "publicTransport": 3.4159116685199566
            },
            "61043": {
                "car": 7.2432810526310645,
                "publicTransport": 3.4800172683272397
            },
            "61053": {
                "car": 51.577087006797285,
                "publicTransport": 24.60208905742157
            },
            "61027": {
                "car": 3.9913912672377982,
                "publicTransport": 2.4188627369516
            },
            "61016": {
                "car": 2.4804436211107914,
                "publicTransport": 1.2743841669333609
            },
            "61045": {
                "car": 12.037143456475416,
                "publicTransport": 5.731669370292773
            },
            "61008": {
                "car": 4.702373389075426,
                "publicTransport": 2.7736113682175416
            },
            "61050": {
                "car": 5.4257363683844435,
                "publicTransport": 2.969013273112911
            },
            "61049": {
                "car": 4.252349068243573,
                "publicTransport": 2.400431956111695
            },
            "61058": {
                "car": 10.29461577774532,
                "publicTransport": 5.846781080285044
            },
            "62347": {
                "car": 1.223281653338497,
                "publicTransport": 0.6662952451942885
            }
        }
    },
    "Trips_per_group": {
        "work": {
            "60101": {
                "car": {
                    "popGroup2": 689.2144241099749,
                    "popGroup4": 0.0,
                    "popGroup6": 0.0,
                    "popGroup10": 705.634751840862,
                    "popGroup12": 0.0,
                    "popGroup14": 0.0
                },
                "publicTransport": {
                    "popGroup0": 0.0,
                    "popGroup1": 0.0,
                    "popGroup2": 21.778304825033228,
                    "popGroup3": 94.6872466568754,
                    "popGroup4": 0.0,
                    "popGroup5": 0.0,
                    "popGroup6": 0.0,
                    "popGroup7": 0.0,
                    "popGroup8": 0.0,
                    "popGroup9": 0.0,
                    "popGroup10": 22.29929557608408,
                    "popGroup11": 105.71817806211735,
                    "popGroup12": 0.0,
                    "popGroup13": 0.0,
                    "popGroup14": 0.0,
                    "popGroup15": 0.0
                }
            },
            "60669": {
                "car": {
                    "popGroup2": 31.312940674635268,
                    "popGroup4": 0.0,
                    "popGroup6": 0.0,
                    "popGroup10": 32.05836109359161,
                    "popGroup12": 0.0,
                    "popGroup14": 0.0
                },
                "publicTransport": {
                    "popGroup0": 0.0,
                    "popGroup1": 0.0,
                    "popGroup2": 0.9263093859658053,
                    "popGroup3": 4.209041587878949,
                    "popGroup4": 0.0,
                    "popGroup5": 0.0,
                    "popGroup6": 0.0,
                    "popGroup7": 0.0,
                    "popGroup8": 0.0,
                    "popGroup9": 0.0,
                    "popGroup10": 0.9484257055048004,
                    "popGroup11": 4.699624896050913,
                    "popGroup12": 0.0,
                    "popGroup13": 0.0,
                    "popGroup14": 0.0,
                    "popGroup15": 0.0
                }
            },
            "60608": {
                "car": {
                    "popGroup2": 14.3008711242602,
                    "popGroup4": 0.0,
                    "popGroup6": 0.0,
                    "popGroup10": 14.640979233612867,
                    "popGroup12": 0.0,
                    "popGroup14": 0.0
                },
                "publicTransport": {
                    "popGroup0": 0.0,
                    "popGroup1": 0.0,
                    "popGroup2": 0.4135137283984619,
                    "popGroup3": 1.7155544235168456,
                    "popGroup4": 0.0,
                    "popGroup5": 0.0,
                    "popGroup6": 0.0,
                    "popGroup7": 0.0,
                    "popGroup8": 0.0,
                    "popGroup9": 0.0,
                    "popGroup10": 0.423380283473134,
                    "popGroup11": 1.9156412372932954,
                    "popGroup12": 0.0,
                    "popGroup13": 0.0,
                    "popGroup14": 0.0,
                    "popGroup15": 0.0
                }
            },
            "60611": {
                "car": {
                    "popGroup2": 9.531406710114934,
                    "popGroup4": 0.0,
                    "popGroup6": 0.0,
                    "popGroup10": 9.758021829321354,
                    "popGroup12": 0.0,
                    "popGroup14": 0.0
                },
                "publicTransport": {
                    "popGroup0": 0.0,
                    "popGroup1": 0.0,
                    "popGroup2": 0.6766888990767699,
                    "popGroup3": 5.24132891479615,
                    "popGroup4": 0.0,
                    "popGroup5": 0.0,
                    "popGroup6": 0.0,
                    "popGroup7": 0.0,
                    "popGroup8": 0.0,
                    "popGroup9": 0.0,
                    "popGroup10": 0.6927989474824319,
                    "popGroup11": 5.850962884099594,
                    "popGroup12": 0.0,
                    "popGroup13": 0.0,
                    "popGroup14": 0.0,
                    "popGroup15": 0.0
                },
                "bicycle": {
                    "popGroup0": 0.0,
                    "popGroup1": 0.0,
                    "popGroup2": 0.45324805662640866,
                    "popGroup3": 3.4739856683382353,
                    "popGroup4": 0.0,
                    "popGroup5": 0.0,
                    "popGroup6": 0.0,
                    "popGroup7": 0.0,
                    "popGroup8": 0.0,
                    "popGroup9": 0.0,
                    "popGroup10": 0.4641139070479829,
                    "popGroup11": 3.876600253115649,
                    "popGroup12": 0.0,
                    "popGroup13": 0.0,
                    "popGroup14": 0.0,
                    "popGroup15": 0.0
                }
            },
            "60670": {
                "car": {
                    "popGroup2": 28.11716803962083,
                    "popGroup4": 0.0,
                    "popGroup6": 0.0,
                    "popGroup10": 28.786299963543943,
                    "popGroup12": 0.0,
                    "popGroup14": 0.0
                },
                "publicTransport": {
                    "popGroup0": 0.0,
                    "popGroup1": 0.0,
                    "popGroup2": 1.7989953291960958,
                    "popGroup3": 13.975160128791396,
                    "popGroup4": 0.0,
                    "popGroup5": 0.0,
                    "popGroup6": 0.0,
                    "popGroup7": 0.0,
                    "popGroup8": 0.0,
                    "popGroup9": 0.0,
                    "popGroup10": 1.8418723894472717,
                    "popGroup11": 15.599871790839842,
                    "popGroup12": 0.0,
                    "popGroup13": 0.0,
                    "popGroup14": 0.0,
                    "popGroup15": 0.0
                }
            },
            "60662": {
                "car": {
                    "popGroup2": 4.7111490243785745,
                    "popGroup4": 0.0,
                    "popGroup6": 0.0,
                    "popGroup10": 4.823164819975136,
                    "popGroup12": 0.0,
                    "popGroup14": 0.0
                },
                "publicTransport": {
                    "popGroup0": 0.0,
                    "popGroup1": 0.0,
                    "popGroup2": 0.39086957473931405,
                    "popGroup3": 2.9952399239834153,
                    "popGroup4": 0.0,
                    "popGroup5": 0.0,
                    "popGroup6": 0.0,
                    "popGroup7": 0.0,
                    "popGroup8": 0.0,
                    "popGroup9": 0.0,
                    "popGroup10": 0.4001770521639342,
                    "popGroup11": 3.3435117457443706,
                    "popGroup12": 0.0,
                    "popGroup13": 0.0,
                    "popGroup14": 0.0,
                    "popGroup15": 0.0
                },
                "bicycle": {
                    "popGroup0": 0.0,
                    "popGroup1": 0.0,
                    "popGroup2": 0.2606720365419681,
                    "popGroup3": 1.9982783228673022,
                    "popGroup4": 0.0,
                    "popGroup5": 0.0,
                    "popGroup6": 0.0,
                    "popGroup7": 0.0,
                    "popGroup8": 0.0,
                    "popGroup9": 0.0,
                    "popGroup10": 0.26695279745126965,
                    "popGroup11": 2.2292944881287977,
                    "popGroup12": 0.0,
                    "popGroup13": 0.0,
                    "popGroup14": 0.0,
                    "popGroup15": 0.0
                },
                "walk": {
                    "popGroup0": 0.0,
                    "popGroup1": 0.0,
                    "popGroup2": 0.10271632880433218,
                    "popGroup3": 0.7880384315506135,
                    "popGroup4": 0.0,
                    "popGroup5": 0.0,
                    "popGroup6": 0.0,
                    "popGroup7": 0.0,
                    "popGroup8": 0.0,
                    "popGroup9": 0.0,
                    "popGroup10": 0.10525332637321146,
                    "popGroup11": 0.8780165682467036,
                    "popGroup12": 0.0,
                    "popGroup13": 0.0,
                    "popGroup14": 0.0,
                    "popGroup15": 0.0
                }
            },
            "60656": {
                "car": {
                    "popGroup2": 5.965782641716228,
                    "popGroup4": 0.0,
                    "popGroup6": 0.0,
                    "popGroup10": 6.107712613305326,
                    "popGroup12": 0.0,
                    "popGroup14": 0.0
                },
                "publicTransport": {
                    "popGroup0": 0.0,
                    "popGroup1": 0.0,
                    "popGroup2": 0.3719640917980103,
                    "popGroup3": 2.893963044009606,
                    "popGroup4": 0.0,
                    "popGroup5": 0.0,
                    "popGroup6": 0.0,
                    "popGroup7": 0.0,
                    "popGroup8": 0.0,
                    "popGroup9": 0.0,
                    "popGroup10": 0.38082482251505606,
                    "popGroup11": 3.230497662844777,
                    "popGroup12": 0.0,
                    "popGroup13": 0.0,
                    "popGroup14": 0.0,
                    "popGroup15": 0.0
                }
            },
            "60655": {
                "car": {
                    "popGroup2": 8.427746013194557,
                    "popGroup4": 0.0,
                    "popGroup6": 0.0,
                    "popGroup10": 8.628136788802275,
                    "popGroup12": 0.0,
                    "popGroup14": 0.0
                },
                "publicTransport": {
                    "popGroup0": 0.0,
                    "popGroup1": 0.0,
                    "popGroup2": 0.46064156064681017,
                    "popGroup3": 3.4657544895340653,
                    "popGroup4": 0.0,
                    "popGroup5": 0.0,
                    "popGroup6": 0.0,
                    "popGroup7": 0.0,
                    "popGroup8": 0.0,
                    "popGroup9": 0.0,
                    "popGroup10": 0.47161406811146767,
                    "popGroup11": 3.86900196602266,
                    "popGroup12": 0.0,
                    "popGroup13": 0.0,
                    "popGroup14": 0.0,
                    "popGroup15": 0.0
                }
            },
            "60624": {
                "car": {
                    "popGroup2": 25.037750330280424,
                    "popGroup4": 0.0,
                    "popGroup6": 0.0,
                    "popGroup10": 25.63244326323106,
                    "popGroup12": 0.0,
                    "popGroup14": 0.0
                },
                "publicTransport": {
                    "popGroup0": 0.0,
                    "popGroup1": 0.0,
                    "popGroup2": 1.4168414451148246,
                    "popGroup3": 10.941381122822746,
                    "popGroup4": 0.0,
                    "popGroup5": 0.0,
                    "popGroup6": 0.0,
                    "popGroup7": 0.0,
                    "popGroup8": 0.0,
                    "popGroup9": 0.0,
                    "popGroup10": 1.4505222552816497,
                    "popGroup11": 12.215138183535366,
                    "popGroup12": 0.0,
                    "popGroup13": 0.0,
                    "popGroup14": 0.0,
                    "popGroup15": 0.0
                },
                "bicycle": {
                    "popGroup0": 0.0,
                    "popGroup1": 0.0,
                    "popGroup2": 1.4596711052721432,
                    "popGroup3": 11.185725013715587,
                    "popGroup4": 0.0,
                    "popGroup5": 0.0,
                    "popGroup6": 0.0,
                    "popGroup7": 0.0,
                    "popGroup8": 0.0,
                    "popGroup9": 0.0,
                    "popGroup10": 1.494453012971403,
                    "popGroup11": 12.4859133994062,
                    "popGroup12": 0.0,
                    "popGroup13": 0.0,
                    "popGroup14": 0.0,
                    "popGroup15": 0.0
                }
            },
            "60660": {
                "car": {
                    "popGroup2": 6.275474405523417,
                    "popGroup4": 0.0,
                    "popGroup6": 0.0,
                    "popGroup10": 6.424966054597547,
                    "popGroup12": 0.0,
                    "popGroup14": 0.0
                },
                "publicTransport": {
                    "popGroup0": 0.0,
                    "popGroup1": 0.0,
                    "popGroup2": 0.39402535663105087,
                    "popGroup3": 3.0463244017842745,
                    "popGroup4": 0.0,
                    "popGroup5": 0.0,
                    "popGroup6": 0.0,
                    "popGroup7": 0.0,
                    "popGroup8": 0.0,
                    "popGroup9": 0.0,
                    "popGroup10": 0.4034302586510712,
                    "popGroup11": 3.4002260546131633,
                    "popGroup12": 0.0,
                    "popGroup13": 0.0,
                    "popGroup14": 0.0,
                    "popGroup15": 0.0
                }
            },
            "60629": {
                "car": {
                    "popGroup2": 9.480008520629394,
                    "popGroup4": 0.0,
                    "popGroup6": 0.0,
                    "popGroup10": 9.706270422520184,
                    "popGroup12": 0.0,
                    "popGroup14": 0.0
                },
                "publicTransport": {
                    "popGroup0": 0.0,
                    "popGroup1": 0.0,
                    "popGroup2": 0.6004482798551283,
                    "popGroup3": 4.6066655198063415,
                    "popGroup4": 0.0,
                    "popGroup5": 0.0,
                    "popGroup6": 0.0,
                    "popGroup7": 0.0,
                    "popGroup8": 0.0,
                    "popGroup9": 0.0,
                    "popGroup10": 0.6148313741019846,
                    "popGroup11": 5.14090445535663,
                    "popGroup12": 0.0,
                    "popGroup13": 0.0,
                    "popGroup14": 0.0,
                    "popGroup15": 0.0
                }
            },
            "60618": {
                "car": {
                    "popGroup2": 2.5540007857393734,
                    "popGroup4": 0.0,
                    "popGroup6": 0.0,
                    "popGroup10": 2.6149200732347255,
                    "popGroup12": 0.0,
                    "popGroup14": 0.0
                },
                "publicTransport": {
                    "popGroup0": 0.0,
                    "popGroup1": 0.0,
                    "popGroup2": 0.16722078092985568,
                    "popGroup3": 1.2853101726375038,
                    "popGroup4": 0.0,
                    "popGroup5": 0.0,
                    "popGroup6": 0.0,
                    "popGroup7": 0.0,
                    "popGroup8": 0.0,
                    "popGroup9": 0.0,
                    "popGroup10": 0.17122248355247616,
                    "popGroup11": 1.43443854344126,
                    "popGroup12": 0.0,
                    "popGroup13": 0.0,
                    "popGroup14": 0.0,
                    "popGroup15": 0.0
                }
            },
            "61059": {
                "car": {
                    "popGroup2": 8.086423478727912,
                    "popGroup4": 0.0,
                    "popGroup6": 0.0,
                    "popGroup10": 8.278925707304463,
                    "popGroup12": 0.0,
                    "popGroup14": 0.0
                },
                "publicTransport": {
                    "popGroup0": 0.0,
                    "popGroup1": 0.0,
                    "popGroup2": 0.5506314324838951,
                    "popGroup3": 4.225166837034664,
                    "popGroup4": 0.0,
                    "popGroup5": 0.0,
                    "popGroup6": 0.0,
                    "popGroup7": 0.0,
                    "popGroup8": 0.0,
                    "popGroup9": 0.0,
                    "popGroup10": 0.5637633215213915,
                    "popGroup11": 4.716173582733674,
                    "popGroup12": 0.0,
                    "popGroup13": 0.0,
                    "popGroup14": 0.0,
                    "popGroup15": 0.0
                }
            },
            "61001": {
                "car": {
                    "popGroup2": 1.749667718070792,
                    "popGroup4": 0.0,
                    "popGroup6": 0.0,
                    "popGroup10": 1.7912924253398848,
                    "popGroup12": 0.0,
                    "popGroup14": 0.0
                },
                "publicTransport": {
                    "popGroup0": 0.0,
                    "popGroup1": 0.0,
                    "popGroup2": 0.123041518670119,
                    "popGroup3": 0.9449678285437929,
                    "popGroup4": 0.0,
                    "popGroup5": 0.0,
                    "popGroup6": 0.0,
                    "popGroup7": 0.0,
                    "popGroup8": 0.0,
                    "popGroup9": 0.0,
                    "popGroup10": 0.12597309359236156,
                    "popGroup11": 1.0548331559371535,
                    "popGroup12": 0.0,
                    "popGroup13": 0.0,
                    "popGroup14": 0.0,
                    "popGroup15": 0.0
                },
                "bicycle": {
                    "popGroup0": 0.0,
                    "popGroup1": 0.0,
                    "popGroup2": 0.07428241600758881,
                    "popGroup3": 0.569439452145752,
                    "popGroup4": 0.0,
                    "popGroup5": 0.0,
                    "popGroup6": 0.0,
                    "popGroup7": 0.0,
                    "popGroup8": 0.0,
                    "popGroup9": 0.0,
                    "popGroup10": 0.07607221325971494,
                    "popGroup11": 0.6352709817569826,
                    "popGroup12": 0.0,
                    "popGroup13": 0.0,
                    "popGroup14": 0.0,
                    "popGroup15": 0.0
                }
            },
            "61055": {
                "car": {
                    "popGroup2": 1.7945301178718298,
                    "popGroup4": 0.0,
                    "popGroup6": 0.0,
                    "popGroup10": 1.8373055842458155,
                    "popGroup12": 0.0,
                    "popGroup14": 0.0
                },
                "publicTransport": {
                    "popGroup0": 0.0,
                    "popGroup1": 0.0,
                    "popGroup2": 0.12460100289635678,
                    "popGroup3": 0.9548942912094289,
                    "popGroup4": 0.0,
                    "popGroup5": 0.0,
                    "popGroup6": 0.0,
                    "popGroup7": 0.0,
                    "popGroup8": 0.0,
                    "popGroup9": 0.0,
                    "popGroup10": 0.1275798989492263,
                    "popGroup11": 1.0657292182999918,
                    "popGroup12": 0.0,
                    "popGroup13": 0.0,
                    "popGroup14": 0.0,
                    "popGroup15": 0.0
                }
            },
            "61021": {
                "car": {
                    "popGroup2": 7.288555559315611,
                    "popGroup4": 0.0,
                    "popGroup6": 0.0,
                    "popGroup10": 7.462260910450478,
                    "popGroup12": 0.0,
                    "popGroup14": 0.0
                },
                "publicTransport": {
                    "popGroup0": 0.0,
                    "popGroup1": 0.0,
                    "popGroup2": 0.3491742570394911,
                    "popGroup3": 2.6570825716661224,
                    "popGroup4": 0.0,
                    "popGroup5": 0.0,
                    "popGroup6": 0.0,
                    "popGroup7": 0.0,
                    "popGroup8": 0.0,
                    "popGroup9": 0.0,
                    "popGroup10": 0.3574983605444902,
                    "popGroup11": 2.965864301958579,
                    "popGroup12": 0.0,
                    "popGroup13": 0.0,
                    "popGroup14": 0.0,
                    "popGroup15": 0.0
                }
            },
            "61017": {
                "car": {
                    "popGroup2": 1.1859441703442837,
                    "popGroup4": 0.0,
                    "popGroup6": 0.0,
                    "popGroup10": 1.214240562329593,
                    "popGroup12": 0.0,
                    "popGroup14": 0.0
                },
                "publicTransport": {
                    "popGroup0": 0.0,
                    "popGroup1": 0.0,
                    "popGroup2": 0.07993681707471753,
                    "popGroup3": 0.6116121329001302,
                    "popGroup4": 0.0,
                    "popGroup5": 0.0,
                    "popGroup6": 0.0,
                    "popGroup7": 0.0,
                    "popGroup8": 0.0,
                    "popGroup9": 0.0,
                    "popGroup10": 0.08185124878521716,
                    "popGroup11": 0.6825418931940901,
                    "popGroup12": 0.0,
                    "popGroup13": 0.0,
                    "popGroup14": 0.0,
                    "popGroup15": 0.0
                }
            },
            "61020": {
                "car": {
                    "popGroup2": 1.807630286406918,
                    "popGroup4": 0.0,
                    "popGroup6": 0.0,
                    "popGroup10": 1.8507672086222962,
                    "popGroup12": 0.0,
                    "popGroup14": 0.0
                },
                "publicTransport": {
                    "popGroup0": 0.0,
                    "popGroup1": 0.0,
                    "popGroup2": 0.09216653895317135,
                    "popGroup3": 0.7078184494232989,
                    "popGroup4": 0.0,
                    "popGroup5": 0.0,
                    "popGroup6": 0.0,
                    "popGroup7": 0.0,
                    "popGroup8": 0.0,
                    "popGroup9": 0.0,
                    "popGroup10": 0.09436904290992223,
                    "popGroup11": 0.7899864354790025,
                    "popGroup12": 0.0,
                    "popGroup13": 0.0,
                    "popGroup14": 0.0,
                    "popGroup15": 0.0
                }
            },
            "61012": {
                "car": {
                    "popGroup2": 3.5886107535889793,
                    "popGroup4": 0.0,
                    "popGroup6": 0.0,
                    "popGroup10": 3.674267680590611,
                    "popGroup12": 0.0,
                    "popGroup14": 0.0
                },
                "publicTransport": {
                    "popGroup0": 0.0,
                    "popGroup1": 0.0,
                    "popGroup2": 0.18667309949746244,
                    "popGroup3": 1.435738952860321,
                    "popGroup4": 0.0,
                    "popGroup5": 0.0,
                    "popGroup6": 0.0,
                    "popGroup7": 0.0,
                    "popGroup8": 0.0,
                    "popGroup9": 0.0,
                    "popGroup10": 0.1911361732661281,
                    "popGroup11": 1.6023634428960452,
                    "popGroup12": 0.0,
                    "popGroup13": 0.0,
                    "popGroup14": 0.0,
                    "popGroup15": 0.0
                }
            },
            "61043": {
                "car": {
                    "popGroup2": 3.578911344892221,
                    "popGroup4": 0.0,
                    "popGroup6": 0.0,
                    "popGroup10": 3.6643697077388433,
                    "popGroup12": 0.0,
                    "popGroup14": 0.0
                },
                "publicTransport": {
                    "popGroup0": 0.0,
                    "popGroup1": 0.0,
                    "popGroup2": 0.1898855866414542,
                    "popGroup3": 1.4629895291334678,
                    "popGroup4": 0.0,
                    "popGroup5": 0.0,
                    "popGroup6": 0.0,
                    "popGroup7": 0.0,
                    "popGroup8": 0.0,
                    "popGroup9": 0.0,
                    "popGroup10": 0.19442955341240076,
                    "popGroup11": 1.6327125991399172,
                    "popGroup12": 0.0,
                    "popGroup13": 0.0,
                    "popGroup14": 0.0,
                    "popGroup15": 0.0
                }
            },
            "61053": {
                "car": {
                    "popGroup2": 25.484119616154995,
                    "popGroup4": 0.0,
                    "popGroup6": 0.0,
                    "popGroup10": 26.092967390642286,
                    "popGroup12": 0.0,
                    "popGroup14": 0.0
                },
                "publicTransport": {
                    "popGroup0": 0.0,
                    "popGroup1": 0.0,
                    "popGroup2": 1.3383653513592242,
                    "popGroup3": 10.346761673200696,
                    "popGroup4": 0.0,
                    "popGroup5": 0.0,
                    "popGroup6": 0.0,
                    "popGroup7": 0.0,
                    "popGroup8": 0.0,
                    "popGroup9": 0.0,
                    "popGroup10": 1.3704208189239013,
                    "popGroup11": 11.546541213937747,
                    "popGroup12": 0.0,
                    "popGroup13": 0.0,
                    "popGroup14": 0.0,
                    "popGroup15": 0.0
                }
            },
            "61027": {
                "car": {
                    "popGroup2": 1.9721602469447126,
                    "popGroup4": 0.0,
                    "popGroup6": 0.0,
                    "popGroup10": 2.019231020293086,
                    "popGroup12": 0.0,
                    "popGroup14": 0.0
                },
                "publicTransport": {
                    "popGroup0": 0.0,
                    "popGroup1": 0.0,
                    "popGroup2": 0.13289929968104494,
                    "popGroup3": 1.0160430160945513,
                    "popGroup4": 0.0,
                    "popGroup5": 0.0,
                    "popGroup6": 0.0,
                    "popGroup7": 0.0,
                    "popGroup8": 0.0,
                    "popGroup9": 0.0,
                    "popGroup10": 0.13608428265074915,
                    "popGroup11": 1.1338361385252544,
                    "popGroup12": 0.0,
                    "popGroup13": 0.0,
                    "popGroup14": 0.0,
                    "popGroup15": 0.0
                }
            },
            "61016": {
                "car": {
                    "popGroup2": 1.225552665605796,
                    "popGroup4": 0.0,
                    "popGroup6": 0.0,
                    "popGroup10": 1.2548909555049956,
                    "popGroup12": 0.0,
                    "popGroup14": 0.0
                },
                "publicTransport": {
                    "popGroup0": 0.0,
                    "popGroup1": 0.0,
                    "popGroup2": 0.06900894406155195,
                    "popGroup3": 0.5363324376580705,
                    "popGroup4": 0.0,
                    "popGroup5": 0.0,
                    "popGroup6": 0.0,
                    "popGroup7": 0.0,
                    "popGroup8": 0.0,
                    "popGroup9": 0.0,
                    "popGroup10": 0.07067048471831958,
                    "popGroup11": 0.5983723004954189,
                    "popGroup12": 0.0,
                    "popGroup13": 0.0,
                    "popGroup14": 0.0,
                    "popGroup15": 0.0
                }
            },
            "61045": {
                "car": {
                    "popGroup2": 5.947460810171925,
                    "popGroup4": 0.0,
                    "popGroup6": 0.0,
                    "popGroup10": 6.089682646303492,
                    "popGroup12": 0.0,
                    "popGroup14": 0.0
                },
                "publicTransport": {
                    "popGroup0": 0.0,
                    "popGroup1": 0.0,
                    "popGroup2": 0.31079268734975035,
                    "popGroup3": 2.411611658920913,
                    "popGroup4": 0.0,
                    "popGroup5": 0.0,
                    "popGroup6": 0.0,
                    "popGroup7": 0.0,
                    "popGroup8": 0.0,
                    "popGroup9": 0.0,
                    "popGroup10": 0.3182499187765399,
                    "popGroup11": 2.6910151052455697,
                    "popGroup12": 0.0,
                    "popGroup13": 0.0,
                    "popGroup14": 0.0,
                    "popGroup15": 0.0
                }
            },
            "61008": {
                "car": {
                    "popGroup2": 2.3233982925142715,
                    "popGroup4": 0.0,
                    "popGroup6": 0.0,
                    "popGroup10": 2.3789750965611542,
                    "popGroup12": 0.0,
                    "popGroup14": 0.0
                },
                "publicTransport": {
                    "popGroup0": 0.0,
                    "popGroup1": 0.0,
                    "popGroup2": 0.15292440666879836,
                    "popGroup3": 1.164692002413285,
                    "popGroup4": 0.0,
                    "popGroup5": 0.0,
                    "popGroup6": 0.0,
                    "popGroup7": 0.0,
                    "popGroup8": 0.0,
                    "popGroup9": 0.0,
                    "popGroup10": 0.1566076288479716,
                    "popGroup11": 1.2993873302874865,
                    "popGroup12": 0.0,
                    "popGroup13": 0.0,
                    "popGroup14": 0.0,
                    "popGroup15": 0.0
                }
            },
            "61050": {
                "car": {
                    "popGroup2": 2.6807280188320024,
                    "popGroup4": 0.0,
                    "popGroup6": 0.0,
                    "popGroup10": 2.7450083495524407,
                    "popGroup12": 0.0,
                    "popGroup14": 0.0
                },
                "publicTransport": {
                    "popGroup0": 0.0,
                    "popGroup1": 0.0,
                    "popGroup2": 0.16051597589169497,
                    "popGroup3": 1.2497878997406628,
                    "popGroup4": 0.0,
                    "popGroup5": 0.0,
                    "popGroup6": 0.0,
                    "popGroup7": 0.0,
                    "popGroup8": 0.0,
                    "popGroup9": 0.0,
                    "popGroup10": 0.16438199562470407,
                    "popGroup11": 1.394327401855849,
                    "popGroup12": 0.0,
                    "popGroup13": 0.0,
                    "popGroup14": 0.0,
                    "popGroup15": 0.0
                }
            },
            "61049": {
                "car": {
                    "popGroup2": 2.100999967906979,
                    "popGroup4": 0.0,
                    "popGroup6": 0.0,
                    "popGroup10": 2.1513491003365948,
                    "popGroup12": 0.0,
                    "popGroup14": 0.0
                },
                "publicTransport": {
                    "popGroup0": 0.0,
                    "popGroup1": 0.0,
                    "popGroup2": 0.12990771366270593,
                    "popGroup3": 1.0102953720837324,
                    "popGroup4": 0.0,
                    "popGroup5": 0.0,
                    "popGroup6": 0.0,
                    "popGroup7": 0.0,
                    "popGroup8": 0.0,
                    "popGroup9": 0.0,
                    "popGroup10": 0.13303334889537277,
                    "popGroup11": 1.1271955214698839,
                    "popGroup12": 0.0,
                    "popGroup13": 0.0,
                    "popGroup14": 0.0,
                    "popGroup15": 0.0
                }
            },
            "61058": {
                "car": {
                    "popGroup2": 5.086344506261356,
                    "popGroup4": 0.0,
                    "popGroup6": 0.0,
                    "popGroup10": 5.208271271483966,
                    "popGroup12": 0.0,
                    "popGroup14": 0.0
                },
                "publicTransport": {
                    "popGroup0": 0.0,
                    "popGroup1": 0.0,
                    "popGroup2": 0.32341507320591123,
                    "popGroup3": 2.4545178533078804,
                    "popGroup4": 0.0,
                    "popGroup5": 0.0,
                    "popGroup6": 0.0,
                    "popGroup7": 0.0,
                    "popGroup8": 0.0,
                    "popGroup9": 0.0,
                    "popGroup10": 0.33124808119215954,
                    "popGroup11": 2.737600072579093,
                    "popGroup12": 0.0,
                    "popGroup13": 0.0,
                    "popGroup14": 0.0,
                    "popGroup15": 0.0
                }
            },
            "62347": {
                "car": {
                    "popGroup2": 0.6043884473135792,
                    "popGroup4": 0.0,
                    "popGroup6": 0.0,
                    "popGroup10": 0.6188932060249177,
                    "popGroup12": 0.0,
                    "popGroup14": 0.0
                },
                "publicTransport": {
                    "popGroup0": 0.0,
                    "popGroup1": 0.0,
                    "popGroup2": 0.03692446095953077,
                    "popGroup3": 0.27967121964747776,
                    "popGroup4": 0.0,
                    "popGroup5": 0.0,
                    "popGroup6": 0.0,
                    "popGroup7": 0.0,
                    "popGroup8": 0.0,
                    "popGroup9": 0.0,
                    "popGroup10": 0.03782145083192723,
                    "popGroup11": 0.3118781137553527,
                    "popGroup12": 0.0,
                    "popGroup13": 0.0,
                    "popGroup14": 0.0,
                    "popGroup15": 0.0
                }
            }
        }
    }
}