{
    "Sum_Trips_per_Mode": {
        "work": {
            "60101": {
                "car": 1387.2936457405733,
                "publicTransport": 258.7247125115683
            },
            "60669": {
                "car": 61.119712315048034,
                "publicTransport": 11.021969082704825
            },
            "60608": {
                "car": 28.13904857229102,
                "publicTransport": 4.9152252861027765
            },
            "60611": {
                "car": 17.82758641466057,
                "publicTransport": 11.376312411886202,
                "bicycle": 7.908586556781727
            },
            "60670": {
                "car": 53.06887826051233,
                "publicTransport": 30.98777828177781
            },
            "60662": {
                "car": 9.683530452095457,
                "publicTransport": 6.81990392515755,
                "bicycle": 4.548516885019452,
                "walk": 1.7925737042153322
            },
            "60656": {
                "car": 11.216761279457323,
                "publicTransport": 6.4214999743269
            },
            "60655": {
                "car": 16.37478696837259,
                "publicTransport": 7.2775756265401075
            },
            "60624": {
                "car": 47.23480770738094,
                "publicTransport": 24.23296671956521,
                "bicycle": 25.468483162530838
            },
            "60660": {
                "car": 11.886224016761444,
                "publicTransport": 6.764083184465402
            },
            "60629": {
                "car": 18.178179130771753,
                "publicTransport": 10.232341273894221
            },
            "60618": {
                "car": 4.872693485922792,
                "publicTransport": 2.849108389468059
            },
            "61059": {
                "car": 15.292885478392552,
                "publicTransport": 9.313801396404905
            },
            "61001": {
                "car": 3.300784895461976,
                "publicTransport": 2.0850636163954306,
                "bicycle": 1.2961682731786202
            },
            "61055": {
                "car": 3.41598325542945,
                "publicTransport": 2.104386296228745
            },
            "61021": {
                "car": 14.03756942957576,
                "publicTransport": 6.1104750933456025
            },
            "61017": {
                "car": 2.2687209432702407,
                "publicTransport": 1.346447265513168
            },
            "61020": {
                "car": 3.493253563659459,
                "publicTransport": 1.627673573899234
            },
            "61012": {
                "car": 6.979858829434415,
                "publicTransport": 3.3112020858921865
            },
            "61043": {
                "car": 6.945487263675765,
                "publicTransport": 3.369979016901323
            },
            "61053": {
                "car": 49.79100277176207,
                "publicTransport": 23.949028277747292
            },
            "61027": {
                "car": 3.777988890708428,
                "publicTransport": 2.240647872515418
            },
            "61016": {
                "car": 2.4005067534472526,
                "publicTransport": 1.242593514468019
            },
            "61045": {
                "car": 11.674478565197628,
                "publicTransport": 5.6030382697281365
            },
            "61008": {
                "car": 4.503864495323201,
                "publicTransport": 2.5730956794199003
            },
            "61050": {
                "car": 5.311644067679442,
                "publicTransport": 2.910889648132662
            },
            "61049": {
                "car": 4.154831570044838,
                "publicTransport": 2.3477741403919334
            },
            "61058": {
                "car": 9.964571823429907,
                "publicTransport": 5.432134396157778
            },
            "62347": {
                "car": 1.1908271615533619,
                "publicTransport": 0.6195724564272194
            }
        }
    },
    "Trips_per_group": {
        "work": {
            "60101": {
                "car": {
                    "popGroup2": 685.4517347156257,
                    "popGroup4": 0.0,
                    "popGroup6": 0.0,
                    "popGroup10": 701.8419110249476,
                    "popGroup12": 0.0,
                    "popGroup14": 0.0
                },
                "publicTransport": {
                    "popGroup0": 0.0,
                    "popGroup1": 0.0,
                    "popGroup2": 27.121567649811972,
                    "popGroup3": 96.2994657053393,
                    "popGroup4": 0.0,
                    "popGroup5": 0.0,
                    "popGroup6": 0.0,
                    "popGroup7": 0.0,
                    "popGroup8": 0.0,
                    "popGroup9": 0.0,
                    "popGroup10": 27.771574783811225,
                    "popGroup11": 107.5321043726058,
                    "popGroup12": 0.0,
                    "popGroup13": 0.0,
                    "popGroup14": 0.0,
                    "popGroup15": 0.0
                }
            },
            "60669": {
                "car": {
                    "popGroup2": 30.199110829090042,
                    "popGroup4": 0.0,
                    "popGroup6": 0.0,
                    "popGroup10": 30.920601485957988,
                    "popGroup12": 0.0,
                    "popGroup14": 0.0
                },
                "publicTransport": {
                    "popGroup0": 0.0,
                    "popGroup1": 0.0,
                    "popGroup2": 1.1236238643748597,
                    "popGroup3": 4.132701108853365,
                    "popGroup4": 0.0,
                    "popGroup5": 0.0,
                    "popGroup6": 0.0,
                    "popGroup7": 0.0,
                    "popGroup8": 0.0,
                    "popGroup9": 0.0,
                    "popGroup10": 1.1504967360692193,
                    "popGroup11": 4.61514737340738,
                    "popGroup12": 0.0,
                    "popGroup13": 0.0,
                    "popGroup14": 0.0,
                    "popGroup15": 0.0
                }
            },
            "60608": {
                "car": {
                    "popGroup2": 13.903589363803206,
                    "popGroup4": 0.0,
                    "popGroup6": 0.0,
                    "popGroup10": 14.235459208487814,
                    "popGroup12": 0.0,
                    "popGroup14": 0.0
                },
                "publicTransport": {
                    "popGroup0": 0.0,
                    "popGroup1": 0.0,
                    "popGroup2": 0.5291891545264277,
                    "popGroup3": 1.8160508284066703,
                    "popGroup4": 0.0,
                    "popGroup5": 0.0,
                    "popGroup6": 0.0,
                    "popGroup7": 0.0,
                    "popGroup8": 0.0,
                    "popGroup9": 0.0,
                    "popGroup10": 0.5418315791853592,
                    "popGroup11": 2.028153723984319,
                    "popGroup12": 0.0,
                    "popGroup13": 0.0,
                    "popGroup14": 0.0,
                    "popGroup15": 0.0
                }
            },
            "60611": {
                "car": {
                    "popGroup2": 8.808695734422628,
                    "popGroup4": 0.0,
                    "popGroup6": 0.0,
                    "popGroup10": 9.018890680237941,
                    "popGroup12": 0.0,
                    "popGroup14": 0.0
                },
                "publicTransport": {
                    "popGroup0": 0.0,
                    "popGroup1": 0.0,
                    "popGroup2": 0.6547790088446866,
                    "popGroup3": 4.7484673844792855,
                    "popGroup4": 0.0,
                    "popGroup5": 0.0,
                    "popGroup6": 0.0,
                    "popGroup7": 0.0,
                    "popGroup8": 0.0,
                    "popGroup9": 0.0,
                    "popGroup10": 0.6704151495972931,
                    "popGroup11": 5.302650868964937,
                    "popGroup12": 0.0,
                    "popGroup13": 0.0,
                    "popGroup14": 0.0,
                    "popGroup15": 0.0
                },
                "bicycle": {
                    "popGroup0": 0.0,
                    "popGroup1": 0.0,
                    "popGroup2": 0.46032139791554644,
                    "popGroup3": 3.2967529337136465,
                    "popGroup4": 0.0,
                    "popGroup5": 0.0,
                    "popGroup6": 0.0,
                    "popGroup7": 0.0,
                    "popGroup8": 0.0,
                    "popGroup9": 0.0,
                    "popGroup10": 0.471397726590516,
                    "popGroup11": 3.680114498562018,
                    "popGroup12": 0.0,
                    "popGroup13": 0.0,
                    "popGroup14": 0.0,
                    "popGroup15": 0.0
                }
            },
            "60670": {
                "car": {
                    "popGroup2": 26.221318067185933,
                    "popGroup4": 0.0,
                    "popGroup6": 0.0,
                    "popGroup10": 26.847560193326395,
                    "popGroup12": 0.0,
                    "popGroup14": 0.0
                },
                "publicTransport": {
                    "popGroup0": 0.0,
                    "popGroup1": 0.0,
                    "popGroup2": 1.757704338304981,
                    "popGroup3": 12.959297177488757,
                    "popGroup4": 0.0,
                    "popGroup5": 0.0,
                    "popGroup6": 0.0,
                    "popGroup7": 0.0,
                    "popGroup8": 0.0,
                    "popGroup9": 0.0,
                    "popGroup10": 1.79972307144874,
                    "popGroup11": 14.471053694535332,
                    "popGroup12": 0.0,
                    "popGroup13": 0.0,
                    "popGroup14": 0.0,
                    "popGroup15": 0.0
                }
            },
            "60662": {
                "car": {
                    "popGroup2": 4.78467071835218,
                    "popGroup4": 0.0,
                    "popGroup6": 0.0,
                    "popGroup10": 4.8988597337432775,
                    "popGroup12": 0.0,
                    "popGroup14": 0.0
                },
                "publicTransport": {
                    "popGroup0": 0.0,
                    "popGroup1": 0.0,
                    "popGroup2": 0.3969694440299841,
                    "popGroup3": 2.842431417194653,
                    "popGroup4": 0.0,
                    "popGroup5": 0.0,
                    "popGroup6": 0.0,
                    "popGroup7": 0.0,
                    "popGroup8": 0.0,
                    "popGroup9": 0.0,
                    "popGroup10": 0.40645744451753707,
                    "popGroup11": 3.1740456194153754,
                    "popGroup12": 0.0,
                    "popGroup13": 0.0,
                    "popGroup14": 0.0,
                    "popGroup15": 0.0
                },
                "bicycle": {
                    "popGroup0": 0.0,
                    "popGroup1": 0.0,
                    "popGroup2": 0.26474005680601453,
                    "popGroup3": 1.8963319231079097,
                    "popGroup4": 0.0,
                    "popGroup5": 0.0,
                    "popGroup6": 0.0,
                    "popGroup7": 0.0,
                    "popGroup8": 0.0,
                    "popGroup9": 0.0,
                    "popGroup10": 0.2711423637915181,
                    "popGroup11": 2.1163025413140097,
                    "popGroup12": 0.0,
                    "popGroup13": 0.0,
                    "popGroup14": 0.0,
                    "popGroup15": 0.0
                },
                "walk": {
                    "popGroup0": 0.0,
                    "popGroup1": 0.0,
                    "popGroup2": 0.10431930898037117,
                    "popGroup3": 0.7478349823867613,
                    "popGroup4": 0.0,
                    "popGroup5": 0.0,
                    "popGroup6": 0.0,
                    "popGroup7": 0.0,
                    "popGroup8": 0.0,
                    "popGroup9": 0.0,
                    "popGroup10": 0.10690517567983984,
                    "popGroup11": 0.8335142371683599,
                    "popGroup12": 0.0,
                    "popGroup13": 0.0,
                    "popGroup14": 0.0,
                    "popGroup15": 0.0
                }
            },
            "60656": {
                "car": {
                    "popGroup2": 5.5422173801157415,
                    "popGroup4": 0.0,
                    "popGroup6": 0.0,
                    "popGroup10": 5.674543899341582,
                    "popGroup12": 0.0,
                    "popGroup14": 0.0
                },
                "publicTransport": {
                    "popGroup0": 0.0,
                    "popGroup1": 0.0,
                    "popGroup2": 0.3630215908129323,
                    "popGroup3": 2.6866460052170216,
                    "popGroup4": 0.0,
                    "popGroup5": 0.0,
                    "popGroup6": 0.0,
                    "popGroup7": 0.0,
                    "popGroup8": 0.0,
                    "popGroup9": 0.0,
                    "popGroup10": 0.37169531949394796,
                    "popGroup11": 3.000137058802998,
                    "popGroup12": 0.0,
                    "popGroup13": 0.0,
                    "popGroup14": 0.0,
                    "popGroup15": 0.0
                }
            },
            "60655": {
                "car": {
                    "popGroup2": 8.090851495383642,
                    "popGroup4": 0.0,
                    "popGroup6": 0.0,
                    "popGroup10": 8.283935472988947,
                    "popGroup12": 0.0,
                    "popGroup14": 0.0
                },
                "publicTransport": {
                    "popGroup0": 0.0,
                    "popGroup1": 0.0,
                    "popGroup2": 0.45386865082315037,
                    "popGroup3": 3.004130105612094,
                    "popGroup4": 0.0,
                    "popGroup5": 0.0,
                    "popGroup6": 0.0,
                    "popGroup7": 0.0,
                    "popGroup8": 0.0,
                    "popGroup9": 0.0,
                    "popGroup10": 0.46470519934088717,
                    "popGroup11": 3.354871670763975,
                    "popGroup12": 0.0,
                    "popGroup13": 0.0,
                    "popGroup14": 0.0,
                    "popGroup15": 0.0
                }
            },
            "60624": {
                "car": {
                    "popGroup2": 23.33919702593288,
                    "popGroup4": 0.0,
                    "popGroup6": 0.0,
                    "popGroup10": 23.895610681448055,
                    "popGroup12": 0.0,
                    "popGroup14": 0.0
                },
                "publicTransport": {
                    "popGroup0": 0.0,
                    "popGroup1": 0.0,
                    "popGroup2": 1.3941044412724204,
                    "popGroup3": 10.11499597880431,
                    "popGroup4": 0.0,
                    "popGroup5": 0.0,
                    "popGroup6": 0.0,
                    "popGroup7": 0.0,
                    "popGroup8": 0.0,
                    "popGroup9": 0.0,
                    "popGroup10": 1.4273448459869182,
                    "popGroup11": 11.296521453501562,
                    "popGroup12": 0.0,
                    "popGroup13": 0.0,
                    "popGroup14": 0.0,
                    "popGroup15": 0.0
                },
                "bicycle": {
                    "popGroup0": 0.0,
                    "popGroup1": 0.0,
                    "popGroup2": 1.4824505783366972,
                    "popGroup3": 10.6150615676894,
                    "popGroup4": 0.0,
                    "popGroup5": 0.0,
                    "popGroup6": 0.0,
                    "popGroup7": 0.0,
                    "popGroup8": 0.0,
                    "popGroup9": 0.0,
                    "popGroup10": 1.5179070097079264,
                    "popGroup11": 11.853064006796815,
                    "popGroup12": 0.0,
                    "popGroup13": 0.0,
                    "popGroup14": 0.0,
                    "popGroup15": 0.0
                }
            },
            "60660": {
                "car": {
                    "popGroup2": 5.872916452357887,
                    "popGroup4": 0.0,
                    "popGroup6": 0.0,
                    "popGroup10": 6.013307564403557,
                    "popGroup12": 0.0,
                    "popGroup14": 0.0
                },
                "publicTransport": {
                    "popGroup0": 0.0,
                    "popGroup1": 0.0,
                    "popGroup2": 0.38742316279921096,
                    "popGroup3": 2.825306345674549,
                    "popGroup4": 0.0,
                    "popGroup5": 0.0,
                    "popGroup6": 0.0,
                    "popGroup7": 0.0,
                    "popGroup8": 0.0,
                    "popGroup9": 0.0,
                    "popGroup10": 0.39669791908181423,
                    "popGroup11": 3.154655756909828,
                    "popGroup12": 0.0,
                    "popGroup13": 0.0,
                    "popGroup14": 0.0,
                    "popGroup15": 0.0
                }
            },
            "60629": {
                "car": {
                    "popGroup2": 8.981544452195983,
                    "popGroup4": 0.0,
                    "popGroup6": 0.0,
                    "popGroup10": 9.196634678575771,
                    "popGroup12": 0.0,
                    "popGroup14": 0.0
                },
                "publicTransport": {
                    "popGroup0": 0.0,
                    "popGroup1": 0.0,
                    "popGroup2": 0.5959057122776723,
                    "popGroup3": 4.2649499982731855,
                    "popGroup4": 0.0,
                    "popGroup5": 0.0,
                    "popGroup6": 0.0,
                    "popGroup7": 0.0,
                    "popGroup8": 0.0,
                    "popGroup9": 0.0,
                    "popGroup10": 0.6102210365026403,
                    "popGroup11": 4.761264526840724,
                    "popGroup12": 0.0,
                    "popGroup13": 0.0,
                    "popGroup14": 0.0,
                    "popGroup15": 0.0
                }
            },
            "60618": {
                "car": {
                    "popGroup2": 2.407535893172333,
                    "popGroup4": 0.0,
                    "popGroup6": 0.0,
                    "popGroup10": 2.465157592750459,
                    "popGroup12": 0.0,
                    "popGroup14": 0.0
                },
                "publicTransport": {
                    "popGroup0": 0.0,
                    "popGroup1": 0.0,
                    "popGroup2": 0.16538949488988744,
                    "popGroup3": 1.1880223021714205,
                    "popGroup4": 0.0,
                    "popGroup5": 0.0,
                    "popGroup6": 0.0,
                    "popGroup7": 0.0,
                    "popGroup8": 0.0,
                    "popGroup9": 0.0,
                    "popGroup10": 0.16935881192472058,
                    "popGroup11": 1.32633778048203,
                    "popGroup12": 0.0,
                    "popGroup13": 0.0,
                    "popGroup14": 0.0,
                    "popGroup15": 0.0
                }
            },
            "61059": {
                "car": {
                    "popGroup2": 7.556183992819327,
                    "popGroup4": 0.0,
                    "popGroup6": 0.0,
                    "popGroup10": 7.736701485573226,
                    "popGroup12": 0.0,
                    "popGroup14": 0.0
                },
                "publicTransport": {
                    "popGroup0": 0.0,
                    "popGroup1": 0.0,
                    "popGroup2": 0.5433788432944338,
                    "popGroup3": 3.8807639918049945,
                    "popGroup4": 0.0,
                    "popGroup5": 0.0,
                    "popGroup6": 0.0,
                    "popGroup7": 0.0,
                    "popGroup8": 0.0,
                    "popGroup9": 0.0,
                    "popGroup10": 0.5563782952882086,
                    "popGroup11": 4.333280266017267,
                    "popGroup12": 0.0,
                    "popGroup13": 0.0,
                    "popGroup14": 0.0,
                    "popGroup15": 0.0
                }
            },
            "61001": {
                "car": {
                    "popGroup2": 1.630922805685724,
                    "popGroup4": 0.0,
                    "popGroup6": 0.0,
                    "popGroup10": 1.669862089776252,
                    "popGroup12": 0.0,
                    "popGroup14": 0.0
                },
                "publicTransport": {
                    "popGroup0": 0.0,
                    "popGroup1": 0.0,
                    "popGroup2": 0.12133459005576021,
                    "popGroup3": 0.8690559903196255,
                    "popGroup4": 0.0,
                    "popGroup5": 0.0,
                    "popGroup6": 0.0,
                    "popGroup7": 0.0,
                    "popGroup8": 0.0,
                    "popGroup9": 0.0,
                    "popGroup10": 0.12423472171875771,
                    "popGroup11": 0.9704383143012869,
                    "popGroup12": 0.0,
                    "popGroup13": 0.0,
                    "popGroup14": 0.0,
                    "popGroup15": 0.0
                },
                "bicycle": {
                    "popGroup0": 0.0,
                    "popGroup1": 0.0,
                    "popGroup2": 0.07544165954437129,
                    "popGroup3": 0.5403882927737574,
                    "popGroup4": 0.0,
                    "popGroup5": 0.0,
                    "popGroup6": 0.0,
                    "popGroup7": 0.0,
                    "popGroup8": 0.0,
                    "popGroup9": 0.0,
                    "popGroup10": 0.07726609317835217,
                    "popGroup11": 0.6030722276821392,
                    "popGroup12": 0.0,
                    "popGroup13": 0.0,
                    "popGroup14": 0.0,
                    "popGroup15": 0.0
                }
            },
            "61055": {
                "car": {
                    "popGroup2": 1.6878063198025093,
                    "popGroup4": 0.0,
                    "popGroup6": 0.0,
                    "popGroup10": 1.7281769356269407,
                    "popGroup12": 0.0,
                    "popGroup14": 0.0
                },
                "publicTransport": {
                    "popGroup0": 0.0,
                    "popGroup1": 0.0,
                    "popGroup2": 0.12316750638029358,
                    "popGroup3": 0.8765069801983527,
                    "popGroup4": 0.0,
                    "popGroup5": 0.0,
                    "popGroup6": 0.0,
                    "popGroup7": 0.0,
                    "popGroup8": 0.0,
                    "popGroup9": 0.0,
                    "popGroup10": 0.12612100174600724,
                    "popGroup11": 0.9785908079040916,
                    "popGroup12": 0.0,
                    "popGroup13": 0.0,
                    "popGroup14": 0.0,
                    "popGroup15": 0.0
                }
            },
            "61021": {
                "car": {
                    "popGroup2": 6.93584597887515,
                    "popGroup4": 0.0,
                    "popGroup6": 0.0,
                    "popGroup10": 7.101723450700609,
                    "popGroup12": 0.0,
                    "popGroup14": 0.0
                },
                "publicTransport": {
                    "popGroup0": 0.0,
                    "popGroup1": 0.0,
                    "popGroup2": 0.3652763664992295,
                    "popGroup3": 2.537632731566532,
                    "popGroup4": 0.0,
                    "popGroup5": 0.0,
                    "popGroup6": 0.0,
                    "popGroup7": 0.0,
                    "popGroup8": 0.0,
                    "popGroup9": 0.0,
                    "popGroup10": 0.37402150839887016,
                    "popGroup11": 2.8335444868809714,
                    "popGroup12": 0.0,
                    "popGroup13": 0.0,
                    "popGroup14": 0.0,
                    "popGroup15": 0.0
                }
            },
            "61017": {
                "car": {
                    "popGroup2": 1.1209423040929085,
                    "popGroup4": 0.0,
                    "popGroup6": 0.0,
                    "popGroup10": 1.1477786391773324,
                    "popGroup12": 0.0,
                    "popGroup14": 0.0
                },
                "publicTransport": {
                    "popGroup0": 0.0,
                    "popGroup1": 0.0,
                    "popGroup2": 0.0791402825643589,
                    "popGroup3": 0.5605194200203595,
                    "popGroup4": 0.0,
                    "popGroup5": 0.0,
                    "popGroup6": 0.0,
                    "popGroup7": 0.0,
                    "popGroup8": 0.0,
                    "popGroup9": 0.0,
                    "popGroup10": 0.08104117490458872,
                    "popGroup11": 0.625746388023861,
                    "popGroup12": 0.0,
                    "popGroup13": 0.0,
                    "popGroup14": 0.0,
                    "popGroup15": 0.0
                }
            },
            "61020": {
                "car": {
                    "popGroup2": 1.7259623308610177,
                    "popGroup4": 0.0,
                    "popGroup6": 0.0,
                    "popGroup10": 1.767291232798441,
                    "popGroup12": 0.0,
                    "popGroup14": 0.0
                },
                "publicTransport": {
                    "popGroup0": 0.0,
                    "popGroup1": 0.0,
                    "popGroup2": 0.09423128835890955,
                    "popGroup3": 0.678930905235587,
                    "popGroup4": 0.0,
                    "popGroup5": 0.0,
                    "popGroup6": 0.0,
                    "popGroup7": 0.0,
                    "popGroup8": 0.0,
                    "popGroup9": 0.0,
                    "popGroup10": 0.09649208810859805,
                    "popGroup11": 0.7580192921961394,
                    "popGroup12": 0.0,
                    "popGroup13": 0.0,
                    "popGroup14": 0.0,
                    "popGroup15": 0.0
                }
            },
            "61012": {
                "car": {
                    "popGroup2": 3.4486303327024093,
                    "popGroup4": 0.0,
                    "popGroup6": 0.0,
                    "popGroup10": 3.531228496732006,
                    "popGroup12": 0.0,
                    "popGroup14": 0.0
                },
                "publicTransport": {
                    "popGroup0": 0.0,
                    "popGroup1": 0.0,
                    "popGroup2": 0.19116475646995487,
                    "popGroup3": 1.3816871023399457,
                    "popGroup4": 0.0,
                    "popGroup5": 0.0,
                    "popGroup6": 0.0,
                    "popGroup7": 0.0,
                    "popGroup8": 0.0,
                    "popGroup9": 0.0,
                    "popGroup10": 0.19575381360742533,
                    "popGroup11": 1.5425964134748607,
                    "popGroup12": 0.0,
                    "popGroup13": 0.0,
                    "popGroup14": 0.0,
                    "popGroup15": 0.0
                }
            },
            "61043": {
                "car": {
                    "popGroup2": 3.4316335991451483,
                    "popGroup4": 0.0,
                    "popGroup6": 0.0,
                    "popGroup10": 3.5138536645306164,
                    "popGroup12": 0.0,
                    "popGroup14": 0.0
                },
                "publicTransport": {
                    "popGroup0": 0.0,
                    "popGroup1": 0.0,
                    "popGroup2": 0.19320134867718539,
                    "popGroup3": 1.4075371249596178,
                    "popGroup4": 0.0,
                    "popGroup5": 0.0,
                    "popGroup6": 0.0,
                    "popGroup7": 0.0,
                    "popGroup8": 0.0,
                    "popGroup9": 0.0,
                    "popGroup10": 0.19784267255866345,
                    "popGroup11": 1.571397870705856,
                    "popGroup12": 0.0,
                    "popGroup13": 0.0,
                    "popGroup14": 0.0,
                    "popGroup15": 0.0
                }
            },
            "61053": {
                "car": {
                    "popGroup2": 24.600633196085127,
                    "popGroup4": 0.0,
                    "popGroup6": 0.0,
                    "popGroup10": 25.19036957567694,
                    "popGroup12": 0.0,
                    "popGroup14": 0.0
                },
                "publicTransport": {
                    "popGroup0": 0.0,
                    "popGroup1": 0.0,
                    "popGroup2": 1.361002846031678,
                    "popGroup3": 10.01449072280661,
                    "popGroup4": 0.0,
                    "popGroup5": 0.0,
                    "popGroup6": 0.0,
                    "popGroup7": 0.0,
                    "popGroup8": 0.0,
                    "popGroup9": 0.0,
                    "popGroup10": 1.3937287456895182,
                    "popGroup11": 11.179805963219486,
                    "popGroup12": 0.0,
                    "popGroup13": 0.0,
                    "popGroup14": 0.0,
                    "popGroup15": 0.0
                }
            },
            "61027": {
                "car": {
                    "popGroup2": 1.8666430252877126,
                    "popGroup4": 0.0,
                    "popGroup6": 0.0,
                    "popGroup10": 1.9113458654207154,
                    "popGroup12": 0.0,
                    "popGroup14": 0.0
                },
                "publicTransport": {
                    "popGroup0": 0.0,
                    "popGroup1": 0.0,
                    "popGroup2": 0.13184213854175936,
                    "popGroup3": 0.9326496547215475,
                    "popGroup4": 0.0,
                    "popGroup5": 0.0,
                    "popGroup6": 0.0,
                    "popGroup7": 0.0,
                    "popGroup8": 0.0,
                    "popGroup9": 0.0,
                    "popGroup10": 0.13501102980676996,
                    "popGroup11": 1.0411450494453411,
                    "popGroup12": 0.0,
                    "popGroup13": 0.0,
                    "popGroup14": 0.0,
                    "popGroup15": 0.0
                }
            },
            "61016": {
                "car": {
                    "popGroup2": 1.1860107380026068,
                    "popGroup4": 0.0,
                    "popGroup6": 0.0,
                    "popGroup10": 1.2144960154446458,
                    "popGroup12": 0.0,
                    "popGroup14": 0.0
                },
                "publicTransport": {
                    "popGroup0": 0.0,
                    "popGroup1": 0.0,
                    "popGroup2": 0.06943863151367546,
                    "popGroup3": 0.5207909396471468,
                    "popGroup4": 0.0,
                    "popGroup5": 0.0,
                    "popGroup6": 0.0,
                    "popGroup7": 0.0,
                    "popGroup8": 0.0,
                    "popGroup9": 0.0,
                    "popGroup10": 0.07111631833479114,
                    "popGroup11": 0.5812476249724055,
                    "popGroup12": 0.0,
                    "popGroup13": 0.0,
                    "popGroup14": 0.0,
                    "popGroup15": 0.0
                }
            },
            "61045": {
                "car": {
                    "popGroup2": 5.768041131435703,
                    "popGroup4": 0.0,
                    "popGroup6": 0.0,
                    "popGroup10": 5.9064374337619245,
                    "popGroup12": 0.0,
                    "popGroup14": 0.0
                },
                "publicTransport": {
                    "popGroup0": 0.0,
                    "popGroup1": 0.0,
                    "popGroup2": 0.31491860727449245,
                    "popGroup3": 2.3464059894100573,
                    "popGroup4": 0.0,
                    "popGroup5": 0.0,
                    "popGroup6": 0.0,
                    "popGroup7": 0.0,
                    "popGroup8": 0.0,
                    "popGroup9": 0.0,
                    "popGroup10": 0.3225037216664929,
                    "popGroup11": 2.619209951377094,
                    "popGroup12": 0.0,
                    "popGroup13": 0.0,
                    "popGroup14": 0.0,
                    "popGroup15": 0.0
                }
            },
            "61008": {
                "car": {
                    "popGroup2": 2.2252307057072613,
                    "popGroup4": 0.0,
                    "popGroup6": 0.0,
                    "popGroup10": 2.27863378961594,
                    "popGroup12": 0.0,
                    "popGroup14": 0.0
                },
                "publicTransport": {
                    "popGroup0": 0.0,
                    "popGroup1": 0.0,
                    "popGroup2": 0.15262131788478717,
                    "popGroup3": 1.0699983205204773,
                    "popGroup4": 0.0,
                    "popGroup5": 0.0,
                    "popGroup6": 0.0,
                    "popGroup7": 0.0,
                    "popGroup8": 0.0,
                    "popGroup9": 0.0,
                    "popGroup10": 0.1563075522413939,
                    "popGroup11": 1.1941684887732418,
                    "popGroup12": 0.0,
                    "popGroup13": 0.0,
                    "popGroup14": 0.0,
                    "popGroup15": 0.0
                }
            },
            "61050": {
                "car": {
                    "popGroup2": 2.6242551605912796,
                    "popGroup4": 0.0,
                    "popGroup6": 0.0,
                    "popGroup10": 2.6873889070881622,
                    "popGroup12": 0.0,
                    "popGroup14": 0.0
                },
                "publicTransport": {
                    "popGroup0": 0.0,
                    "popGroup1": 0.0,
                    "popGroup2": 0.1618506682049906,
                    "popGroup3": 1.2207959589189878,
                    "popGroup4": 0.0,
                    "popGroup5": 0.0,
                    "popGroup6": 0.0,
                    "popGroup7": 0.0,
                    "popGroup8": 0.0,
                    "popGroup9": 0.0,
                    "popGroup10": 0.1657625372455684,
                    "popGroup11": 1.362480483763115,
                    "popGroup12": 0.0,
                    "popGroup13": 0.0,
                    "popGroup14": 0.0,
                    "popGroup15": 0.0
                }
            },
            "61049": {
                "car": {
                    "popGroup2": 2.052738059737088,
                    "popGroup4": 0.0,
                    "popGroup6": 0.0,
                    "popGroup10": 2.10209351030775,
                    "popGroup12": 0.0,
                    "popGroup14": 0.0
                },
                "publicTransport": {
                    "popGroup0": 0.0,
                    "popGroup1": 0.0,
                    "popGroup2": 0.13098161448804596,
                    "popGroup3": 0.9841834909241126,
                    "popGroup4": 0.0,
                    "popGroup5": 0.0,
                    "popGroup6": 0.0,
                    "popGroup7": 0.0,
                    "popGroup8": 0.0,
                    "popGroup9": 0.0,
                    "popGroup10": 0.13414431268047122,
                    "popGroup11": 1.0984647222993038,
                    "popGroup12": 0.0,
                    "popGroup13": 0.0,
                    "popGroup14": 0.0,
                    "popGroup15": 0.0
                }
            },
            "61058": {
                "car": {
                    "popGroup2": 4.923089436448647,
                    "popGroup4": 0.0,
                    "popGroup6": 0.0,
                    "popGroup10": 5.04148238698126,
                    "popGroup12": 0.0,
                    "popGroup14": 0.0
                },
                "publicTransport": {
                    "popGroup0": 0.0,
                    "popGroup1": 0.0,
                    "popGroup2": 0.3245551640629859,
                    "popGroup3": 2.2569715955045835,
                    "popGroup4": 0.0,
                    "popGroup5": 0.0,
                    "popGroup6": 0.0,
                    "popGroup7": 0.0,
                    "popGroup8": 0.0,
                    "popGroup9": 0.0,
                    "popGroup10": 0.33243720680699557,
                    "popGroup11": 2.5181704297832126,
                    "popGroup12": 0.0,
                    "popGroup13": 0.0,
                    "popGroup14": 0.0,
                    "popGroup15": 0.0
                }
            },
            "62347": {
                "car": {
                    "popGroup2": 0.5883312870457519,
                    "popGroup4": 0.0,
                    "popGroup6": 0.0,
                    "popGroup10": 0.6024958745076101,
                    "popGroup12": 0.0,
                    "popGroup14": 0.0
                },
                "publicTransport": {
                    "popGroup0": 0.0,
                    "popGroup1": 0.0,
                    "popGroup2": 0.037168831856497095,
                    "popGroup3": 0.25729822793860113,
                    "popGroup4": 0.0,
                    "popGroup5": 0.0,
                    "popGroup6": 0.0,
                    "popGroup7": 0.0,
                    "popGroup8": 0.0,
                    "popGroup9": 0.0,
                    "popGroup10": 0.03807420335365607,
                    "popGroup11": 0.28703119327846505,
                    "popGroup12": 0.0,
                    "popGroup13": 0.0,
                    "popGroup14": 0.0,
                    "popGroup15": 0.0
                }
            }
        }
    }
}