{
    "Sum_Trips_per_Mode": {
        "work": {
            "60101": {
                "car": 1464.3843371786031,
                "publicTransport": 231.21398460790658
            },
            "60669": {
                "car": 67.80641237637298,
                "publicTransport": 10.946395572617423
            },
            "60608": {
                "car": 30.81807851830761,
                "publicTransport": 3.8531514522738517
            },
            "60611": {
                "car": 21.07194280795033,
                "publicTransport": 13.321051171948966,
                "bicycle": 8.642173396633368
            },
            "60670": {
                "car": 61.9815585924205,
                "publicTransport": 35.35919765036797
            },
            "60662": {
                "car": 9.983941205590561,
                "publicTransport": 7.4525195797419395,
                "bicycle": 4.97042286958776,
                "walk": 1.9588341985003888
            },
            "60656": {
                "car": 13.180874282958243,
                "publicTransport": 7.325273480822458
            },
            "60655": {
                "car": 18.2871103699876,
                "publicTransport": 8.832734075167593
            },
            "60624": {
                "car": 55.11017410911118,
                "publicTransport": 28.005704025461977,
                "bicycle": 27.83093978056354
            },
            "60660": {
                "car": 13.821399075350978,
                "publicTransport": 7.7004967398013004
            },
            "60629": {
                "car": 20.754443030054073,
                "publicTransport": 11.622281308094337
            },
            "60618": {
                "car": 5.606637899922945,
                "publicTransport": 3.2484776297042735
            },
            "61059": {
                "car": 17.82317581437069,
                "publicTransport": 10.668313251583749
            },
            "61001": {
                "car": 3.860182571349954,
                "publicTransport": 2.38443357413336,
                "bicycle": 1.4163967268230855
            },
            "61055": {
                "car": 3.9452136698317672,
                "publicTransport": 2.412266312798857
            },
            "61021": {
                "car": 15.924926464613211,
                "publicTransport": 6.590411409246621
            },
            "61017": {
                "car": 2.6012911266997882,
                "publicTransport": 1.546125307337276
            },
            "61020": {
                "car": 3.9444577588020127,
                "publicTransport": 1.7527633612788653
            },
            "61012": {
                "car": 7.804012190344544,
                "publicTransport": 3.5446243065504097
            },
            "61043": {
                "car": 7.7938112322118975,
                "publicTransport": 3.6174316507700546
            },
            "61053": {
                "car": 55.310725444316255,
                "publicTransport": 25.486446370570835
            },
            "61027": {
                "car": 4.323637304247563,
                "publicTransport": 2.56674326955053
            },
            "61016": {
                "car": 2.658138264044018,
                "publicTransport": 1.320815320347267
            },
            "61045": {
                "car": 12.88016927903561,
                "publicTransport": 5.924909638769897
            },
            "61008": {
                "car": 5.066392933190005,
                "publicTransport": 2.9414372941531663
            },
            "61050": {
                "car": 5.781979964098339,
                "publicTransport": 3.067646298901175
            },
            "61049": {
                "car": 4.535603106225929,
                "publicTransport": 2.482688016935111
            },
            "61058": {
                "car": 11.035706035116064,
                "publicTransport": 6.1961508556299165
            },
            "62347": {
                "car": 1.3077412549300167,
                "publicTransport": 0.7058024303712827
            }
        }
    },
    "Trips_per_group": {
        "work": {
            "60101": {
                "car": {
                    "popGroup2": 723.9913197385106,
                    "popGroup4": 0.0,
                    "popGroup6": 0.0,
                    "popGroup10": 740.3930174400925,
                    "popGroup12": 0.0,
                    "popGroup14": 0.0
                },
                "publicTransport": {
                    "popGroup0": 0.0,
                    "popGroup1": 0.0,
                    "popGroup2": 12.743058094926567,
                    "popGroup3": 96.07603346652286,
                    "popGroup4": 0.0,
                    "popGroup5": 0.0,
                    "popGroup6": 0.0,
                    "popGroup7": 0.0,
                    "popGroup8": 0.0,
                    "popGroup9": 0.0,
                    "popGroup10": 13.031096243944758,
                    "popGroup11": 109.3637968025124,
                    "popGroup12": 0.0,
                    "popGroup13": 0.0,
                    "popGroup14": 0.0,
                    "popGroup15": 0.0
                }
            },
            "60669": {
                "car": {
                    "popGroup2": 33.523768722227224,
                    "popGroup4": 0.0,
                    "popGroup6": 0.0,
                    "popGroup10": 34.28264365414576,
                    "popGroup12": 0.0,
                    "popGroup14": 0.0
                },
                "publicTransport": {
                    "popGroup0": 0.0,
                    "popGroup1": 0.0,
                    "popGroup2": 0.6026808982928091,
                    "popGroup3": 4.549073760860217,
                    "popGroup4": 0.0,
                    "popGroup5": 0.0,
                    "popGroup6": 0.0,
                    "popGroup7": 0.0,
                    "popGroup8": 0.0,
                    "popGroup9": 0.0,
                    "popGroup10": 0.6162964579319666,
                    "popGroup11": 5.1783444555324305,
                    "popGroup12": 0.0,
                    "popGroup13": 0.0,
                    "popGroup14": 0.0,
                    "popGroup15": 0.0
                }
            },
            "60608": {
                "car": {
                    "popGroup2": 15.236763671449342,
                    "popGroup4": 0.0,
                    "popGroup6": 0.0,
                    "popGroup10": 15.581314846858268,
                    "popGroup12": 0.0,
                    "popGroup14": 0.0
                },
                "publicTransport": {
                    "popGroup0": 0.0,
                    "popGroup1": 0.0,
                    "popGroup2": 0.2125288131768608,
                    "popGroup3": 1.6008969970572384,
                    "popGroup4": 0.0,
                    "popGroup5": 0.0,
                    "popGroup6": 0.0,
                    "popGroup7": 0.0,
                    "popGroup8": 0.0,
                    "popGroup9": 0.0,
                    "popGroup10": 0.2173275140753604,
                    "popGroup11": 1.822398127964392,
                    "popGroup12": 0.0,
                    "popGroup13": 0.0,
                    "popGroup14": 0.0,
                    "popGroup15": 0.0
                }
            },
            "60611": {
                "car": {
                    "popGroup2": 10.418203959792004,
                    "popGroup4": 0.0,
                    "popGroup6": 0.0,
                    "popGroup10": 10.653738848158323,
                    "popGroup12": 0.0,
                    "popGroup14": 0.0
                },
                "publicTransport": {
                    "popGroup0": 0.0,
                    "popGroup1": 0.0,
                    "popGroup2": 0.7320353914189995,
                    "popGroup3": 5.537440298783917,
                    "popGroup4": 0.0,
                    "popGroup5": 0.0,
                    "popGroup6": 0.0,
                    "popGroup7": 0.0,
                    "popGroup8": 0.0,
                    "popGroup9": 0.0,
                    "popGroup10": 0.7485981061539082,
                    "popGroup11": 6.302977375592141,
                    "popGroup12": 0.0,
                    "popGroup13": 0.0,
                    "popGroup14": 0.0,
                    "popGroup15": 0.0
                },
                "bicycle": {
                    "popGroup0": 0.0,
                    "popGroup1": 0.0,
                    "popGroup2": 0.4748973009321546,
                    "popGroup3": 3.593170881458468,
                    "popGroup4": 0.0,
                    "popGroup5": 0.0,
                    "popGroup6": 0.0,
                    "popGroup7": 0.0,
                    "popGroup8": 0.0,
                    "popGroup9": 0.0,
                    "popGroup10": 0.48572635342571263,
                    "popGroup11": 4.0883788608170315,
                    "popGroup12": 0.0,
                    "popGroup13": 0.0,
                    "popGroup14": 0.0,
                    "popGroup15": 0.0
                }
            },
            "60670": {
                "car": {
                    "popGroup2": 30.644031711063143,
                    "popGroup4": 0.0,
                    "popGroup6": 0.0,
                    "popGroup10": 31.337526881357356,
                    "popGroup12": 0.0,
                    "popGroup14": 0.0
                },
                "publicTransport": {
                    "popGroup0": 0.0,
                    "popGroup1": 0.0,
                    "popGroup2": 1.94314723279619,
                    "popGroup3": 14.698877645900742,
                    "popGroup4": 0.0,
                    "popGroup5": 0.0,
                    "popGroup6": 0.0,
                    "popGroup7": 0.0,
                    "popGroup8": 0.0,
                    "popGroup9": 0.0,
                    "popGroup10": 1.9871628263081735,
                    "popGroup11": 16.73000994536286,
                    "popGroup12": 0.0,
                    "popGroup13": 0.0,
                    "popGroup14": 0.0,
                    "popGroup15": 0.0
                }
            },
            "60662": {
                "car": {
                    "popGroup2": 4.93617550755579,
                    "popGroup4": 0.0,
                    "popGroup6": 0.0,
                    "popGroup10": 5.047765698034771,
                    "popGroup12": 0.0,
                    "popGroup14": 0.0
                },
                "publicTransport": {
                    "popGroup0": 0.0,
                    "popGroup1": 0.0,
                    "popGroup2": 0.40953933138029897,
                    "popGroup3": 3.0980003676835066,
                    "popGroup4": 0.0,
                    "popGroup5": 0.0,
                    "popGroup6": 0.0,
                    "popGroup7": 0.0,
                    "popGroup8": 0.0,
                    "popGroup9": 0.0,
                    "popGroup10": 0.4188121435717786,
                    "popGroup11": 3.5261677371063556,
                    "popGroup12": 0.0,
                    "popGroup13": 0.0,
                    "popGroup14": 0.0,
                    "popGroup15": 0.0
                },
                "bicycle": {
                    "popGroup0": 0.0,
                    "popGroup1": 0.0,
                    "popGroup2": 0.27312295060606284,
                    "popGroup3": 2.0668350903736012,
                    "popGroup4": 0.0,
                    "popGroup5": 0.0,
                    "popGroup6": 0.0,
                    "popGroup7": 0.0,
                    "popGroup8": 0.0,
                    "popGroup9": 0.0,
                    "popGroup10": 0.27938401946958347,
                    "popGroup11": 2.3510808091385123,
                    "popGroup12": 0.0,
                    "popGroup13": 0.0,
                    "popGroup14": 0.0,
                    "popGroup15": 0.0
                },
                "walk": {
                    "popGroup0": 0.0,
                    "popGroup1": 0.0,
                    "popGroup2": 0.10762254045590741,
                    "popGroup3": 0.8150743889143125,
                    "popGroup4": 0.0,
                    "popGroup5": 0.0,
                    "popGroup6": 0.0,
                    "popGroup7": 0.0,
                    "popGroup8": 0.0,
                    "popGroup9": 0.0,
                    "popGroup10": 0.11015467028420861,
                    "popGroup11": 0.9259825988459602,
                    "popGroup12": 0.0,
                    "popGroup13": 0.0,
                    "popGroup14": 0.0,
                    "popGroup15": 0.0
                }
            },
            "60656": {
                "car": {
                    "popGroup2": 6.516722100377058,
                    "popGroup4": 0.0,
                    "popGroup6": 0.0,
                    "popGroup10": 6.6641521825811845,
                    "popGroup12": 0.0,
                    "popGroup14": 0.0
                },
                "publicTransport": {
                    "popGroup0": 0.0,
                    "popGroup1": 0.0,
                    "popGroup2": 0.40255819987257097,
                    "popGroup3": 3.045084312453657,
                    "popGroup4": 0.0,
                    "popGroup5": 0.0,
                    "popGroup6": 0.0,
                    "popGroup7": 0.0,
                    "popGroup8": 0.0,
                    "popGroup9": 0.0,
                    "popGroup10": 0.411671516298704,
                    "popGroup11": 3.465959452197527,
                    "popGroup12": 0.0,
                    "popGroup13": 0.0,
                    "popGroup14": 0.0,
                    "popGroup15": 0.0
                }
            },
            "60655": {
                "car": {
                    "popGroup2": 9.04134858846363,
                    "popGroup4": 0.0,
                    "popGroup6": 0.0,
                    "popGroup10": 9.24576178152397,
                    "popGroup12": 0.0,
                    "popGroup14": 0.0
                },
                "publicTransport": {
                    "popGroup0": 0.0,
                    "popGroup1": 0.0,
                    "popGroup2": 0.48544076427123856,
                    "popGroup3": 3.671582978176999,
                    "popGroup4": 0.0,
                    "popGroup5": 0.0,
                    "popGroup6": 0.0,
                    "popGroup7": 0.0,
                    "popGroup8": 0.0,
                    "popGroup9": 0.0,
                    "popGroup10": 0.4964162706077405,
                    "popGroup11": 4.179294062111616,
                    "popGroup12": 0.0,
                    "popGroup13": 0.0,
                    "popGroup14": 0.0,
                    "popGroup15": 0.0
                }
            },
            "60624": {
                "car": {
                    "popGroup2": 27.247416912346946,
                    "popGroup4": 0.0,
                    "popGroup6": 0.0,
                    "popGroup10": 27.862757196764232,
                    "popGroup12": 0.0,
                    "popGroup14": 0.0
                },
                "publicTransport": {
                    "popGroup0": 0.0,
                    "popGroup1": 0.0,
                    "popGroup2": 1.5391193431325867,
                    "popGroup3": 11.64109730660172,
                    "popGroup4": 0.0,
                    "popGroup5": 0.0,
                    "popGroup6": 0.0,
                    "popGroup7": 0.0,
                    "popGroup8": 0.0,
                    "popGroup9": 0.0,
                    "popGroup10": 1.5738766507818323,
                    "popGroup11": 13.251610724945838,
                    "popGroup12": 0.0,
                    "popGroup13": 0.0,
                    "popGroup14": 0.0,
                    "popGroup15": 0.0
                },
                "bicycle": {
                    "popGroup0": 0.0,
                    "popGroup1": 0.0,
                    "popGroup2": 1.5293918153823725,
                    "popGroup3": 11.569483942779256,
                    "popGroup4": 0.0,
                    "popGroup5": 0.0,
                    "popGroup6": 0.0,
                    "popGroup7": 0.0,
                    "popGroup8": 0.0,
                    "popGroup9": 0.0,
                    "popGroup10": 1.5640453805268573,
                    "popGroup11": 13.168018641875054,
                    "popGroup12": 0.0,
                    "popGroup13": 0.0,
                    "popGroup14": 0.0,
                    "popGroup15": 0.0
                }
            },
            "60660": {
                "car": {
                    "popGroup2": 6.8332962602438885,
                    "popGroup4": 0.0,
                    "popGroup6": 0.0,
                    "popGroup10": 6.98810281510709,
                    "popGroup12": 0.0,
                    "popGroup14": 0.0
                },
                "publicTransport": {
                    "popGroup0": 0.0,
                    "popGroup1": 0.0,
                    "popGroup2": 0.42317099497062405,
                    "popGroup3": 3.201236503397296,
                    "popGroup4": 0.0,
                    "popGroup5": 0.0,
                    "popGroup6": 0.0,
                    "popGroup7": 0.0,
                    "popGroup8": 0.0,
                    "popGroup9": 0.0,
                    "popGroup10": 0.432771660868137,
                    "popGroup11": 3.6433175805652436,
                    "popGroup12": 0.0,
                    "popGroup13": 0.0,
                    "popGroup14": 0.0,
                    "popGroup15": 0.0
                }
            },
            "60629": {
                "car": {
                    "popGroup2": 10.260757708605045,
                    "popGroup4": 0.0,
                    "popGroup6": 0.0,
                    "popGroup10": 10.493685321449028,
                    "popGroup12": 0.0,
                    "popGroup14": 0.0
                },
                "publicTransport": {
                    "popGroup0": 0.0,
                    "popGroup1": 0.0,
                    "popGroup2": 0.638678026671692,
                    "popGroup3": 4.832043667412425,
                    "popGroup4": 0.0,
                    "popGroup5": 0.0,
                    "popGroup6": 0.0,
                    "popGroup7": 0.0,
                    "popGroup8": 0.0,
                    "popGroup9": 0.0,
                    "popGroup10": 0.6532225893177733,
                    "popGroup11": 5.498337024692445,
                    "popGroup12": 0.0,
                    "popGroup13": 0.0,
                    "popGroup14": 0.0,
                    "popGroup15": 0.0
                }
            },
            "60618": {
                "car": {
                    "popGroup2": 2.7718774792893863,
                    "popGroup4": 0.0,
                    "popGroup6": 0.0,
                    "popGroup10": 2.834760420633559,
                    "popGroup12": 0.0,
                    "popGroup14": 0.0
                },
                "publicTransport": {
                    "popGroup0": 0.0,
                    "popGroup1": 0.0,
                    "popGroup2": 0.17851312188671703,
                    "popGroup3": 1.3505440606315922,
                    "popGroup4": 0.0,
                    "popGroup5": 0.0,
                    "popGroup6": 0.0,
                    "popGroup7": 0.0,
                    "popGroup8": 0.0,
                    "popGroup9": 0.0,
                    "popGroup10": 0.18257430936083688,
                    "popGroup11": 1.5368461378251272,
                    "popGroup12": 0.0,
                    "popGroup13": 0.0,
                    "popGroup14": 0.0,
                    "popGroup15": 0.0
                }
            },
            "61059": {
                "car": {
                    "popGroup2": 8.811844595525994,
                    "popGroup4": 0.0,
                    "popGroup6": 0.0,
                    "popGroup10": 9.011331218844695,
                    "popGroup12": 0.0,
                    "popGroup14": 0.0
                },
                "publicTransport": {
                    "popGroup0": 0.0,
                    "popGroup1": 0.0,
                    "popGroup2": 0.5862503033693296,
                    "popGroup3": 4.434937612819862,
                    "popGroup4": 0.0,
                    "popGroup5": 0.0,
                    "popGroup6": 0.0,
                    "popGroup7": 0.0,
                    "popGroup8": 0.0,
                    "popGroup9": 0.0,
                    "popGroup10": 0.5995404412389272,
                    "popGroup11": 5.04758489415563,
                    "popGroup12": 0.0,
                    "popGroup13": 0.0,
                    "popGroup14": 0.0,
                    "popGroup15": 0.0
                }
            },
            "61001": {
                "car": {
                    "popGroup2": 1.908503608877371,
                    "popGroup4": 0.0,
                    "popGroup6": 0.0,
                    "popGroup10": 1.951678962472583,
                    "popGroup12": 0.0,
                    "popGroup14": 0.0
                },
                "publicTransport": {
                    "popGroup0": 0.0,
                    "popGroup1": 0.0,
                    "popGroup2": 0.13103092423564916,
                    "popGroup3": 0.9912114221600916,
                    "popGroup4": 0.0,
                    "popGroup5": 0.0,
                    "popGroup6": 0.0,
                    "popGroup7": 0.0,
                    "popGroup8": 0.0,
                    "popGroup9": 0.0,
                    "popGroup10": 0.13399839022244317,
                    "popGroup11": 1.1281928375151762,
                    "popGroup12": 0.0,
                    "popGroup13": 0.0,
                    "popGroup14": 0.0,
                    "popGroup15": 0.0
                },
                "bicycle": {
                    "popGroup0": 0.0,
                    "popGroup1": 0.0,
                    "popGroup2": 0.07783049116921022,
                    "popGroup3": 0.5889757337952746,
                    "popGroup4": 0.0,
                    "popGroup5": 0.0,
                    "popGroup6": 0.0,
                    "popGroup7": 0.0,
                    "popGroup8": 0.0,
                    "popGroup9": 0.0,
                    "popGroup10": 0.07961467687682185,
                    "popGroup11": 0.6699758249817789,
                    "popGroup12": 0.0,
                    "popGroup13": 0.0,
                    "popGroup14": 0.0,
                    "popGroup15": 0.0
                }
            },
            "61055": {
                "car": {
                    "popGroup2": 1.9504980018250957,
                    "popGroup4": 0.0,
                    "popGroup6": 0.0,
                    "popGroup10": 1.9947156680066715,
                    "popGroup12": 0.0,
                    "popGroup14": 0.0
                },
                "publicTransport": {
                    "popGroup0": 0.0,
                    "popGroup1": 0.0,
                    "popGroup2": 0.1325580656975771,
                    "popGroup3": 1.0028715487403512,
                    "popGroup4": 0.0,
                    "popGroup5": 0.0,
                    "popGroup6": 0.0,
                    "popGroup7": 0.0,
                    "popGroup8": 0.0,
                    "popGroup9": 0.0,
                    "popGroup10": 0.1355709888929863,
                    "popGroup11": 1.1412657094679424,
                    "popGroup12": 0.0,
                    "popGroup13": 0.0,
                    "popGroup14": 0.0,
                    "popGroup15": 0.0
                }
            },
            "61021": {
                "car": {
                    "popGroup2": 7.87323868030047,
                    "popGroup4": 0.0,
                    "popGroup6": 0.0,
                    "popGroup10": 8.05168778431274,
                    "popGroup12": 0.0,
                    "popGroup14": 0.0
                },
                "publicTransport": {
                    "popGroup0": 0.0,
                    "popGroup1": 0.0,
                    "popGroup2": 0.36222359076535093,
                    "popGroup3": 2.7396448910352005,
                    "popGroup4": 0.0,
                    "popGroup5": 0.0,
                    "popGroup6": 0.0,
                    "popGroup7": 0.0,
                    "popGroup8": 0.0,
                    "popGroup9": 0.0,
                    "popGroup10": 0.37043307587124785,
                    "popGroup11": 3.118109851574822,
                    "popGroup12": 0.0,
                    "popGroup13": 0.0,
                    "popGroup14": 0.0,
                    "popGroup15": 0.0
                }
            },
            "61017": {
                "car": {
                    "popGroup2": 1.2860530853507737,
                    "popGroup4": 0.0,
                    "popGroup6": 0.0,
                    "popGroup10": 1.3152380413490143,
                    "popGroup12": 0.0,
                    "popGroup14": 0.0
                },
                "publicTransport": {
                    "popGroup0": 0.0,
                    "popGroup1": 0.0,
                    "popGroup2": 0.08496173240916292,
                    "popGroup3": 0.6428126104225897,
                    "popGroup4": 0.0,
                    "popGroup5": 0.0,
                    "popGroup6": 0.0,
                    "popGroup7": 0.0,
                    "popGroup8": 0.0,
                    "popGroup9": 0.0,
                    "popGroup10": 0.08689637669749707,
                    "popGroup11": 0.7314545878080262,
                    "popGroup12": 0.0,
                    "popGroup13": 0.0,
                    "popGroup14": 0.0,
                    "popGroup15": 0.0
                }
            },
            "61020": {
                "car": {
                    "popGroup2": 1.950098283205659,
                    "popGroup4": 0.0,
                    "popGroup6": 0.0,
                    "popGroup10": 1.9943594755963536,
                    "popGroup12": 0.0,
                    "popGroup14": 0.0
                },
                "publicTransport": {
                    "popGroup0": 0.0,
                    "popGroup1": 0.0,
                    "popGroup2": 0.09633275751181664,
                    "popGroup3": 0.7286724460872148,
                    "popGroup4": 0.0,
                    "popGroup5": 0.0,
                    "popGroup6": 0.0,
                    "popGroup7": 0.0,
                    "popGroup8": 0.0,
                    "popGroup9": 0.0,
                    "popGroup10": 0.09852147566074732,
                    "popGroup11": 0.8292366820190866,
                    "popGroup12": 0.0,
                    "popGroup13": 0.0,
                    "popGroup14": 0.0,
                    "popGroup15": 0.0
                }
            },
            "61012": {
                "car": {
                    "popGroup2": 3.8582117500067925,
                    "popGroup4": 0.0,
                    "popGroup6": 0.0,
                    "popGroup10": 3.9458004403377513,
                    "popGroup12": 0.0,
                    "popGroup14": 0.0
                },
                "publicTransport": {
                    "popGroup0": 0.0,
                    "popGroup1": 0.0,
                    "popGroup2": 0.1948162597544823,
                    "popGroup3": 1.473617169937484,
                    "popGroup4": 0.0,
                    "popGroup5": 0.0,
                    "popGroup6": 0.0,
                    "popGroup7": 0.0,
                    "popGroup8": 0.0,
                    "popGroup9": 0.0,
                    "popGroup10": 0.19924496656228047,
                    "popGroup11": 1.6769459102961628,
                    "popGroup12": 0.0,
                    "popGroup13": 0.0,
                    "popGroup14": 0.0,
                    "popGroup15": 0.0
                }
            },
            "61043": {
                "car": {
                    "popGroup2": 3.8531503402520073,
                    "popGroup4": 0.0,
                    "popGroup6": 0.0,
                    "popGroup10": 3.9406608919598907,
                    "popGroup12": 0.0,
                    "popGroup14": 0.0
                },
                "publicTransport": {
                    "popGroup0": 0.0,
                    "popGroup1": 0.0,
                    "popGroup2": 0.1988127045834227,
                    "popGroup3": 1.5039223921200044,
                    "popGroup4": 0.0,
                    "popGroup5": 0.0,
                    "popGroup6": 0.0,
                    "popGroup7": 0.0,
                    "popGroup8": 0.0,
                    "popGroup9": 0.0,
                    "popGroup10": 0.20333637747186167,
                    "popGroup11": 1.7113601765947657,
                    "popGroup12": 0.0,
                    "popGroup13": 0.0,
                    "popGroup14": 0.0,
                    "popGroup15": 0.0
                }
            },
            "61053": {
                "car": {
                    "popGroup2": 27.34467069322674,
                    "popGroup4": 0.0,
                    "popGroup6": 0.0,
                    "popGroup10": 27.966054751089516,
                    "popGroup12": 0.0,
                    "popGroup14": 0.0
                },
                "publicTransport": {
                    "popGroup0": 0.0,
                    "popGroup1": 0.0,
                    "popGroup2": 1.400738808142444,
                    "popGroup3": 10.596060402628101,
                    "popGroup4": 0.0,
                    "popGroup5": 0.0,
                    "popGroup6": 0.0,
                    "popGroup7": 0.0,
                    "popGroup8": 0.0,
                    "popGroup9": 0.0,
                    "popGroup10": 1.4326418754189,
                    "popGroup11": 12.05700528438139,
                    "popGroup12": 0.0,
                    "popGroup13": 0.0,
                    "popGroup14": 0.0,
                    "popGroup15": 0.0
                }
            },
            "61027": {
                "car": {
                    "popGroup2": 2.1375559348145474,
                    "popGroup4": 0.0,
                    "popGroup6": 0.0,
                    "popGroup10": 2.1860813694330155,
                    "popGroup12": 0.0,
                    "popGroup14": 0.0
                },
                "publicTransport": {
                    "popGroup0": 0.0,
                    "popGroup1": 0.0,
                    "popGroup2": 0.14104524161542578,
                    "popGroup3": 1.0671613118927676,
                    "popGroup4": 0.0,
                    "popGroup5": 0.0,
                    "popGroup6": 0.0,
                    "popGroup7": 0.0,
                    "popGroup8": 0.0,
                    "popGroup9": 0.0,
                    "popGroup10": 0.14425927248407905,
                    "popGroup11": 1.2142774435582575,
                    "popGroup12": 0.0,
                    "popGroup13": 0.0,
                    "popGroup14": 0.0,
                    "popGroup15": 0.0
                }
            },
            "61016": {
                "car": {
                    "popGroup2": 1.3141065167538168,
                    "popGroup4": 0.0,
                    "popGroup6": 0.0,
                    "popGroup10": 1.3440317472902013,
                    "popGroup12": 0.0,
                    "popGroup14": 0.0
                },
                "publicTransport": {
                    "popGroup0": 0.0,
                    "popGroup1": 0.0,
                    "popGroup2": 0.07258705116016013,
                    "popGroup3": 0.5492095794805729,
                    "popGroup4": 0.0,
                    "popGroup5": 0.0,
                    "popGroup6": 0.0,
                    "popGroup7": 0.0,
                    "popGroup8": 0.0,
                    "popGroup9": 0.0,
                    "popGroup10": 0.07424930816291841,
                    "popGroup11": 0.6247693815436156,
                    "popGroup12": 0.0,
                    "popGroup13": 0.0,
                    "popGroup14": 0.0,
                    "popGroup15": 0.0
                }
            },
            "61045": {
                "car": {
                    "popGroup2": 6.367665495925433,
                    "popGroup4": 0.0,
                    "popGroup6": 0.0,
                    "popGroup10": 6.5125037831101755,
                    "popGroup12": 0.0,
                    "popGroup14": 0.0
                },
                "publicTransport": {
                    "popGroup0": 0.0,
                    "popGroup1": 0.0,
                    "popGroup2": 0.3256296216659781,
                    "popGroup3": 2.4634143404633253,
                    "popGroup4": 0.0,
                    "popGroup5": 0.0,
                    "popGroup6": 0.0,
                    "popGroup7": 0.0,
                    "popGroup8": 0.0,
                    "popGroup9": 0.0,
                    "popGroup10": 0.333060183564804,
                    "popGroup11": 2.8028054930757897,
                    "popGroup12": 0.0,
                    "popGroup13": 0.0,
                    "popGroup14": 0.0,
                    "popGroup15": 0.0
                }
            },
            "61008": {
                "car": {
                    "popGroup2": 2.504699813579687,
                    "popGroup4": 0.0,
                    "popGroup6": 0.0,
                    "popGroup10": 2.5616931196103176,
                    "popGroup12": 0.0,
                    "popGroup14": 0.0
                },
                "publicTransport": {
                    "popGroup0": 0.0,
                    "popGroup1": 0.0,
                    "popGroup2": 0.16163082708200632,
                    "popGroup3": 1.2231072273866972,
                    "popGroup4": 0.0,
                    "popGroup5": 0.0,
                    "popGroup6": 0.0,
                    "popGroup7": 0.0,
                    "popGroup8": 0.0,
                    "popGroup9": 0.0,
                    "popGroup10": 0.1653334299644374,
                    "popGroup11": 1.3913658097200254,
                    "popGroup12": 0.0,
                    "popGroup13": 0.0,
                    "popGroup14": 0.0,
                    "popGroup15": 0.0
                }
            },
            "61050": {
                "car": {
                    "popGroup2": 2.8583877662310586,
                    "popGroup4": 0.0,
                    "popGroup6": 0.0,
                    "popGroup10": 2.9235921978672796,
                    "popGroup12": 0.0,
                    "popGroup14": 0.0
                },
                "publicTransport": {
                    "popGroup0": 0.0,
                    "popGroup1": 0.0,
                    "popGroup2": 0.16858791330639608,
                    "popGroup3": 1.2755718325031735,
                    "popGroup4": 0.0,
                    "popGroup5": 0.0,
                    "popGroup6": 0.0,
                    "popGroup7": 0.0,
                    "popGroup8": 0.0,
                    "popGroup9": 0.0,
                    "popGroup10": 0.17245008898457662,
                    "popGroup11": 1.4510364641070284,
                    "popGroup12": 0.0,
                    "popGroup13": 0.0,
                    "popGroup14": 0.0,
                    "popGroup15": 0.0
                }
            },
            "61049": {
                "car": {
                    "popGroup2": 2.2422429908303414,
                    "popGroup4": 0.0,
                    "popGroup6": 0.0,
                    "popGroup10": 2.2933601153955885,
                    "popGroup12": 0.0,
                    "popGroup14": 0.0
                },
                "publicTransport": {
                    "popGroup0": 0.0,
                    "popGroup1": 0.0,
                    "popGroup2": 0.1364417736255961,
                    "popGroup3": 1.0323094306861043,
                    "popGroup4": 0.0,
                    "popGroup5": 0.0,
                    "popGroup6": 0.0,
                    "popGroup7": 0.0,
                    "popGroup8": 0.0,
                    "popGroup9": 0.0,
                    "popGroup10": 0.13956413966335904,
                    "popGroup11": 1.1743726729600517,
                    "popGroup12": 0.0,
                    "popGroup13": 0.0,
                    "popGroup14": 0.0,
                    "popGroup15": 0.0
                }
            },
            "61058": {
                "car": {
                    "popGroup2": 5.45564391061578,
                    "popGroup4": 0.0,
                    "popGroup6": 0.0,
                    "popGroup10": 5.580062124500284,
                    "popGroup12": 0.0,
                    "popGroup14": 0.0
                },
                "publicTransport": {
                    "popGroup0": 0.0,
                    "popGroup1": 0.0,
                    "popGroup2": 0.34046599536888833,
                    "popGroup3": 2.576860434726933,
                    "popGroup4": 0.0,
                    "popGroup5": 0.0,
                    "popGroup6": 0.0,
                    "popGroup7": 0.0,
                    "popGroup8": 0.0,
                    "popGroup9": 0.0,
                    "popGroup10": 0.3483111418235333,
                    "popGroup11": 2.930513283710562,
                    "popGroup12": 0.0,
                    "popGroup13": 0.0,
                    "popGroup14": 0.0,
                    "popGroup15": 0.0
                }
            },
            "62347": {
                "car": {
                    "popGroup2": 0.6464900082846345,
                    "popGroup4": 0.0,
                    "popGroup6": 0.0,
                    "popGroup10": 0.6612512466453822,
                    "popGroup12": 0.0,
                    "popGroup14": 0.0
                },
                "publicTransport": {
                    "popGroup0": 0.0,
                    "popGroup1": 0.0,
                    "popGroup2": 0.03878179940751928,
                    "popGroup3": 0.293552992759687,
                    "popGroup4": 0.0,
                    "popGroup5": 0.0,
                    "popGroup6": 0.0,
                    "popGroup7": 0.0,
                    "popGroup8": 0.0,
                    "popGroup9": 0.0,
                    "popGroup10": 0.0396782353252441,
                    "popGroup11": 0.3337894028788322,
                    "popGroup12": 0.0,
                    "popGroup13": 0.0,
                    "popGroup14": 0.0,
                    "popGroup15": 0.0
                }
            }
        }
    }
}