{
    "Sum_Trips_per_Mode": {
        "work": {
            "60101": {
                "car": 509.65840963291987,
                "publicTransport": 169.44721902016042
            },
            "60669": {
                "car": 23.715301117361765,
                "publicTransport": 6.908849826267029
            },
            "60608": {
                "car": 11.009899788054646,
                "publicTransport": 3.441628628497823
            },
            "60611": {
                "car": 6.04837487827987,
                "publicTransport": 1.7691774021878737
            },
            "60670": {
                "car": 22.673790042828085,
                "publicTransport": 6.090923576219904
            },
            "60662": {
                "car": 5.006548656124888,
                "publicTransport": 1.4856490158286229
            },
            "60656": {
                "car": 5.419359017990252,
                "publicTransport": 1.5060342789439667
            },
            "60655": {
                "car": 7.800199765210539,
                "publicTransport": 2.6111641456613954
            },
            "60624": {
                "car": 17.980970536793496,
                "publicTransport": 5.6119206514940085
            },
            "60660": {
                "car": 5.774993161497461,
                "publicTransport": 1.5414051041178976
            },
            "60629": {
                "car": 8.567773677631788,
                "publicTransport": 2.227112905113734
            },
            "60618": {
                "car": 2.0403603978171887,
                "publicTransport": 0.533622228877848
            },
            "61059": {
                "car": 8.997331149544939,
                "publicTransport": 2.8524142444415177,
                "bicycle": 2.1360059209406286
            },
            "61001": {
                "car": 1.781386854008117,
                "publicTransport": 0.5403408200391742
            },
            "61055": {
                "car": 2.059231338827625,
                "publicTransport": 0.5968513947518672
            },
            "61021": {
                "car": 6.6148368174812635,
                "publicTransport": 2.366491922019002,
                "bicycle": 1.5782714697713813,
                "walk": 0.6219521700216586
            },
            "61017": {
                "car": 1.410335747655362,
                "publicTransport": 0.4141477536520439
            },
            "61020": {
                "car": 2.8615441951009135,
                "publicTransport": 0.8425467272451912,
                "bicycle": 0.6164402720799043
            },
            "61012": {
                "car": 5.142196036353308,
                "publicTransport": 1.470647718764917,
                "bicycle": 1.1831685413696067
            },
            "61043": {
                "car": 5.478998147572275,
                "publicTransport": 1.6382658012573303,
                "bicycle": 1.1033909849023433
            },
            "61053": {
                "car": 40.664606836653626,
                "publicTransport": 12.384012365097679,
                "bicycle": 8.636815215318114
            },
            "61027": {
                "car": 2.8380304135684744,
                "publicTransport": 0.850894217348713,
                "bicycle": 0.5556974286658434
            },
            "61016": {
                "car": 1.9105558815171264,
                "publicTransport": 0.5670719665598507
            },
            "61045": {
                "car": 9.42067125300829,
                "publicTransport": 2.7587110777707586
            },
            "61008": {
                "car": 3.3772627988709223,
                "publicTransport": 0.9949315062910773
            },
            "61050": {
                "car": 3.6509215387005343,
                "publicTransport": 1.4053096800720768
            },
            "61049": {
                "car": 3.5773550560255227,
                "publicTransport": 1.150144563017149
            },
            "61058": {
                "car": 8.444314876586922,
                "publicTransport": 2.3948962069690136
            },
            "62347": {
                "car": 1.0115155210096876,
                "publicTransport": 0.2777345355200292
            }
        }
    },
    "Trips_per_group": {
        "work": {
            "60101": {
                "car": {
                    "popGroup2": 271.3901498150508,
                    "popGroup4": 0.0,
                    "popGroup6": 0.0,
                    "popGroup10": 238.26825981786908,
                    "popGroup12": 0.0,
                    "popGroup14": 0.0
                },
                "publicTransport": {
                    "popGroup0": 0.0,
                    "popGroup1": 0.0,
                    "popGroup2": 20.928475283490137,
                    "popGroup3": 60.57323058775545,
                    "popGroup4": 0.0,
                    "popGroup5": 0.0,
                    "popGroup6": 0.0,
                    "popGroup7": 0.0,
                    "popGroup8": 0.0,
                    "popGroup9": 0.0,
                    "popGroup10": 18.375057249897413,
                    "popGroup11": 69.57045589901743,
                    "popGroup12": 0.0,
                    "popGroup13": 0.0,
                    "popGroup14": 0.0,
                    "popGroup15": 0.0
                }
            },
            "60669": {
                "car": {
                    "popGroup2": 12.628387541047228,
                    "popGroup4": 0.0,
                    "popGroup6": 0.0,
                    "popGroup10": 11.086913576314537,
                    "popGroup12": 0.0,
                    "popGroup14": 0.0
                },
                "publicTransport": {
                    "popGroup0": 0.0,
                    "popGroup1": 0.0,
                    "popGroup2": 0.8532929657396051,
                    "popGroup3": 2.4697686574787565,
                    "popGroup4": 0.0,
                    "popGroup5": 0.0,
                    "popGroup6": 0.0,
                    "popGroup7": 0.0,
                    "popGroup8": 0.0,
                    "popGroup9": 0.0,
                    "popGroup10": 0.7492039737082891,
                    "popGroup11": 2.836584229340379,
                    "popGroup12": 0.0,
                    "popGroup13": 0.0,
                    "popGroup14": 0.0,
                    "popGroup15": 0.0
                }
            },
            "60608": {
                "car": {
                    "popGroup2": 5.862766193856528,
                    "popGroup4": 0.0,
                    "popGroup6": 0.0,
                    "popGroup10": 5.147133594198118,
                    "popGroup12": 0.0,
                    "popGroup14": 0.0
                },
                "publicTransport": {
                    "popGroup0": 0.0,
                    "popGroup1": 0.0,
                    "popGroup2": 0.4250623208778416,
                    "popGroup3": 1.230342572180478,
                    "popGroup4": 0.0,
                    "popGroup5": 0.0,
                    "popGroup6": 0.0,
                    "popGroup7": 0.0,
                    "popGroup8": 0.0,
                    "popGroup9": 0.0,
                    "popGroup10": 0.37319550601769647,
                    "popGroup11": 1.4130282294218066,
                    "popGroup12": 0.0,
                    "popGroup13": 0.0,
                    "popGroup14": 0.0,
                    "popGroup15": 0.0
                }
            },
            "60611": {
                "car": {
                    "popGroup2": 3.2206908170946225,
                    "popGroup4": 0.0,
                    "popGroup6": 0.0,
                    "popGroup10": 2.8276840611852476,
                    "popGroup12": 0.0,
                    "popGroup14": 0.0
                },
                "publicTransport": {
                    "popGroup0": 0.0,
                    "popGroup1": 0.0,
                    "popGroup2": 0.2185003294829102,
                    "popGroup3": 0.6324379584553302,
                    "popGroup4": 0.0,
                    "popGroup5": 0.0,
                    "popGroup6": 0.0,
                    "popGroup7": 0.0,
                    "popGroup8": 0.0,
                    "popGroup9": 0.0,
                    "popGroup10": 0.19185501721559162,
                    "popGroup11": 0.7263840970340416,
                    "popGroup12": 0.0,
                    "popGroup13": 0.0,
                    "popGroup14": 0.0,
                    "popGroup15": 0.0
                }
            },
            "60670": {
                "car": {
                    "popGroup2": 12.073837551346804,
                    "popGroup4": 0.0,
                    "popGroup6": 0.0,
                    "popGroup10": 10.59995249148128,
                    "popGroup12": 0.0,
                    "popGroup14": 0.0
                },
                "publicTransport": {
                    "popGroup0": 0.0,
                    "popGroup1": 0.0,
                    "popGroup2": 0.7522511480077038,
                    "popGroup3": 2.1774185881546297,
                    "popGroup4": 0.0,
                    "popGroup5": 0.0,
                    "popGroup6": 0.0,
                    "popGroup7": 0.0,
                    "popGroup8": 0.0,
                    "popGroup9": 0.0,
                    "popGroup10": 0.6604840741519679,
                    "popGroup11": 2.500769765905603,
                    "popGroup12": 0.0,
                    "popGroup13": 0.0,
                    "popGroup14": 0.0,
                    "popGroup15": 0.0
                }
            },
            "60662": {
                "car": {
                    "popGroup2": 2.665988472453641,
                    "popGroup4": 0.0,
                    "popGroup6": 0.0,
                    "popGroup10": 2.3405601836712466,
                    "popGroup12": 0.0,
                    "popGroup14": 0.0
                },
                "publicTransport": {
                    "popGroup0": 0.0,
                    "popGroup1": 0.0,
                    "popGroup2": 0.1834788740958357,
                    "popGroup3": 0.5311167931862023,
                    "popGroup4": 0.0,
                    "popGroup5": 0.0,
                    "popGroup6": 0.0,
                    "popGroup7": 0.0,
                    "popGroup8": 0.0,
                    "popGroup9": 0.0,
                    "popGroup10": 0.16108941323392162,
                    "popGroup11": 0.6099639353126635,
                    "popGroup12": 0.0,
                    "popGroup13": 0.0,
                    "popGroup14": 0.0,
                    "popGroup15": 0.0
                }
            },
            "60656": {
                "car": {
                    "popGroup2": 2.8858808792419426,
                    "popGroup4": 0.0,
                    "popGroup6": 0.0,
                    "popGroup10": 2.5334781387483094,
                    "popGroup12": 0.0,
                    "popGroup14": 0.0
                },
                "publicTransport": {
                    "popGroup0": 0.0,
                    "popGroup1": 0.0,
                    "popGroup2": 0.18599704446045115,
                    "popGroup3": 0.5384164088969734,
                    "popGroup4": 0.0,
                    "popGroup5": 0.0,
                    "popGroup6": 0.0,
                    "popGroup7": 0.0,
                    "popGroup8": 0.0,
                    "popGroup9": 0.0,
                    "popGroup10": 0.1632931498436369,
                    "popGroup11": 0.6183276757429051,
                    "popGroup12": 0.0,
                    "popGroup13": 0.0,
                    "popGroup14": 0.0,
                    "popGroup15": 0.0
                }
            },
            "60655": {
                "car": {
                    "popGroup2": 4.1536657763849245,
                    "popGroup4": 0.0,
                    "popGroup6": 0.0,
                    "popGroup10": 3.646533988825614,
                    "popGroup12": 0.0,
                    "popGroup14": 0.0
                },
                "publicTransport": {
                    "popGroup0": 0.0,
                    "popGroup1": 0.0,
                    "popGroup2": 0.3224794599169808,
                    "popGroup3": 0.9335288141743193,
                    "popGroup4": 0.0,
                    "popGroup5": 0.0,
                    "popGroup6": 0.0,
                    "popGroup7": 0.0,
                    "popGroup8": 0.0,
                    "popGroup9": 0.0,
                    "popGroup10": 0.28310544937275306,
                    "popGroup11": 1.0720504221973424,
                    "popGroup12": 0.0,
                    "popGroup13": 0.0,
                    "popGroup14": 0.0,
                    "popGroup15": 0.0
                }
            },
            "60624": {
                "car": {
                    "popGroup2": 9.574998743146041,
                    "popGroup4": 0.0,
                    "popGroup6": 0.0,
                    "popGroup10": 8.405971793647455,
                    "popGroup12": 0.0,
                    "popGroup14": 0.0
                },
                "publicTransport": {
                    "popGroup0": 0.0,
                    "popGroup1": 0.0,
                    "popGroup2": 0.6930844033244069,
                    "popGroup3": 2.0062804445010145,
                    "popGroup4": 0.0,
                    "popGroup5": 0.0,
                    "popGroup6": 0.0,
                    "popGroup7": 0.0,
                    "popGroup8": 0.0,
                    "popGroup9": 0.0,
                    "popGroup10": 0.6084863219500665,
                    "popGroup11": 2.3040694817185208,
                    "popGroup12": 0.0,
                    "popGroup13": 0.0,
                    "popGroup14": 0.0,
                    "popGroup15": 0.0
                }
            },
            "60660": {
                "car": {
                    "popGroup2": 3.0752172097317616,
                    "popGroup4": 0.0,
                    "popGroup6": 0.0,
                    "popGroup10": 2.699775951765699,
                    "popGroup12": 0.0,
                    "popGroup14": 0.0
                },
                "publicTransport": {
                    "popGroup0": 0.0,
                    "popGroup1": 0.0,
                    "popGroup2": 0.19036761859456872,
                    "popGroup3": 0.5510424859172862,
                    "popGroup4": 0.0,
                    "popGroup5": 0.0,
                    "popGroup6": 0.0,
                    "popGroup7": 0.0,
                    "popGroup8": 0.0,
                    "popGroup9": 0.0,
                    "popGroup10": 0.16713918398919891,
                    "popGroup11": 0.6328558156168436,
                    "popGroup12": 0.0,
                    "popGroup13": 0.0,
                    "popGroup14": 0.0,
                    "popGroup15": 0.0
                }
            },
            "60629": {
                "car": {
                    "popGroup2": 4.562275694489106,
                    "popGroup4": 0.0,
                    "popGroup6": 0.0,
                    "popGroup10": 4.005497983142682,
                    "popGroup12": 0.0,
                    "popGroup14": 0.0
                },
                "publicTransport": {
                    "popGroup0": 0.0,
                    "popGroup1": 0.0,
                    "popGroup2": 0.27506172894198405,
                    "popGroup3": 0.79611958930812,
                    "popGroup4": 0.0,
                    "popGroup5": 0.0,
                    "popGroup6": 0.0,
                    "popGroup7": 0.0,
                    "popGroup8": 0.0,
                    "popGroup9": 0.0,
                    "popGroup10": 0.24152601189771342,
                    "popGroup11": 0.9144055749659166,
                    "popGroup12": 0.0,
                    "popGroup13": 0.0,
                    "popGroup14": 0.0,
                    "popGroup15": 0.0
                }
            },
            "60618": {
                "car": {
                    "popGroup2": 1.0864690958564103,
                    "popGroup4": 0.0,
                    "popGroup6": 0.0,
                    "popGroup10": 0.9538913019607783,
                    "popGroup12": 0.0,
                    "popGroup14": 0.0
                },
                "publicTransport": {
                    "popGroup0": 0.0,
                    "popGroup1": 0.0,
                    "popGroup2": 0.06590620057693397,
                    "popGroup3": 0.19074733873276287,
                    "popGroup4": 0.0,
                    "popGroup5": 0.0,
                    "popGroup6": 0.0,
                    "popGroup7": 0.0,
                    "popGroup8": 0.0,
                    "popGroup9": 0.0,
                    "popGroup10": 0.05787313277574803,
                    "popGroup11": 0.21909555679240328,
                    "popGroup12": 0.0,
                    "popGroup13": 0.0,
                    "popGroup14": 0.0,
                    "popGroup15": 0.0
                }
            },
            "61059": {
                "car": {
                    "popGroup2": 4.7912558802887935,
                    "popGroup4": 0.0,
                    "popGroup6": 0.0,
                    "popGroup10": 4.206075269256146,
                    "popGroup12": 0.0,
                    "popGroup14": 0.0
                },
                "publicTransport": {
                    "popGroup0": 0.0,
                    "popGroup1": 0.0,
                    "popGroup2": 0.3522666067577736,
                    "popGroup3": 1.0198149549857325,
                    "popGroup4": 0.0,
                    "popGroup5": 0.0,
                    "popGroup6": 0.0,
                    "popGroup7": 0.0,
                    "popGroup8": 0.0,
                    "popGroup9": 0.0,
                    "popGroup10": 0.309241567235178,
                    "popGroup11": 1.1710911154628336,
                    "popGroup12": 0.0,
                    "popGroup13": 0.0,
                    "popGroup14": 0.0,
                    "popGroup15": 0.0
                },
                "bicycle": {
                    "popGroup0": 0.0,
                    "popGroup1": 0.0,
                    "popGroup2": 0.2637943642021847,
                    "popGroup3": 0.763623606111308,
                    "popGroup4": 0.0,
                    "popGroup5": 0.0,
                    "popGroup6": 0.0,
                    "popGroup7": 0.0,
                    "popGroup8": 0.0,
                    "popGroup9": 0.0,
                    "popGroup10": 0.23160340405088584,
                    "popGroup11": 0.8769845465762502,
                    "popGroup12": 0.0,
                    "popGroup13": 0.0,
                    "popGroup14": 0.0,
                    "popGroup15": 0.0
                }
            },
            "61001": {
                "car": {
                    "popGroup2": 0.9486166157579028,
                    "popGroup4": 0.0,
                    "popGroup6": 0.0,
                    "popGroup10": 0.8327702382502142,
                    "popGroup12": 0.0,
                    "popGroup14": 0.0
                },
                "publicTransport": {
                    "popGroup0": 0.0,
                    "popGroup1": 0.0,
                    "popGroup2": 0.06673104437247128,
                    "popGroup3": 0.19318382802467263,
                    "popGroup4": 0.0,
                    "popGroup5": 0.0,
                    "popGroup6": 0.0,
                    "popGroup7": 0.0,
                    "popGroup8": 0.0,
                    "popGroup9": 0.0,
                    "popGroup10": 0.05858195618900831,
                    "popGroup11": 0.22184399145302203,
                    "popGroup12": 0.0,
                    "popGroup13": 0.0,
                    "popGroup14": 0.0,
                    "popGroup15": 0.0
                }
            },
            "61055": {
                "car": {
                    "popGroup2": 1.0965531375626882,
                    "popGroup4": 0.0,
                    "popGroup6": 0.0,
                    "popGroup10": 0.9626782012649369,
                    "popGroup12": 0.0,
                    "popGroup14": 0.0
                },
                "publicTransport": {
                    "popGroup0": 0.0,
                    "popGroup1": 0.0,
                    "popGroup2": 0.0737104909093174,
                    "popGroup3": 0.2133785365722833,
                    "popGroup4": 0.0,
                    "popGroup5": 0.0,
                    "popGroup6": 0.0,
                    "popGroup7": 0.0,
                    "popGroup8": 0.0,
                    "popGroup9": 0.0,
                    "popGroup10": 0.06471371027749077,
                    "popGroup11": 0.24504865699277575,
                    "popGroup12": 0.0,
                    "popGroup13": 0.0,
                    "popGroup14": 0.0,
                    "popGroup15": 0.0
                }
            },
            "61021": {
                "car": {
                    "popGroup2": 3.5224977727229203,
                    "popGroup4": 0.0,
                    "popGroup6": 0.0,
                    "popGroup10": 3.0923390447583436,
                    "popGroup12": 0.0,
                    "popGroup14": 0.0
                },
                "publicTransport": {
                    "popGroup0": 0.0,
                    "popGroup1": 0.0,
                    "popGroup2": 0.292254682728474,
                    "popGroup3": 0.846057770496452,
                    "popGroup4": 0.0,
                    "popGroup5": 0.0,
                    "popGroup6": 0.0,
                    "popGroup7": 0.0,
                    "popGroup8": 0.0,
                    "popGroup9": 0.0,
                    "popGroup10": 0.25657478414965634,
                    "popGroup11": 0.9716046846444195,
                    "popGroup12": 0.0,
                    "popGroup13": 0.0,
                    "popGroup14": 0.0,
                    "popGroup15": 0.0
                },
                "bicycle": {
                    "popGroup0": 0.0,
                    "popGroup1": 0.0,
                    "popGroup2": 0.1949259256063263,
                    "popGroup3": 0.5641447554810122,
                    "popGroup4": 0.0,
                    "popGroup5": 0.0,
                    "popGroup6": 0.0,
                    "popGroup7": 0.0,
                    "popGroup8": 0.0,
                    "popGroup9": 0.0,
                    "popGroup10": 0.171178914969305,
                    "popGroup11": 0.648021873714738,
                    "popGroup12": 0.0,
                    "popGroup13": 0.0,
                    "popGroup14": 0.0,
                    "popGroup15": 0.0
                },
                "walk": {
                    "popGroup0": 0.0,
                    "popGroup1": 0.0,
                    "popGroup2": 0.07682669717123843,
                    "popGroup3": 0.22221909301387527,
                    "popGroup4": 0.0,
                    "popGroup5": 0.0,
                    "popGroup6": 0.0,
                    "popGroup7": 0.0,
                    "popGroup8": 0.0,
                    "popGroup9": 0.0,
                    "popGroup10": 0.06750986600138162,
                    "popGroup11": 0.2553965138351632,
                    "popGroup12": 0.0,
                    "popGroup13": 0.0,
                    "popGroup14": 0.0,
                    "popGroup15": 0.0
                }
            },
            "61017": {
                "car": {
                    "popGroup2": 0.7510062103661208,
                    "popGroup4": 0.0,
                    "popGroup6": 0.0,
                    "popGroup10": 0.659329537289241,
                    "popGroup12": 0.0,
                    "popGroup14": 0.0
                },
                "publicTransport": {
                    "popGroup0": 0.0,
                    "popGroup1": 0.0,
                    "popGroup2": 0.051147279121099024,
                    "popGroup3": 0.1480574825354134,
                    "popGroup4": 0.0,
                    "popGroup5": 0.0,
                    "popGroup6": 0.0,
                    "popGroup7": 0.0,
                    "popGroup8": 0.0,
                    "popGroup9": 0.0,
                    "popGroup10": 0.044905858298835595,
                    "popGroup11": 0.17003713369669593,
                    "popGroup12": 0.0,
                    "popGroup13": 0.0,
                    "popGroup14": 0.0,
                    "popGroup15": 0.0
                }
            },
            "61020": {
                "car": {
                    "popGroup2": 1.523824755799927,
                    "popGroup4": 0.0,
                    "popGroup6": 0.0,
                    "popGroup10": 1.3377194393009868,
                    "popGroup12": 0.0,
                    "popGroup14": 0.0
                },
                "publicTransport": {
                    "popGroup0": 0.0,
                    "popGroup1": 0.0,
                    "popGroup2": 0.10405142658067668,
                    "popGroup3": 0.3012316432927746,
                    "popGroup4": 0.0,
                    "popGroup5": 0.0,
                    "popGroup6": 0.0,
                    "popGroup7": 0.0,
                    "popGroup8": 0.0,
                    "popGroup9": 0.0,
                    "popGroup10": 0.09134448088186872,
                    "popGroup11": 0.34591917648987125,
                    "popGroup12": 0.0,
                    "popGroup13": 0.0,
                    "popGroup14": 0.0,
                    "popGroup15": 0.0
                },
                "bicycle": {
                    "popGroup0": 0.0,
                    "popGroup1": 0.0,
                    "popGroup2": 0.07612969048809112,
                    "popGroup3": 0.2203778270945047,
                    "popGroup4": 0.0,
                    "popGroup5": 0.0,
                    "popGroup6": 0.0,
                    "popGroup7": 0.0,
                    "popGroup8": 0.0,
                    "popGroup9": 0.0,
                    "popGroup10": 0.06683954571852913,
                    "popGroup11": 0.2530932087787792,
                    "popGroup12": 0.0,
                    "popGroup13": 0.0,
                    "popGroup14": 0.0,
                    "popGroup15": 0.0
                }
            },
            "61012": {
                "car": {
                    "popGroup2": 2.7383086570559243,
                    "popGroup4": 0.0,
                    "popGroup6": 0.0,
                    "popGroup10": 2.4038873792973834,
                    "popGroup12": 0.0,
                    "popGroup14": 0.0
                },
                "publicTransport": {
                    "popGroup0": 0.0,
                    "popGroup1": 0.0,
                    "popGroup2": 0.1816264813587044,
                    "popGroup3": 0.5257896474833049,
                    "popGroup4": 0.0,
                    "popGroup5": 0.0,
                    "popGroup6": 0.0,
                    "popGroup7": 0.0,
                    "popGroup8": 0.0,
                    "popGroup9": 0.0,
                    "popGroup10": 0.15943912408697222,
                    "popGroup11": 0.6037924658359355,
                    "popGroup12": 0.0,
                    "popGroup13": 0.0,
                    "popGroup14": 0.0,
                    "popGroup15": 0.0
                },
                "bicycle": {
                    "popGroup0": 0.0,
                    "popGroup1": 0.0,
                    "popGroup2": 0.1461218142803996,
                    "popGroup3": 0.42296922348838095,
                    "popGroup4": 0.0,
                    "popGroup5": 0.0,
                    "popGroup6": 0.0,
                    "popGroup7": 0.0,
                    "popGroup8": 0.0,
                    "popGroup9": 0.0,
                    "popGroup10": 0.12829697362535397,
                    "popGroup11": 0.4857805299754721,
                    "popGroup12": 0.0,
                    "popGroup13": 0.0,
                    "popGroup14": 0.0,
                    "popGroup15": 0.0
                }
            },
            "61043": {
                "car": {
                    "popGroup2": 2.9176469153043882,
                    "popGroup4": 0.0,
                    "popGroup6": 0.0,
                    "popGroup10": 2.5613512322678864,
                    "popGroup12": 0.0,
                    "popGroup14": 0.0
                },
                "publicTransport": {
                    "popGroup0": 0.0,
                    "popGroup1": 0.0,
                    "popGroup2": 0.2023225008830784,
                    "popGroup3": 0.5857112214431781,
                    "popGroup4": 0.0,
                    "popGroup5": 0.0,
                    "popGroup6": 0.0,
                    "popGroup7": 0.0,
                    "popGroup8": 0.0,
                    "popGroup9": 0.0,
                    "popGroup10": 0.1776181885525453,
                    "popGroup11": 0.6726138903785286,
                    "popGroup12": 0.0,
                    "popGroup13": 0.0,
                    "popGroup14": 0.0,
                    "popGroup15": 0.0
                },
                "bicycle": {
                    "popGroup0": 0.0,
                    "popGroup1": 0.0,
                    "popGroup2": 0.13627112156345508,
                    "popGroup3": 0.3944348388064856,
                    "popGroup4": 0.0,
                    "popGroup5": 0.0,
                    "popGroup6": 0.0,
                    "popGroup7": 0.0,
                    "popGroup8": 0.0,
                    "popGroup9": 0.0,
                    "popGroup10": 0.11965461821304789,
                    "popGroup11": 0.45303040631935465,
                    "popGroup12": 0.0,
                    "popGroup13": 0.0,
                    "popGroup14": 0.0,
                    "popGroup15": 0.0
                }
            },
            "61053": {
                "car": {
                    "popGroup2": 21.65460915130294,
                    "popGroup4": 0.0,
                    "popGroup6": 0.0,
                    "popGroup10": 19.009997685350687,
                    "popGroup12": 0.0,
                    "popGroup14": 0.0
                },
                "publicTransport": {
                    "popGroup0": 0.0,
                    "popGroup1": 0.0,
                    "popGroup2": 1.5294074667687805,
                    "popGroup3": 4.427488684018849,
                    "popGroup4": 0.0,
                    "popGroup5": 0.0,
                    "popGroup6": 0.0,
                    "popGroup7": 0.0,
                    "popGroup8": 0.0,
                    "popGroup9": 0.0,
                    "popGroup10": 1.3426728311375635,
                    "popGroup11": 5.084443383172484,
                    "popGroup12": 0.0,
                    "popGroup13": 0.0,
                    "popGroup14": 0.0,
                    "popGroup15": 0.0
                },
                "bicycle": {
                    "popGroup0": 0.0,
                    "popGroup1": 0.0,
                    "popGroup2": 1.0666837858233866,
                    "popGroup3": 3.087427900274866,
                    "popGroup4": 0.0,
                    "popGroup5": 0.0,
                    "popGroup6": 0.0,
                    "popGroup7": 0.0,
                    "popGroup8": 0.0,
                    "popGroup9": 0.0,
                    "popGroup10": 0.9366123854305608,
                    "popGroup11": 3.546091143789301,
                    "popGroup12": 0.0,
                    "popGroup13": 0.0,
                    "popGroup14": 0.0,
                    "popGroup15": 0.0
                }
            },
            "61027": {
                "car": {
                    "popGroup2": 1.5112919258448705,
                    "popGroup4": 0.0,
                    "popGroup6": 0.0,
                    "popGroup10": 1.3267384877236037,
                    "popGroup12": 0.0,
                    "popGroup14": 0.0
                },
                "publicTransport": {
                    "popGroup0": 0.0,
                    "popGroup1": 0.0,
                    "popGroup2": 0.10508279213230634,
                    "popGroup3": 0.30421119288416554,
                    "popGroup4": 0.0,
                    "popGroup5": 0.0,
                    "popGroup6": 0.0,
                    "popGroup7": 0.0,
                    "popGroup8": 0.0,
                    "popGroup9": 0.0,
                    "popGroup10": 0.09225225986671559,
                    "popGroup11": 0.3493479724655255,
                    "popGroup12": 0.0,
                    "popGroup13": 0.0,
                    "popGroup14": 0.0,
                    "popGroup15": 0.0
                },
                "bicycle": {
                    "popGroup0": 0.0,
                    "popGroup1": 0.0,
                    "popGroup2": 0.06862980837289033,
                    "popGroup3": 0.1986480120828518,
                    "popGroup4": 0.0,
                    "popGroup5": 0.0,
                    "popGroup6": 0.0,
                    "popGroup7": 0.0,
                    "popGroup8": 0.0,
                    "popGroup9": 0.0,
                    "popGroup10": 0.0602612895870894,
                    "popGroup11": 0.22815831862301178,
                    "popGroup12": 0.0,
                    "popGroup13": 0.0,
                    "popGroup14": 0.0,
                    "popGroup15": 0.0
                }
            },
            "61016": {
                "car": {
                    "popGroup2": 1.0173675982269044,
                    "popGroup4": 0.0,
                    "popGroup6": 0.0,
                    "popGroup10": 0.8931882832902219,
                    "popGroup12": 0.0,
                    "popGroup14": 0.0
                },
                "publicTransport": {
                    "popGroup0": 0.0,
                    "popGroup1": 0.0,
                    "popGroup2": 0.0700342637335743,
                    "popGroup3": 0.20272353030913554,
                    "popGroup4": 0.0,
                    "popGroup5": 0.0,
                    "popGroup6": 0.0,
                    "popGroup7": 0.0,
                    "popGroup8": 0.0,
                    "popGroup9": 0.0,
                    "popGroup10": 0.06148982742618865,
                    "popGroup11": 0.2328243450909523,
                    "popGroup12": 0.0,
                    "popGroup13": 0.0,
                    "popGroup14": 0.0,
                    "popGroup15": 0.0
                }
            },
            "61045": {
                "car": {
                    "popGroup2": 5.016619957373878,
                    "popGroup4": 0.0,
                    "popGroup6": 0.0,
                    "popGroup10": 4.404051295634412,
                    "popGroup12": 0.0,
                    "popGroup14": 0.0
                },
                "publicTransport": {
                    "popGroup0": 0.0,
                    "popGroup1": 0.0,
                    "popGroup2": 0.34070437647266966,
                    "popGroup3": 0.9862589517113168,
                    "popGroup4": 0.0,
                    "popGroup5": 0.0,
                    "popGroup6": 0.0,
                    "popGroup7": 0.0,
                    "popGroup8": 0.0,
                    "popGroup9": 0.0,
                    "popGroup10": 0.2991139799728839,
                    "popGroup11": 1.132633769613888,
                    "popGroup12": 0.0,
                    "popGroup13": 0.0,
                    "popGroup14": 0.0,
                    "popGroup15": 0.0
                }
            },
            "61008": {
                "car": {
                    "popGroup2": 1.7983922776307655,
                    "popGroup4": 0.0,
                    "popGroup6": 0.0,
                    "popGroup10": 1.578870521240157,
                    "popGroup12": 0.0,
                    "popGroup14": 0.0
                },
                "publicTransport": {
                    "popGroup0": 0.0,
                    "popGroup1": 0.0,
                    "popGroup2": 0.12287437276105648,
                    "popGroup3": 0.3556839181145879,
                    "popGroup4": 0.0,
                    "popGroup5": 0.0,
                    "popGroup6": 0.0,
                    "popGroup7": 0.0,
                    "popGroup8": 0.0,
                    "popGroup9": 0.0,
                    "popGroup10": 0.10788188039064314,
                    "popGroup11": 0.4084913350247897,
                    "popGroup12": 0.0,
                    "popGroup13": 0.0,
                    "popGroup14": 0.0,
                    "popGroup15": 0.0
                }
            },
            "61050": {
                "car": {
                    "popGroup2": 1.9440282035567993,
                    "popGroup4": 0.0,
                    "popGroup6": 0.0,
                    "popGroup10": 1.7068933351437352,
                    "popGroup12": 0.0,
                    "popGroup14": 0.0
                },
                "publicTransport": {
                    "popGroup0": 0.0,
                    "popGroup1": 0.0,
                    "popGroup2": 0.17355877079616155,
                    "popGroup3": 0.5023852135234428,
                    "popGroup4": 0.0,
                    "popGroup5": 0.0,
                    "popGroup6": 0.0,
                    "popGroup7": 0.0,
                    "popGroup8": 0.0,
                    "popGroup9": 0.0,
                    "popGroup10": 0.1523840983494555,
                    "popGroup11": 0.5769815974030171,
                    "popGroup12": 0.0,
                    "popGroup13": 0.0,
                    "popGroup14": 0.0,
                    "popGroup15": 0.0
                }
            },
            "61049": {
                "car": {
                    "popGroup2": 1.9049349185597373,
                    "popGroup4": 0.0,
                    "popGroup6": 0.0,
                    "popGroup10": 1.6724201374657852,
                    "popGroup12": 0.0,
                    "popGroup14": 0.0
                },
                "publicTransport": {
                    "popGroup0": 0.0,
                    "popGroup1": 0.0,
                    "popGroup2": 0.14204411385628912,
                    "popGroup3": 0.411172777712263,
                    "popGroup4": 0.0,
                    "popGroup5": 0.0,
                    "popGroup6": 0.0,
                    "popGroup7": 0.0,
                    "popGroup8": 0.0,
                    "popGroup9": 0.0,
                    "popGroup10": 0.12471149807850121,
                    "popGroup11": 0.4722161733700957,
                    "popGroup12": 0.0,
                    "popGroup13": 0.0,
                    "popGroup14": 0.0,
                    "popGroup15": 0.0
                }
            },
            "61058": {
                "car": {
                    "popGroup2": 4.496644056597939,
                    "popGroup4": 0.0,
                    "popGroup6": 0.0,
                    "popGroup10": 3.9476708199889843,
                    "popGroup12": 0.0,
                    "popGroup14": 0.0
                },
                "publicTransport": {
                    "popGroup0": 0.0,
                    "popGroup1": 0.0,
                    "popGroup2": 0.2957756705303849,
                    "popGroup3": 0.8561429797835896,
                    "popGroup4": 0.0,
                    "popGroup5": 0.0,
                    "popGroup6": 0.0,
                    "popGroup7": 0.0,
                    "popGroup8": 0.0,
                    "popGroup9": 0.0,
                    "popGroup10": 0.2596952039887207,
                    "popGroup11": 0.9832823526663181,
                    "popGroup12": 0.0,
                    "popGroup13": 0.0,
                    "popGroup14": 0.0,
                    "popGroup15": 0.0
                }
            },
            "62347": {
                "car": {
                    "popGroup2": 0.5386303167495187,
                    "popGroup4": 0.0,
                    "popGroup6": 0.0,
                    "popGroup10": 0.4728852042601688,
                    "popGroup12": 0.0,
                    "popGroup14": 0.0
                },
                "publicTransport": {
                    "popGroup0": 0.0,
                    "popGroup1": 0.0,
                    "popGroup2": 0.034301456029188646,
                    "popGroup3": 0.09928225003538195,
                    "popGroup4": 0.0,
                    "popGroup5": 0.0,
                    "popGroup6": 0.0,
                    "popGroup7": 0.0,
                    "popGroup8": 0.0,
                    "popGroup9": 0.0,
                    "popGroup10": 0.03011900758226381,
                    "popGroup11": 0.11403182187319476,
                    "popGroup12": 0.0,
                    "popGroup13": 0.0,
                    "popGroup14": 0.0,
                    "popGroup15": 0.0
                }
            }
        }
    }
}