{
    "Sum_Trips_per_Mode": {
        "work": {
            "60101": {
                "car": 1391.5817801021794,
                "publicTransport": 251.37543003376038
            },
            "60669": {
                "car": 64.1450411600503,
                "publicTransport": 11.948380846199695
            },
            "60608": {
                "car": 29.196528159237083,
                "publicTransport": 4.177295934652759
            },
            "60611": {
                "car": 19.858965452823632,
                "publicTransport": 15.788059940224782,
                "bicycle": 10.246490535000632
            },
            "60670": {
                "car": 58.463917898898295,
                "publicTransport": 41.31796801264973
            },
            "60662": {
                "car": 9.407622961774951,
                "publicTransport": 8.835060753858475,
                "bicycle": 5.8935900370170735,
                "walk": 2.3235700711174974
            },
            "60656": {
                "car": 12.432509004033644,
                "publicTransport": 8.549489722998974
            },
            "60655": {
                "car": 17.276840997432693,
                "publicTransport": 10.0980077409952
            },
            "60624": {
                "car": 52.07453560051697,
                "publicTransport": 31.854842837998802,
                "bicycle": 32.99430113840213
            },
            "60660": {
                "car": 13.03156813571136,
                "publicTransport": 9.044807162269459
            },
            "60629": {
                "car": 19.564823418281065,
                "publicTransport": 13.703284269845213
            },
            "60618": {
                "car": 5.285751723321178,
                "publicTransport": 3.824682122883317
            },
            "61059": {
                "car": 16.797873670912082,
                "publicTransport": 12.619744622081463
            },
            "61001": {
                "car": 3.6381995343574163,
                "publicTransport": 2.819068335755436,
                "bicycle": 1.6794670909681522
            },
            "61055": {
                "car": 3.7177103543350287,
                "publicTransport": 2.8563474526766677
            },
            "61021": {
                "car": 15.01729229172638,
                "publicTransport": 7.473067280076847
            },
            "61017": {
                "car": 2.45149397164773,
                "publicTransport": 1.831118434266655
            },
            "61020": {
                "car": 3.718834189845306,
                "publicTransport": 2.00910166975455
            },
            "61012": {
                "car": 7.357698137456257,
                "publicTransport": 4.0732198584138715
            },
            "61043": {
                "car": 7.348963109044657,
                "publicTransport": 4.161993848968349
            },
            "61053": {
                "car": 52.141234788741926,
                "publicTransport": 29.46306018780742
            },
            "61027": {
                "car": 4.074230794350338,
                "publicTransport": 3.0404361957586015
            },
            "61016": {
                "car": 2.5060761922940467,
                "publicTransport": 1.537661704338897
            },
            "61045": {
                "car": 12.140831354755022,
                "publicTransport": 6.883347415396502
            },
            "61008": {
                "car": 4.773852736744941,
                "publicTransport": 3.485846729985954
            },
            "61050": {
                "car": 5.448633386437592,
                "publicTransport": 3.5870300446867143
            },
            "61049": {
                "car": 4.2741989936710585,
                "publicTransport": 2.8963751439391037
            },
            "61058": {
                "car": 10.398492174330908,
                "publicTransport": 7.345317927430283
            },
            "62347": {
                "car": 1.2322098697500814,
                "publicTransport": 0.8368143798761638
            }
        }
    },
    "Trips_per_group": {
        "work": {
            "60101": {
                "car": {
                    "popGroup2": 688.6854275535378,
                    "popGroup4": 0.0,
                    "popGroup6": 0.0,
                    "popGroup10": 702.8963525486415,
                    "popGroup12": 0.0,
                    "popGroup14": 0.0
                },
                "publicTransport": {
                    "popGroup0": 0.0,
                    "popGroup1": 0.0,
                    "popGroup2": 11.119983072769518,
                    "popGroup3": 110.03725596730521,
                    "popGroup4": 0.0,
                    "popGroup5": 0.0,
                    "popGroup6": 0.0,
                    "popGroup7": 0.0,
                    "popGroup8": 0.0,
                    "popGroup9": 0.0,
                    "popGroup10": 11.349666832091387,
                    "popGroup11": 118.86852416159428,
                    "popGroup12": 0.0,
                    "popGroup13": 0.0,
                    "popGroup14": 0.0,
                    "popGroup15": 0.0
                }
            },
            "60669": {
                "car": {
                    "popGroup2": 31.745036211826307,
                    "popGroup4": 0.0,
                    "popGroup6": 0.0,
                    "popGroup10": 32.400004948223994,
                    "popGroup12": 0.0,
                    "popGroup14": 0.0
                },
                "publicTransport": {
                    "popGroup0": 0.0,
                    "popGroup1": 0.0,
                    "popGroup2": 0.5263203579114418,
                    "popGroup3": 5.232478414554275,
                    "popGroup4": 0.0,
                    "popGroup5": 0.0,
                    "popGroup6": 0.0,
                    "popGroup7": 0.0,
                    "popGroup8": 0.0,
                    "popGroup9": 0.0,
                    "popGroup10": 0.5371854470727623,
                    "popGroup11": 5.652396626661217,
                    "popGroup12": 0.0,
                    "popGroup13": 0.0,
                    "popGroup14": 0.0,
                    "popGroup15": 0.0
                }
            },
            "60608": {
                "car": {
                    "popGroup2": 14.449230503396318,
                    "popGroup4": 0.0,
                    "popGroup6": 0.0,
                    "popGroup10": 14.747297655840764,
                    "popGroup12": 0.0,
                    "popGroup14": 0.0
                },
                "publicTransport": {
                    "popGroup0": 0.0,
                    "popGroup1": 0.0,
                    "popGroup2": 0.18539829200537783,
                    "popGroup3": 1.8279861462477558,
                    "popGroup4": 0.0,
                    "popGroup5": 0.0,
                    "popGroup6": 0.0,
                    "popGroup7": 0.0,
                    "popGroup8": 0.0,
                    "popGroup9": 0.0,
                    "popGroup10": 0.18922734367890462,
                    "popGroup11": 1.9746841527207202,
                    "popGroup12": 0.0,
                    "popGroup13": 0.0,
                    "popGroup14": 0.0,
                    "popGroup15": 0.0
                }
            },
            "60611": {
                "car": {
                    "popGroup2": 9.828116699734052,
                    "popGroup4": 0.0,
                    "popGroup6": 0.0,
                    "popGroup10": 10.03084875308958,
                    "popGroup12": 0.0,
                    "popGroup14": 0.0
                },
                "publicTransport": {
                    "popGroup0": 0.0,
                    "popGroup1": 0.0,
                    "popGroup2": 0.690276987665106,
                    "popGroup3": 6.918972500921124,
                    "popGroup4": 0.0,
                    "popGroup5": 0.0,
                    "popGroup6": 0.0,
                    "popGroup7": 0.0,
                    "popGroup8": 0.0,
                    "popGroup9": 0.0,
                    "popGroup10": 0.7045176839324316,
                    "popGroup11": 7.474292767706119,
                    "popGroup12": 0.0,
                    "popGroup13": 0.0,
                    "popGroup14": 0.0,
                    "popGroup15": 0.0
                },
                "bicycle": {
                    "popGroup0": 0.0,
                    "popGroup1": 0.0,
                    "popGroup2": 0.4479594915672903,
                    "popGroup3": 4.490340866964743,
                    "popGroup4": 0.0,
                    "popGroup5": 0.0,
                    "popGroup6": 0.0,
                    "popGroup7": 0.0,
                    "popGroup8": 0.0,
                    "popGroup9": 0.0,
                    "popGroup10": 0.45721304785619477,
                    "popGroup11": 4.850977128612403,
                    "popGroup12": 0.0,
                    "popGroup13": 0.0,
                    "popGroup14": 0.0,
                    "popGroup15": 0.0
                }
            },
            "60670": {
                "car": {
                    "popGroup2": 28.933492849691937,
                    "popGroup4": 0.0,
                    "popGroup6": 0.0,
                    "popGroup10": 29.530425049206357,
                    "popGroup12": 0.0,
                    "popGroup14": 0.0
                },
                "publicTransport": {
                    "popGroup0": 0.0,
                    "popGroup1": 0.0,
                    "popGroup2": 1.806506659849439,
                    "popGroup3": 18.107127598558034,
                    "popGroup4": 0.0,
                    "popGroup5": 0.0,
                    "popGroup6": 0.0,
                    "popGroup7": 0.0,
                    "popGroup8": 0.0,
                    "popGroup9": 0.0,
                    "popGroup10": 1.843781222627875,
                    "popGroup11": 19.56055253161438,
                    "popGroup12": 0.0,
                    "popGroup13": 0.0,
                    "popGroup14": 0.0,
                    "popGroup15": 0.0
                }
            },
            "60662": {
                "car": {
                    "popGroup2": 4.6557926321843865,
                    "popGroup4": 0.0,
                    "popGroup6": 0.0,
                    "popGroup10": 4.751830329590565,
                    "popGroup12": 0.0,
                    "popGroup14": 0.0
                },
                "publicTransport": {
                    "popGroup0": 0.0,
                    "popGroup1": 0.0,
                    "popGroup2": 0.3862826072020523,
                    "popGroup3": 3.871873757478634,
                    "popGroup4": 0.0,
                    "popGroup5": 0.0,
                    "popGroup6": 0.0,
                    "popGroup7": 0.0,
                    "popGroup8": 0.0,
                    "popGroup9": 0.0,
                    "popGroup10": 0.39425274086936857,
                    "popGroup11": 4.18265164830842,
                    "popGroup12": 0.0,
                    "popGroup13": 0.0,
                    "popGroup14": 0.0,
                    "popGroup15": 0.0
                },
                "bicycle": {
                    "popGroup0": 0.0,
                    "popGroup1": 0.0,
                    "popGroup2": 0.25764364577099846,
                    "popGroup3": 2.582726748315576,
                    "popGroup4": 0.0,
                    "popGroup5": 0.0,
                    "popGroup6": 0.0,
                    "popGroup7": 0.0,
                    "popGroup8": 0.0,
                    "popGroup9": 0.0,
                    "popGroup10": 0.2629705181843918,
                    "popGroup11": 2.790249124746108,
                    "popGroup12": 0.0,
                    "popGroup13": 0.0,
                    "popGroup14": 0.0,
                    "popGroup15": 0.0
                },
                "walk": {
                    "popGroup0": 0.0,
                    "popGroup1": 0.0,
                    "popGroup2": 0.10154888799877643,
                    "popGroup3": 1.018183926805862,
                    "popGroup4": 0.0,
                    "popGroup5": 0.0,
                    "popGroup6": 0.0,
                    "popGroup7": 0.0,
                    "popGroup8": 0.0,
                    "popGroup9": 0.0,
                    "popGroup10": 0.10365767457306961,
                    "popGroup11": 1.1001795817397895,
                    "popGroup12": 0.0,
                    "popGroup13": 0.0,
                    "popGroup14": 0.0,
                    "popGroup15": 0.0
                }
            },
            "60656": {
                "car": {
                    "popGroup2": 6.152788252933394,
                    "popGroup4": 0.0,
                    "popGroup6": 0.0,
                    "popGroup10": 6.27972075110025,
                    "popGroup12": 0.0,
                    "popGroup14": 0.0
                },
                "publicTransport": {
                    "popGroup0": 0.0,
                    "popGroup1": 0.0,
                    "popGroup2": 0.3738029146338162,
                    "popGroup3": 3.7467220861654837,
                    "popGroup4": 0.0,
                    "popGroup5": 0.0,
                    "popGroup6": 0.0,
                    "popGroup7": 0.0,
                    "popGroup8": 0.0,
                    "popGroup9": 0.0,
                    "popGroup10": 0.38151503635788875,
                    "popGroup11": 4.047449685841785,
                    "popGroup12": 0.0,
                    "popGroup13": 0.0,
                    "popGroup14": 0.0,
                    "popGroup15": 0.0
                }
            },
            "60655": {
                "car": {
                    "popGroup2": 8.550233845834752,
                    "popGroup4": 0.0,
                    "popGroup6": 0.0,
                    "popGroup10": 8.726607151597943,
                    "popGroup12": 0.0,
                    "popGroup14": 0.0
                },
                "publicTransport": {
                    "popGroup0": 0.0,
                    "popGroup1": 0.0,
                    "popGroup2": 0.44158235938545404,
                    "popGroup3": 4.425291298173607,
                    "popGroup4": 0.0,
                    "popGroup5": 0.0,
                    "popGroup6": 0.0,
                    "popGroup7": 0.0,
                    "popGroup8": 0.0,
                    "popGroup9": 0.0,
                    "popGroup10": 0.4506897000144595,
                    "popGroup11": 4.78044438342168,
                    "popGroup12": 0.0,
                    "popGroup13": 0.0,
                    "popGroup14": 0.0,
                    "popGroup15": 0.0
                }
            },
            "60624": {
                "car": {
                    "popGroup2": 25.771511020395142,
                    "popGroup4": 0.0,
                    "popGroup6": 0.0,
                    "popGroup10": 26.303024580121825,
                    "popGroup12": 0.0,
                    "popGroup14": 0.0
                },
                "publicTransport": {
                    "popGroup0": 0.0,
                    "popGroup1": 0.0,
                    "popGroup2": 1.3928667226809894,
                    "popGroup3": 13.960061892066978,
                    "popGroup4": 0.0,
                    "popGroup5": 0.0,
                    "popGroup6": 0.0,
                    "popGroup7": 0.0,
                    "popGroup8": 0.0,
                    "popGroup9": 0.0,
                    "popGroup10": 1.4215904957303087,
                    "popGroup11": 15.080323727520526,
                    "popGroup12": 0.0,
                    "popGroup13": 0.0,
                    "popGroup14": 0.0,
                    "popGroup15": 0.0
                },
                "bicycle": {
                    "popGroup0": 0.0,
                    "popGroup1": 0.0,
                    "popGroup2": 1.4425513971465247,
                    "popGroup3": 14.45938502699769,
                    "popGroup4": 0.0,
                    "popGroup5": 0.0,
                    "popGroup6": 0.0,
                    "popGroup7": 0.0,
                    "popGroup8": 0.0,
                    "popGroup9": 0.0,
                    "popGroup10": 1.4723189768090126,
                    "popGroup11": 15.620045737448901,
                    "popGroup12": 0.0,
                    "popGroup13": 0.0,
                    "popGroup14": 0.0,
                    "popGroup15": 0.0
                }
            },
            "60660": {
                "car": {
                    "popGroup2": 6.449244617585954,
                    "popGroup4": 0.0,
                    "popGroup6": 0.0,
                    "popGroup10": 6.582323518125406,
                    "popGroup12": 0.0,
                    "popGroup14": 0.0
                },
                "publicTransport": {
                    "popGroup0": 0.0,
                    "popGroup1": 0.0,
                    "popGroup2": 0.39544924900940376,
                    "popGroup3": 3.9637700550239745,
                    "popGroup4": 0.0,
                    "popGroup5": 0.0,
                    "popGroup6": 0.0,
                    "popGroup7": 0.0,
                    "popGroup8": 0.0,
                    "popGroup9": 0.0,
                    "popGroup10": 0.40361097300576004,
                    "popGroup11": 4.28197688523032,
                    "popGroup12": 0.0,
                    "popGroup13": 0.0,
                    "popGroup14": 0.0,
                    "popGroup15": 0.0
                }
            },
            "60629": {
                "car": {
                    "popGroup2": 9.682480070090929,
                    "popGroup4": 0.0,
                    "popGroup6": 0.0,
                    "popGroup10": 9.882343348190135,
                    "popGroup12": 0.0,
                    "popGroup14": 0.0
                },
                "publicTransport": {
                    "popGroup0": 0.0,
                    "popGroup1": 0.0,
                    "popGroup2": 0.5991082217610697,
                    "popGroup3": 6.005224392964766,
                    "popGroup4": 0.0,
                    "popGroup5": 0.0,
                    "popGroup6": 0.0,
                    "popGroup7": 0.0,
                    "popGroup8": 0.0,
                    "popGroup9": 0.0,
                    "popGroup10": 0.6114809384099007,
                    "popGroup11": 6.487470716709475,
                    "popGroup12": 0.0,
                    "popGroup13": 0.0,
                    "popGroup14": 0.0,
                    "popGroup15": 0.0
                }
            },
            "60618": {
                "car": {
                    "popGroup2": 2.6158806012652227,
                    "popGroup4": 0.0,
                    "popGroup6": 0.0,
                    "popGroup10": 2.6698711220559552,
                    "popGroup12": 0.0,
                    "popGroup14": 0.0
                },
                "publicTransport": {
                    "popGroup0": 0.0,
                    "popGroup1": 0.0,
                    "popGroup2": 0.1672150872058301,
                    "popGroup3": 1.6761059817809034,
                    "popGroup4": 0.0,
                    "popGroup5": 0.0,
                    "popGroup6": 0.0,
                    "popGroup7": 0.0,
                    "popGroup8": 0.0,
                    "popGroup9": 0.0,
                    "popGroup10": 0.17066784447735778,
                    "popGroup11": 1.8106932094192258,
                    "popGroup12": 0.0,
                    "popGroup13": 0.0,
                    "popGroup14": 0.0,
                    "popGroup15": 0.0
                }
            },
            "61059": {
                "car": {
                    "popGroup2": 8.313176662248392,
                    "popGroup4": 0.0,
                    "popGroup6": 0.0,
                    "popGroup10": 8.484697008663693,
                    "popGroup12": 0.0,
                    "popGroup14": 0.0
                },
                "publicTransport": {
                    "popGroup0": 0.0,
                    "popGroup1": 0.0,
                    "popGroup2": 0.5517443159321143,
                    "popGroup3": 5.53045961519806,
                    "popGroup4": 0.0,
                    "popGroup5": 0.0,
                    "popGroup6": 0.0,
                    "popGroup7": 0.0,
                    "popGroup8": 0.0,
                    "popGroup9": 0.0,
                    "popGroup10": 0.5631307410811284,
                    "popGroup11": 5.974409949870161,
                    "popGroup12": 0.0,
                    "popGroup13": 0.0,
                    "popGroup14": 0.0,
                    "popGroup15": 0.0
                }
            },
            "61001": {
                "car": {
                    "popGroup2": 1.8005273625221099,
                    "popGroup4": 0.0,
                    "popGroup6": 0.0,
                    "popGroup10": 1.8376721718353062,
                    "popGroup12": 0.0,
                    "popGroup14": 0.0
                },
                "publicTransport": {
                    "popGroup0": 0.0,
                    "popGroup1": 0.0,
                    "popGroup2": 0.12325264794824076,
                    "popGroup3": 1.235427970960419,
                    "popGroup4": 0.0,
                    "popGroup5": 0.0,
                    "popGroup6": 0.0,
                    "popGroup7": 0.0,
                    "popGroup8": 0.0,
                    "popGroup9": 0.0,
                    "popGroup10": 0.1257958131477568,
                    "popGroup11": 1.3345919036990195,
                    "popGroup12": 0.0,
                    "popGroup13": 0.0,
                    "popGroup14": 0.0,
                    "popGroup15": 0.0
                },
                "bicycle": {
                    "popGroup0": 0.0,
                    "popGroup1": 0.0,
                    "popGroup2": 0.07341943052565167,
                    "popGroup3": 0.7359868181388791,
                    "popGroup4": 0.0,
                    "popGroup5": 0.0,
                    "popGroup6": 0.0,
                    "popGroup7": 0.0,
                    "popGroup8": 0.0,
                    "popGroup9": 0.0,
                    "popGroup10": 0.0749374029091886,
                    "popGroup11": 0.7951234393944328,
                    "popGroup12": 0.0,
                    "popGroup13": 0.0,
                    "popGroup14": 0.0,
                    "popGroup15": 0.0
                }
            },
            "61055": {
                "car": {
                    "popGroup2": 1.8398703954542157,
                    "popGroup4": 0.0,
                    "popGroup6": 0.0,
                    "popGroup10": 1.877839958880813,
                    "popGroup12": 0.0,
                    "popGroup14": 0.0
                },
                "publicTransport": {
                    "popGroup0": 0.0,
                    "popGroup1": 0.0,
                    "popGroup2": 0.12487803694153327,
                    "popGroup3": 1.2517539693276905,
                    "popGroup4": 0.0,
                    "popGroup5": 0.0,
                    "popGroup6": 0.0,
                    "popGroup7": 0.0,
                    "popGroup8": 0.0,
                    "popGroup9": 0.0,
                    "popGroup10": 0.12745628365256345,
                    "popGroup11": 1.3522591627548806,
                    "popGroup12": 0.0,
                    "popGroup13": 0.0,
                    "popGroup14": 0.0,
                    "popGroup15": 0.0
                }
            },
            "61021": {
                "car": {
                    "popGroup2": 7.4319616894271086,
                    "popGroup4": 0.0,
                    "popGroup6": 0.0,
                    "popGroup10": 7.585330602299271,
                    "popGroup12": 0.0,
                    "popGroup14": 0.0
                },
                "publicTransport": {
                    "popGroup0": 0.0,
                    "popGroup1": 0.0,
                    "popGroup2": 0.3268077110872453,
                    "popGroup3": 3.274914796789281,
                    "popGroup4": 0.0,
                    "popGroup5": 0.0,
                    "popGroup6": 0.0,
                    "popGroup7": 0.0,
                    "popGroup8": 0.0,
                    "popGroup9": 0.0,
                    "popGroup10": 0.3335494775137404,
                    "popGroup11": 3.537795294686581,
                    "popGroup12": 0.0,
                    "popGroup13": 0.0,
                    "popGroup14": 0.0,
                    "popGroup15": 0.0
                }
            },
            "61017": {
                "car": {
                    "popGroup2": 1.2132261123534906,
                    "popGroup4": 0.0,
                    "popGroup6": 0.0,
                    "popGroup10": 1.2382678592942393,
                    "popGroup12": 0.0,
                    "popGroup14": 0.0
                },
                "publicTransport": {
                    "popGroup0": 0.0,
                    "popGroup1": 0.0,
                    "popGroup2": 0.0800544455045735,
                    "popGroup3": 0.8024578244295544,
                    "popGroup4": 0.0,
                    "popGroup5": 0.0,
                    "popGroup6": 0.0,
                    "popGroup7": 0.0,
                    "popGroup8": 0.0,
                    "popGroup9": 0.0,
                    "popGroup10": 0.08170775670491108,
                    "popGroup11": 0.866898407627616,
                    "popGroup12": 0.0,
                    "popGroup13": 0.0,
                    "popGroup14": 0.0,
                    "popGroup15": 0.0
                }
            },
            "61020": {
                "car": {
                    "popGroup2": 1.8404228646033443,
                    "popGroup4": 0.0,
                    "popGroup6": 0.0,
                    "popGroup10": 1.8784113252419619,
                    "popGroup12": 0.0,
                    "popGroup14": 0.0
                },
                "publicTransport": {
                    "popGroup0": 0.0,
                    "popGroup1": 0.0,
                    "popGroup2": 0.08785603686003812,
                    "popGroup3": 0.8804438270513479,
                    "popGroup4": 0.0,
                    "popGroup5": 0.0,
                    "popGroup6": 0.0,
                    "popGroup7": 0.0,
                    "popGroup8": 0.0,
                    "popGroup9": 0.0,
                    "popGroup10": 0.08966928569018634,
                    "popGroup11": 0.9511325201529772,
                    "popGroup12": 0.0,
                    "popGroup13": 0.0,
                    "popGroup14": 0.0,
                    "popGroup15": 0.0
                }
            },
            "61012": {
                "car": {
                    "popGroup2": 3.6412677088742025,
                    "popGroup4": 0.0,
                    "popGroup6": 0.0,
                    "popGroup10": 3.716430428582055,
                    "popGroup12": 0.0,
                    "popGroup14": 0.0
                },
                "publicTransport": {
                    "popGroup0": 0.0,
                    "popGroup1": 0.0,
                    "popGroup2": 0.17811894163125339,
                    "popGroup3": 1.7849930767819926,
                    "popGroup4": 0.0,
                    "popGroup5": 0.0,
                    "popGroup6": 0.0,
                    "popGroup7": 0.0,
                    "popGroup8": 0.0,
                    "popGroup9": 0.0,
                    "popGroup10": 0.18179534819255683,
                    "popGroup11": 1.9283124918080687,
                    "popGroup12": 0.0,
                    "popGroup13": 0.0,
                    "popGroup14": 0.0,
                    "popGroup15": 0.0
                }
            },
            "61043": {
                "car": {
                    "popGroup2": 3.6369422177476154,
                    "popGroup4": 0.0,
                    "popGroup6": 0.0,
                    "popGroup10": 3.7120208912970414,
                    "popGroup12": 0.0,
                    "popGroup14": 0.0
                },
                "publicTransport": {
                    "popGroup0": 0.0,
                    "popGroup1": 0.0,
                    "popGroup2": 0.18199478779411288,
                    "popGroup3": 1.8238965340004136,
                    "popGroup4": 0.0,
                    "popGroup5": 0.0,
                    "popGroup6": 0.0,
                    "popGroup7": 0.0,
                    "popGroup8": 0.0,
                    "popGroup9": 0.0,
                    "popGroup10": 0.1857519298997387,
                    "popGroup11": 1.970350597274083,
                    "popGroup12": 0.0,
                    "popGroup13": 0.0,
                    "popGroup14": 0.0,
                    "popGroup15": 0.0
                }
            },
            "61053": {
                "car": {
                    "popGroup2": 25.804249685317515,
                    "popGroup4": 0.0,
                    "popGroup6": 0.0,
                    "popGroup10": 26.33698510342441,
                    "popGroup12": 0.0,
                    "popGroup14": 0.0
                },
                "publicTransport": {
                    "popGroup0": 0.0,
                    "popGroup1": 0.0,
                    "popGroup2": 1.2883567780466358,
                    "popGroup3": 12.911451056451842,
                    "popGroup4": 0.0,
                    "popGroup5": 0.0,
                    "popGroup6": 0.0,
                    "popGroup7": 0.0,
                    "popGroup8": 0.0,
                    "popGroup9": 0.0,
                    "popGroup10": 1.3149577963775991,
                    "popGroup11": 13.948294556931344,
                    "popGroup12": 0.0,
                    "popGroup13": 0.0,
                    "popGroup14": 0.0,
                    "popGroup15": 0.0
                }
            },
            "61027": {
                "car": {
                    "popGroup2": 2.0163052922919835,
                    "popGroup4": 0.0,
                    "popGroup6": 0.0,
                    "popGroup10": 2.0579255020583544,
                    "popGroup12": 0.0,
                    "popGroup14": 0.0
                },
                "publicTransport": {
                    "popGroup0": 0.0,
                    "popGroup1": 0.0,
                    "popGroup2": 0.13292321213138036,
                    "popGroup3": 1.3324195231942741,
                    "popGroup4": 0.0,
                    "popGroup5": 0.0,
                    "popGroup6": 0.0,
                    "popGroup7": 0.0,
                    "popGroup8": 0.0,
                    "popGroup9": 0.0,
                    "popGroup10": 0.1356687224349697,
                    "popGroup11": 1.4394247379979772,
                    "popGroup12": 0.0,
                    "popGroup13": 0.0,
                    "popGroup14": 0.0,
                    "popGroup15": 0.0
                }
            },
            "61016": {
                "car": {
                    "popGroup2": 1.2402311468994884,
                    "popGroup4": 0.0,
                    "popGroup6": 0.0,
                    "popGroup10": 1.2658450453945584,
                    "popGroup12": 0.0,
                    "popGroup14": 0.0
                },
                "publicTransport": {
                    "popGroup0": 0.0,
                    "popGroup1": 0.0,
                    "popGroup2": 0.06723106893452932,
                    "popGroup3": 0.6738366212102121,
                    "popGroup4": 0.0,
                    "popGroup5": 0.0,
                    "popGroup6": 0.0,
                    "popGroup7": 0.0,
                    "popGroup8": 0.0,
                    "popGroup9": 0.0,
                    "popGroup10": 0.0686205677329588,
                    "popGroup11": 0.7279734464611967,
                    "popGroup12": 0.0,
                    "popGroup13": 0.0,
                    "popGroup14": 0.0,
                    "popGroup15": 0.0
                }
            },
            "61045": {
                "car": {
                    "popGroup2": 6.00838352100062,
                    "popGroup4": 0.0,
                    "popGroup6": 0.0,
                    "popGroup10": 6.1324478337544015,
                    "popGroup12": 0.0,
                    "popGroup14": 0.0
                },
                "publicTransport": {
                    "popGroup0": 0.0,
                    "popGroup1": 0.0,
                    "popGroup2": 0.3009856822621395,
                    "popGroup3": 3.0164436555270826,
                    "popGroup4": 0.0,
                    "popGroup5": 0.0,
                    "popGroup6": 0.0,
                    "popGroup7": 0.0,
                    "popGroup8": 0.0,
                    "popGroup9": 0.0,
                    "popGroup10": 0.307202276744616,
                    "popGroup11": 3.2587158008626633,
                    "popGroup12": 0.0,
                    "popGroup13": 0.0,
                    "popGroup14": 0.0,
                    "popGroup15": 0.0
                }
            },
            "61008": {
                "car": {
                    "popGroup2": 2.3625334130037072,
                    "popGroup4": 0.0,
                    "popGroup6": 0.0,
                    "popGroup10": 2.411319323741234,
                    "popGroup12": 0.0,
                    "popGroup14": 0.0
                },
                "publicTransport": {
                    "popGroup0": 0.0,
                    "popGroup1": 0.0,
                    "popGroup2": 0.15238797366085138,
                    "popGroup3": 1.5275929039305367,
                    "popGroup4": 0.0,
                    "popGroup5": 0.0,
                    "popGroup6": 0.0,
                    "popGroup7": 0.0,
                    "popGroup8": 0.0,
                    "popGroup9": 0.0,
                    "popGroup10": 0.15553829353446147,
                    "popGroup11": 1.6503275588601043,
                    "popGroup12": 0.0,
                    "popGroup13": 0.0,
                    "popGroup14": 0.0,
                    "popGroup15": 0.0
                }
            },
            "61050": {
                "car": {
                    "popGroup2": 2.6964643413941984,
                    "popGroup4": 0.0,
                    "popGroup6": 0.0,
                    "popGroup10": 2.7521690450433933,
                    "popGroup12": 0.0,
                    "popGroup14": 0.0
                },
                "publicTransport": {
                    "popGroup0": 0.0,
                    "popGroup1": 0.0,
                    "popGroup2": 0.15683620943187032,
                    "popGroup3": 1.571911042772236,
                    "popGroup4": 0.0,
                    "popGroup5": 0.0,
                    "popGroup6": 0.0,
                    "popGroup7": 0.0,
                    "popGroup8": 0.0,
                    "popGroup9": 0.0,
                    "popGroup10": 0.16007782987319571,
                    "popGroup11": 1.6982049626094122,
                    "popGroup12": 0.0,
                    "popGroup13": 0.0,
                    "popGroup14": 0.0,
                    "popGroup15": 0.0
                }
            },
            "61049": {
                "car": {
                    "popGroup2": 2.1152528776924227,
                    "popGroup4": 0.0,
                    "popGroup6": 0.0,
                    "popGroup10": 2.158946115978636,
                    "popGroup12": 0.0,
                    "popGroup14": 0.0
                },
                "publicTransport": {
                    "popGroup0": 0.0,
                    "popGroup1": 0.0,
                    "popGroup2": 0.1266408258765952,
                    "popGroup3": 1.2692543921377053,
                    "popGroup4": 0.0,
                    "popGroup5": 0.0,
                    "popGroup6": 0.0,
                    "popGroup7": 0.0,
                    "popGroup8": 0.0,
                    "popGroup9": 0.0,
                    "popGroup10": 0.12925784056307016,
                    "popGroup11": 1.371222085361733,
                    "popGroup12": 0.0,
                    "popGroup13": 0.0,
                    "popGroup14": 0.0,
                    "popGroup15": 0.0
                }
            },
            "61058": {
                "car": {
                    "popGroup2": 5.146093398966476,
                    "popGroup4": 0.0,
                    "popGroup6": 0.0,
                    "popGroup10": 5.252398775364432,
                    "popGroup12": 0.0,
                    "popGroup14": 0.0
                },
                "publicTransport": {
                    "popGroup0": 0.0,
                    "popGroup1": 0.0,
                    "popGroup2": 0.32109060690735336,
                    "popGroup3": 3.2188708170420717,
                    "popGroup4": 0.0,
                    "popGroup5": 0.0,
                    "popGroup6": 0.0,
                    "popGroup7": 0.0,
                    "popGroup8": 0.0,
                    "popGroup9": 0.0,
                    "popGroup10": 0.32773503125190084,
                    "popGroup11": 3.4776214722289582,
                    "popGroup12": 0.0,
                    "popGroup13": 0.0,
                    "popGroup14": 0.0,
                    "popGroup15": 0.0
                }
            },
            "62347": {
                "car": {
                    "popGroup2": 0.6098051508584277,
                    "popGroup4": 0.0,
                    "popGroup6": 0.0,
                    "popGroup10": 0.6224047188916536,
                    "popGroup12": 0.0,
                    "popGroup14": 0.0
                },
                "publicTransport": {
                    "popGroup0": 0.0,
                    "popGroup1": 0.0,
                    "popGroup2": 0.03657905392636347,
                    "popGroup3": 0.3667065263573451,
                    "popGroup4": 0.0,
                    "popGroup5": 0.0,
                    "popGroup6": 0.0,
                    "popGroup7": 0.0,
                    "popGroup8": 0.0,
                    "popGroup9": 0.0,
                    "popGroup10": 0.03733639477761282,
                    "popGroup11": 0.39619240481484247,
                    "popGroup12": 0.0,
                    "popGroup13": 0.0,
                    "popGroup14": 0.0,
                    "popGroup15": 0.0
                }
            }
        }
    }
}