{
    "Sum_Trips_per_Mode": {
        "work": {
            "60101": {
                "car": 1791.6523275087088,
                "publicTransport": 259.5321506064463
            },
            "60669": {
                "car": 81.23606314743336,
                "publicTransport": 47.09551228066354,
                "bicycle": 39.275147426595055
            },
            "60608": {
                "car": 34.66758187765939,
                "publicTransport": 19.739807107024454
            },
            "60611": {
                "car": 16.134837372338257,
                "publicTransport": 9.060464648263242
            },
            "60670": {
                "car": 47.360665468933284,
                "publicTransport": 34.49404635773314,
                "bicycle": 23.007378592637608,
                "walk": 9.068627568463183
            },
            "60662": {
                "car": 13.314892983154353,
                "publicTransport": 7.308625829264231
            },
            "60656": {
                "car": 14.28705527463442,
                "publicTransport": 8.600679912509456,
                "bicycle": 5.682828640082056
            },
            "60655": {
                "car": 20.25615440564396,
                "publicTransport": 11.724328221225715
            },
            "60624": {
                "car": 54.45183994392785,
                "publicTransport": 33.09317128792067,
                "bicycle": 21.70840540511345
            },
            "60660": {
                "car": 15.901513825748518,
                "publicTransport": 9.898603979721683,
                "bicycle": 6.113973942678333
            },
            "60629": {
                "car": 27.61165303583461,
                "publicTransport": 16.302115833241256
            },
            "60618": {
                "car": 7.518096997202109,
                "publicTransport": 4.577974608726281,
                "bicycle": 2.794959516652952
            },
            "61059": {
                "car": 17.220952306146977,
                "publicTransport": 5.035633036072718
            },
            "61001": {
                "car": 2.9795685884686405,
                "publicTransport": 1.6801772919761102
            },
            "61055": {
                "car": 3.001497571805277,
                "publicTransport": 1.6703669445182054
            },
            "61021": {
                "car": 15.536264570202478,
                "publicTransport": 4.352762347670314
            },
            "61017": {
                "car": 2.530099162531131,
                "publicTransport": 0.8792239910931294
            },
            "61020": {
                "car": 3.8150433522961995,
                "publicTransport": 1.1729108129499732
            },
            "61012": {
                "car": 7.5719599229450765,
                "publicTransport": 2.4041178856814973
            },
            "61043": {
                "car": 7.528794431849892,
                "publicTransport": 2.4421981114698346
            },
            "61053": {
                "car": 56.427188374170015,
                "publicTransport": 17.58827401193914
            },
            "61027": {
                "car": 3.267907924311632,
                "publicTransport": 1.2326402644857646
            },
            "61016": {
                "car": 2.4122425030183265,
                "publicTransport": 0.9223680446679525
            },
            "61045": {
                "car": 13.077538588596028,
                "publicTransport": 4.161836511423086
            },
            "61008": {
                "car": 3.801755632764679,
                "publicTransport": 1.5942168134945303
            },
            "61050": {
                "car": 6.763411542872137,
                "publicTransport": 2.1988829396542293
            },
            "61049": {
                "car": 5.290639920840048,
                "publicTransport": 1.7595664418496062
            },
            "61058": {
                "car": 11.070897885749485,
                "publicTransport": 3.6272382533191743
            },
            "62347": {
                "car": 1.3113394671283578,
                "publicTransport": 0.42677737860730025
            }
        }
    },
    "Trips_per_group": {
        "work": {
            "60101": {
                "car": {
                    "popGroup2": 890.045646139966,
                    "popGroup4": 0.0,
                    "popGroup6": 0.0,
                    "popGroup10": 901.6066813687427,
                    "popGroup12": 0.0,
                    "popGroup14": 0.0
                },
                "publicTransport": {
                    "popGroup0": 0.0,
                    "popGroup1": 0.0,
                    "popGroup2": 20.2239429756005,
                    "popGroup3": 107.1698775556639,
                    "popGroup4": 0.0,
                    "popGroup5": 0.0,
                    "popGroup6": 0.0,
                    "popGroup7": 0.0,
                    "popGroup8": 0.0,
                    "popGroup9": 0.0,
                    "popGroup10": 20.485236328190926,
                    "popGroup11": 111.65309374699099,
                    "popGroup12": 0.0,
                    "popGroup13": 0.0,
                    "popGroup14": 0.0,
                    "popGroup15": 0.0
                }
            },
            "60669": {
                "car": {
                    "popGroup2": 40.35604131830718,
                    "popGroup4": 0.0,
                    "popGroup6": 0.0,
                    "popGroup10": 40.880021829126186,
                    "popGroup12": 0.0,
                    "popGroup14": 0.0
                },
                "publicTransport": {
                    "popGroup0": 0.0,
                    "popGroup1": 0.0,
                    "popGroup2": 2.6295377493575076,
                    "popGroup3": 20.471055060919397,
                    "popGroup4": 0.0,
                    "popGroup5": 0.0,
                    "popGroup6": 0.0,
                    "popGroup7": 0.0,
                    "popGroup8": 0.0,
                    "popGroup9": 0.0,
                    "popGroup10": 2.663619358286134,
                    "popGroup11": 21.331300112100507,
                    "popGroup12": 0.0,
                    "popGroup13": 0.0,
                    "popGroup14": 0.0,
                    "popGroup15": 0.0
                },
                "bicycle": {
                    "popGroup0": 0.0,
                    "popGroup1": 0.0,
                    "popGroup2": 2.2225369218127677,
                    "popGroup3": 17.041060771912445,
                    "popGroup4": 0.0,
                    "popGroup5": 0.0,
                    "popGroup6": 0.0,
                    "popGroup7": 0.0,
                    "popGroup8": 0.0,
                    "popGroup9": 0.0,
                    "popGroup10": 2.251426789458781,
                    "popGroup11": 17.760122943411062,
                    "popGroup12": 0.0,
                    "popGroup13": 0.0,
                    "popGroup14": 0.0,
                    "popGroup15": 0.0
                }
            },
            "60608": {
                "car": {
                    "popGroup2": 17.221967595821205,
                    "popGroup4": 0.0,
                    "popGroup6": 0.0,
                    "popGroup10": 17.44561428183818,
                    "popGroup12": 0.0,
                    "popGroup14": 0.0
                },
                "publicTransport": {
                    "popGroup0": 0.0,
                    "popGroup1": 0.0,
                    "popGroup2": 1.100664577373402,
                    "popGroup3": 8.581613418061176,
                    "popGroup4": 0.0,
                    "popGroup5": 0.0,
                    "popGroup6": 0.0,
                    "popGroup7": 0.0,
                    "popGroup8": 0.0,
                    "popGroup9": 0.0,
                    "popGroup10": 1.1149324399182565,
                    "popGroup11": 8.94259667167162,
                    "popGroup12": 0.0,
                    "popGroup13": 0.0,
                    "popGroup14": 0.0,
                    "popGroup15": 0.0
                }
            },
            "60611": {
                "car": {
                    "popGroup2": 8.015353023565325,
                    "popGroup4": 0.0,
                    "popGroup6": 0.0,
                    "popGroup10": 8.119484348772932,
                    "popGroup12": 0.0,
                    "popGroup14": 0.0
                },
                "publicTransport": {
                    "popGroup0": 0.0,
                    "popGroup1": 0.0,
                    "popGroup2": 0.5121624113331542,
                    "popGroup3": 3.931830486491379,
                    "popGroup4": 0.0,
                    "popGroup5": 0.0,
                    "popGroup6": 0.0,
                    "popGroup7": 0.0,
                    "popGroup8": 0.0,
                    "popGroup9": 0.0,
                    "popGroup10": 0.518815376947073,
                    "popGroup11": 4.0976563734916365,
                    "popGroup12": 0.0,
                    "popGroup13": 0.0,
                    "popGroup14": 0.0,
                    "popGroup15": 0.0
                }
            },
            "60670": {
                "car": {
                    "popGroup2": 23.527580325816523,
                    "popGroup4": 0.0,
                    "popGroup6": 0.0,
                    "popGroup10": 23.83308514311676,
                    "popGroup12": 0.0,
                    "popGroup14": 0.0
                },
                "publicTransport": {
                    "popGroup0": 0.0,
                    "popGroup1": 0.0,
                    "popGroup2": 1.9520290149683512,
                    "popGroup3": 14.96745131618919,
                    "popGroup4": 0.0,
                    "popGroup5": 0.0,
                    "popGroup6": 0.0,
                    "popGroup7": 0.0,
                    "popGroup8": 0.0,
                    "popGroup9": 0.0,
                    "popGroup10": 1.977382645278563,
                    "popGroup11": 15.59718338129704,
                    "popGroup12": 0.0,
                    "popGroup13": 0.0,
                    "popGroup14": 0.0,
                    "popGroup15": 0.0
                },
                "bicycle": {
                    "popGroup0": 0.0,
                    "popGroup1": 0.0,
                    "popGroup2": 1.3019086082009508,
                    "popGroup3": 9.981722809322386,
                    "popGroup4": 0.0,
                    "popGroup5": 0.0,
                    "popGroup6": 0.0,
                    "popGroup7": 0.0,
                    "popGroup8": 0.0,
                    "popGroup9": 0.0,
                    "popGroup10": 1.3188532625514675,
                    "popGroup11": 10.404893912562803,
                    "popGroup12": 0.0,
                    "popGroup13": 0.0,
                    "popGroup14": 0.0,
                    "popGroup15": 0.0
                },
                "walk": {
                    "popGroup0": 0.0,
                    "popGroup1": 0.0,
                    "popGroup2": 0.5130897091267853,
                    "popGroup3": 3.933145387743455,
                    "popGroup4": 0.0,
                    "popGroup5": 0.0,
                    "popGroup6": 0.0,
                    "popGroup7": 0.0,
                    "popGroup8": 0.0,
                    "popGroup9": 0.0,
                    "popGroup10": 0.5197972393422166,
                    "popGroup11": 4.102595232250726,
                    "popGroup12": 0.0,
                    "popGroup13": 0.0,
                    "popGroup14": 0.0,
                    "popGroup15": 0.0
                }
            },
            "60662": {
                "car": {
                    "popGroup2": 6.614494538441639,
                    "popGroup4": 0.0,
                    "popGroup6": 0.0,
                    "popGroup10": 6.700398444712714,
                    "popGroup12": 0.0,
                    "popGroup14": 0.0
                },
                "publicTransport": {
                    "popGroup0": 0.0,
                    "popGroup1": 0.0,
                    "popGroup2": 0.41248960140545204,
                    "popGroup3": 3.172395560353863,
                    "popGroup4": 0.0,
                    "popGroup5": 0.0,
                    "popGroup6": 0.0,
                    "popGroup7": 0.0,
                    "popGroup8": 0.0,
                    "popGroup9": 0.0,
                    "popGroup10": 0.4178448807879537,
                    "popGroup11": 3.3058957867169623,
                    "popGroup12": 0.0,
                    "popGroup13": 0.0,
                    "popGroup14": 0.0,
                    "popGroup15": 0.0
                }
            },
            "60656": {
                "car": {
                    "popGroup2": 7.097446614197264,
                    "popGroup4": 0.0,
                    "popGroup6": 0.0,
                    "popGroup10": 7.189608660437156,
                    "popGroup12": 0.0,
                    "popGroup14": 0.0
                },
                "publicTransport": {
                    "popGroup0": 0.0,
                    "popGroup1": 0.0,
                    "popGroup2": 0.4869767552678137,
                    "popGroup3": 3.7317343179654285,
                    "popGroup4": 0.0,
                    "popGroup5": 0.0,
                    "popGroup6": 0.0,
                    "popGroup7": 0.0,
                    "popGroup8": 0.0,
                    "popGroup9": 0.0,
                    "popGroup10": 0.4932978398505583,
                    "popGroup11": 3.8886709994256545,
                    "popGroup12": 0.0,
                    "popGroup13": 0.0,
                    "popGroup14": 0.0,
                    "popGroup15": 0.0
                },
                "bicycle": {
                    "popGroup0": 0.0,
                    "popGroup1": 0.0,
                    "popGroup2": 0.321580918954437,
                    "popGroup3": 2.465647475531365,
                    "popGroup4": 0.0,
                    "popGroup5": 0.0,
                    "popGroup6": 0.0,
                    "popGroup7": 0.0,
                    "popGroup8": 0.0,
                    "popGroup9": 0.0,
                    "popGroup10": 0.325762658861651,
                    "popGroup11": 2.5698375867346024,
                    "popGroup12": 0.0,
                    "popGroup13": 0.0,
                    "popGroup14": 0.0,
                    "popGroup15": 0.0
                }
            },
            "60655": {
                "car": {
                    "popGroup2": 10.06273281777345,
                    "popGroup4": 0.0,
                    "popGroup6": 0.0,
                    "popGroup10": 10.193421587870514,
                    "popGroup12": 0.0,
                    "popGroup14": 0.0
                },
                "publicTransport": {
                    "popGroup0": 0.0,
                    "popGroup1": 0.0,
                    "popGroup2": 0.6642930522061596,
                    "popGroup3": 5.086506188469216,
                    "popGroup4": 0.0,
                    "popGroup5": 0.0,
                    "popGroup6": 0.0,
                    "popGroup7": 0.0,
                    "popGroup8": 0.0,
                    "popGroup9": 0.0,
                    "popGroup10": 0.672918390743152,
                    "popGroup11": 5.300610589807187,
                    "popGroup12": 0.0,
                    "popGroup13": 0.0,
                    "popGroup14": 0.0,
                    "popGroup15": 0.0
                }
            },
            "60624": {
                "car": {
                    "popGroup2": 27.050292856290234,
                    "popGroup4": 0.0,
                    "popGroup6": 0.0,
                    "popGroup10": 27.40154708763762,
                    "popGroup12": 0.0,
                    "popGroup14": 0.0
                },
                "publicTransport": {
                    "popGroup0": 0.0,
                    "popGroup1": 0.0,
                    "popGroup2": 1.8734213033322402,
                    "popGroup3": 14.359068677290427,
                    "popGroup4": 0.0,
                    "popGroup5": 0.0,
                    "popGroup6": 0.0,
                    "popGroup7": 0.0,
                    "popGroup8": 0.0,
                    "popGroup9": 0.0,
                    "popGroup10": 1.8977385775395477,
                    "popGroup11": 14.962942729758456,
                    "popGroup12": 0.0,
                    "popGroup13": 0.0,
                    "popGroup14": 0.0,
                    "popGroup15": 0.0
                },
                "bicycle": {
                    "popGroup0": 0.0,
                    "popGroup1": 0.0,
                    "popGroup2": 1.2284391104059493,
                    "popGroup3": 9.418773356529814,
                    "popGroup4": 0.0,
                    "popGroup5": 0.0,
                    "popGroup6": 0.0,
                    "popGroup7": 0.0,
                    "popGroup8": 0.0,
                    "popGroup9": 0.0,
                    "popGroup10": 1.244413356851507,
                    "popGroup11": 9.81677958132618,
                    "popGroup12": 0.0,
                    "popGroup13": 0.0,
                    "popGroup14": 0.0,
                    "popGroup15": 0.0
                }
            },
            "60660": {
                "car": {
                    "popGroup2": 7.899466504506167,
                    "popGroup4": 0.0,
                    "popGroup6": 0.0,
                    "popGroup10": 8.002047321242351,
                    "popGroup12": 0.0,
                    "popGroup14": 0.0
                },
                "publicTransport": {
                    "popGroup0": 0.0,
                    "popGroup1": 0.0,
                    "popGroup2": 0.5605345677671734,
                    "popGroup3": 4.294791822629463,
                    "popGroup4": 0.0,
                    "popGroup5": 0.0,
                    "popGroup6": 0.0,
                    "popGroup7": 0.0,
                    "popGroup8": 0.0,
                    "popGroup9": 0.0,
                    "popGroup10": 0.5678101403983065,
                    "popGroup11": 4.475467448926739,
                    "popGroup12": 0.0,
                    "popGroup13": 0.0,
                    "popGroup14": 0.0,
                    "popGroup15": 0.0
                },
                "bicycle": {
                    "popGroup0": 0.0,
                    "popGroup1": 0.0,
                    "popGroup2": 0.3459739086497468,
                    "popGroup3": 2.65262890910382,
                    "popGroup4": 0.0,
                    "popGroup5": 0.0,
                    "popGroup6": 0.0,
                    "popGroup7": 0.0,
                    "popGroup8": 0.0,
                    "popGroup9": 0.0,
                    "popGroup10": 0.35047477096744234,
                    "popGroup11": 2.764896353957324,
                    "popGroup12": 0.0,
                    "popGroup13": 0.0,
                    "popGroup14": 0.0,
                    "popGroup15": 0.0
                }
            },
            "60629": {
                "car": {
                    "popGroup2": 13.716754572703909,
                    "popGroup4": 0.0,
                    "popGroup6": 0.0,
                    "popGroup10": 13.894898463130701,
                    "popGroup12": 0.0,
                    "popGroup14": 0.0
                },
                "publicTransport": {
                    "popGroup0": 0.0,
                    "popGroup1": 0.0,
                    "popGroup2": 0.9234558232140764,
                    "popGroup3": 7.072749247041987,
                    "popGroup4": 0.0,
                    "popGroup5": 0.0,
                    "popGroup6": 0.0,
                    "popGroup7": 0.0,
                    "popGroup8": 0.0,
                    "popGroup9": 0.0,
                    "popGroup10": 0.9354450661791727,
                    "popGroup11": 7.370465696806021,
                    "popGroup12": 0.0,
                    "popGroup13": 0.0,
                    "popGroup14": 0.0,
                    "popGroup15": 0.0
                }
            },
            "60618": {
                "car": {
                    "popGroup2": 3.734798460511307,
                    "popGroup4": 0.0,
                    "popGroup6": 0.0,
                    "popGroup10": 3.7832985366908027,
                    "popGroup12": 0.0,
                    "popGroup14": 0.0
                },
                "publicTransport": {
                    "popGroup0": 0.0,
                    "popGroup1": 0.0,
                    "popGroup2": 0.25914896017910144,
                    "popGroup3": 1.986373057142878,
                    "popGroup4": 0.0,
                    "popGroup5": 0.0,
                    "popGroup6": 0.0,
                    "popGroup7": 0.0,
                    "popGroup8": 0.0,
                    "popGroup9": 0.0,
                    "popGroup10": 0.26251304331827663,
                    "popGroup11": 2.0699395480860256,
                    "popGroup12": 0.0,
                    "popGroup13": 0.0,
                    "popGroup14": 0.0,
                    "popGroup15": 0.0
                },
                "bicycle": {
                    "popGroup0": 0.0,
                    "popGroup1": 0.0,
                    "popGroup2": 0.1581595010970271,
                    "popGroup3": 1.2126303584474605,
                    "popGroup4": 0.0,
                    "popGroup5": 0.0,
                    "popGroup6": 0.0,
                    "popGroup7": 0.0,
                    "popGroup8": 0.0,
                    "popGroup9": 0.0,
                    "popGroup10": 0.16021703815654506,
                    "popGroup11": 1.2639526189519195,
                    "popGroup12": 0.0,
                    "popGroup13": 0.0,
                    "popGroup14": 0.0,
                    "popGroup15": 0.0
                }
            },
            "61059": {
                "car": {
                    "popGroup2": 8.554923410481237,
                    "popGroup4": 0.0,
                    "popGroup6": 0.0,
                    "popGroup10": 8.66602889566574,
                    "popGroup12": 0.0,
                    "popGroup14": 0.0
                },
                "publicTransport": {
                    "popGroup0": 0.0,
                    "popGroup1": 0.0,
                    "popGroup2": 0.2919374093696314,
                    "popGroup3": 2.1781238983229767,
                    "popGroup4": 0.0,
                    "popGroup5": 0.0,
                    "popGroup6": 0.0,
                    "popGroup7": 0.0,
                    "popGroup8": 0.0,
                    "popGroup9": 0.0,
                    "popGroup10": 0.2957265644984985,
                    "popGroup11": 2.2698451638816115,
                    "popGroup12": 0.0,
                    "popGroup13": 0.0,
                    "popGroup14": 0.0,
                    "popGroup15": 0.0
                }
            },
            "61001": {
                "car": {
                    "popGroup2": 1.4801685146328587,
                    "popGroup4": 0.0,
                    "popGroup6": 0.0,
                    "popGroup10": 1.4994000738357818,
                    "popGroup12": 0.0,
                    "popGroup14": 0.0
                },
                "publicTransport": {
                    "popGroup0": 0.0,
                    "popGroup1": 0.0,
                    "popGroup2": 0.09501823456475493,
                    "popGroup3": 0.7290665324714787,
                    "popGroup4": 0.0,
                    "popGroup5": 0.0,
                    "popGroup6": 0.0,
                    "popGroup7": 0.0,
                    "popGroup8": 0.0,
                    "popGroup9": 0.0,
                    "popGroup10": 0.09625286077699158,
                    "popGroup11": 0.7598396641628851,
                    "popGroup12": 0.0,
                    "popGroup13": 0.0,
                    "popGroup14": 0.0,
                    "popGroup15": 0.0
                }
            },
            "61055": {
                "car": {
                    "popGroup2": 1.491059119061653,
                    "popGroup4": 0.0,
                    "popGroup6": 0.0,
                    "popGroup10": 1.510438452743624,
                    "popGroup12": 0.0,
                    "popGroup14": 0.0
                },
                "publicTransport": {
                    "popGroup0": 0.0,
                    "popGroup1": 0.0,
                    "popGroup2": 0.09460006829768876,
                    "popGroup3": 0.7246346841842463,
                    "popGroup4": 0.0,
                    "popGroup5": 0.0,
                    "popGroup6": 0.0,
                    "popGroup7": 0.0,
                    "popGroup8": 0.0,
                    "popGroup9": 0.0,
                    "popGroup10": 0.09583009606249258,
                    "popGroup11": 0.7553020959737778,
                    "popGroup12": 0.0,
                    "popGroup13": 0.0,
                    "popGroup14": 0.0,
                    "popGroup15": 0.0
                }
            },
            "61021": {
                "car": {
                    "popGroup2": 7.718006177445523,
                    "popGroup4": 0.0,
                    "popGroup6": 0.0,
                    "popGroup10": 7.818258392756955,
                    "popGroup12": 0.0,
                    "popGroup14": 0.0
                },
                "publicTransport": {
                    "popGroup0": 0.0,
                    "popGroup1": 0.0,
                    "popGroup2": 0.25179401725810613,
                    "popGroup3": 1.8832665987153128,
                    "popGroup4": 0.0,
                    "popGroup5": 0.0,
                    "popGroup6": 0.0,
                    "popGroup7": 0.0,
                    "popGroup8": 0.0,
                    "popGroup9": 0.0,
                    "popGroup10": 0.2550656648381647,
                    "popGroup11": 1.9626360668587304,
                    "popGroup12": 0.0,
                    "popGroup13": 0.0,
                    "popGroup14": 0.0,
                    "popGroup15": 0.0
                }
            },
            "61017": {
                "car": {
                    "popGroup2": 1.256884765369216,
                    "popGroup4": 0.0,
                    "popGroup6": 0.0,
                    "popGroup10": 1.2732143971619152,
                    "popGroup12": 0.0,
                    "popGroup14": 0.0
                },
                "publicTransport": {
                    "popGroup0": 0.0,
                    "popGroup1": 0.0,
                    "popGroup2": 0.0501887509298406,
                    "popGroup3": 0.38105097178760405,
                    "popGroup4": 0.0,
                    "popGroup5": 0.0,
                    "popGroup6": 0.0,
                    "popGroup7": 0.0,
                    "popGroup8": 0.0,
                    "popGroup9": 0.0,
                    "popGroup10": 0.05084084161314346,
                    "popGroup11": 0.3971434267625414,
                    "popGroup12": 0.0,
                    "popGroup13": 0.0,
                    "popGroup14": 0.0,
                    "popGroup15": 0.0
                }
            },
            "61020": {
                "car": {
                    "popGroup2": 1.8952103635633106,
                    "popGroup4": 0.0,
                    "popGroup6": 0.0,
                    "popGroup10": 1.9198329887328889,
                    "popGroup12": 0.0,
                    "popGroup14": 0.0
                },
                "publicTransport": {
                    "popGroup0": 0.0,
                    "popGroup1": 0.0,
                    "popGroup2": 0.06729891859790282,
                    "popGroup3": 0.5079974872725281,
                    "popGroup4": 0.0,
                    "popGroup5": 0.0,
                    "popGroup6": 0.0,
                    "popGroup7": 0.0,
                    "popGroup8": 0.0,
                    "popGroup9": 0.0,
                    "popGroup10": 0.06817370710538934,
                    "popGroup11": 0.529440699974153,
                    "popGroup12": 0.0,
                    "popGroup13": 0.0,
                    "popGroup14": 0.0,
                    "popGroup15": 0.0
                }
            },
            "61012": {
                "car": {
                    "popGroup2": 3.76154403821199,
                    "popGroup4": 0.0,
                    "popGroup6": 0.0,
                    "popGroup10": 3.8104158847330862,
                    "popGroup12": 0.0,
                    "popGroup14": 0.0
                },
                "publicTransport": {
                    "popGroup0": 0.0,
                    "popGroup1": 0.0,
                    "popGroup2": 0.1377331960115436,
                    "popGroup3": 1.041440731797116,
                    "popGroup4": 0.0,
                    "popGroup5": 0.0,
                    "popGroup6": 0.0,
                    "popGroup7": 0.0,
                    "popGroup8": 0.0,
                    "popGroup9": 0.0,
                    "popGroup10": 0.13952394979138913,
                    "popGroup11": 1.0854200080814487,
                    "popGroup12": 0.0,
                    "popGroup13": 0.0,
                    "popGroup14": 0.0,
                    "popGroup15": 0.0
                }
            },
            "61043": {
                "car": {
                    "popGroup2": 3.7400991780069717,
                    "popGroup4": 0.0,
                    "popGroup6": 0.0,
                    "popGroup10": 3.78869525384292,
                    "popGroup12": 0.0,
                    "popGroup14": 0.0
                },
                "publicTransport": {
                    "popGroup0": 0.0,
                    "popGroup1": 0.0,
                    "popGroup2": 0.13976632081638268,
                    "popGroup3": 1.0580716195463404,
                    "popGroup4": 0.0,
                    "popGroup5": 0.0,
                    "popGroup6": 0.0,
                    "popGroup7": 0.0,
                    "popGroup8": 0.0,
                    "popGroup9": 0.0,
                    "popGroup10": 0.14158356589407012,
                    "popGroup11": 1.1027766052130412,
                    "popGroup12": 0.0,
                    "popGroup13": 0.0,
                    "popGroup14": 0.0,
                    "popGroup15": 0.0
                }
            },
            "61053": {
                "car": {
                    "popGroup2": 28.031503085162328,
                    "popGroup4": 0.0,
                    "popGroup6": 0.0,
                    "popGroup10": 28.39568528900769,
                    "popGroup12": 0.0,
                    "popGroup14": 0.0
                },
                "publicTransport": {
                    "popGroup0": 0.0,
                    "popGroup1": 0.0,
                    "popGroup2": 1.0037551434440628,
                    "popGroup3": 7.622701072913184,
                    "popGroup4": 0.0,
                    "popGroup5": 0.0,
                    "popGroup6": 0.0,
                    "popGroup7": 0.0,
                    "popGroup8": 0.0,
                    "popGroup9": 0.0,
                    "popGroup10": 1.016810429168709,
                    "popGroup11": 7.945007366413183,
                    "popGroup12": 0.0,
                    "popGroup13": 0.0,
                    "popGroup14": 0.0,
                    "popGroup15": 0.0
                }
            },
            "61027": {
                "car": {
                    "popGroup2": 1.6234020349436673,
                    "popGroup4": 0.0,
                    "popGroup6": 0.0,
                    "popGroup10": 1.6445058893679643,
                    "popGroup12": 0.0,
                    "popGroup14": 0.0
                },
                "publicTransport": {
                    "popGroup0": 0.0,
                    "popGroup1": 0.0,
                    "popGroup2": 0.07054457594113395,
                    "popGroup3": 0.5340349492158785,
                    "popGroup4": 0.0,
                    "popGroup5": 0.0,
                    "popGroup6": 0.0,
                    "popGroup7": 0.0,
                    "popGroup8": 0.0,
                    "popGroup9": 0.0,
                    "popGroup10": 0.07146178405087672,
                    "popGroup11": 0.5565989552778754,
                    "popGroup12": 0.0,
                    "popGroup13": 0.0,
                    "popGroup14": 0.0,
                    "popGroup15": 0.0
                }
            },
            "61016": {
                "car": {
                    "popGroup2": 1.198333738782933,
                    "popGroup4": 0.0,
                    "popGroup6": 0.0,
                    "popGroup10": 1.2139087642353936,
                    "popGroup12": 0.0,
                    "popGroup14": 0.0
                },
                "publicTransport": {
                    "popGroup0": 0.0,
                    "popGroup1": 0.0,
                    "popGroup2": 0.05242599616408357,
                    "popGroup3": 0.3999322449040339,
                    "popGroup4": 0.0,
                    "popGroup5": 0.0,
                    "popGroup6": 0.0,
                    "popGroup7": 0.0,
                    "popGroup8": 0.0,
                    "popGroup9": 0.0,
                    "popGroup10": 0.053108377619974535,
                    "popGroup11": 0.41690142597986063,
                    "popGroup12": 0.0,
                    "popGroup13": 0.0,
                    "popGroup14": 0.0,
                    "popGroup15": 0.0
                }
            },
            "61045": {
                "car": {
                    "popGroup2": 6.4965623406549335,
                    "popGroup4": 0.0,
                    "popGroup6": 0.0,
                    "popGroup10": 6.580976247941094,
                    "popGroup12": 0.0,
                    "popGroup14": 0.0
                },
                "publicTransport": {
                    "popGroup0": 0.0,
                    "popGroup1": 0.0,
                    "popGroup2": 0.23686244664481362,
                    "popGroup3": 1.804320578179027,
                    "popGroup4": 0.0,
                    "popGroup5": 0.0,
                    "popGroup6": 0.0,
                    "popGroup7": 0.0,
                    "popGroup8": 0.0,
                    "popGroup9": 0.0,
                    "popGroup10": 0.23994426349961429,
                    "popGroup11": 1.8807092230996312,
                    "popGroup12": 0.0,
                    "popGroup13": 0.0,
                    "popGroup14": 0.0,
                    "popGroup15": 0.0
                }
            },
            "61008": {
                "car": {
                    "popGroup2": 1.888597818219771,
                    "popGroup4": 0.0,
                    "popGroup6": 0.0,
                    "popGroup10": 1.913157814544908,
                    "popGroup12": 0.0,
                    "popGroup14": 0.0
                },
                "publicTransport": {
                    "popGroup0": 0.0,
                    "popGroup1": 0.0,
                    "popGroup2": 0.09066166759060411,
                    "popGroup3": 0.691201743087495,
                    "popGroup4": 0.0,
                    "popGroup5": 0.0,
                    "popGroup6": 0.0,
                    "popGroup7": 0.0,
                    "popGroup8": 0.0,
                    "popGroup9": 0.0,
                    "popGroup10": 0.09184154173815678,
                    "popGroup11": 0.7205118610782744,
                    "popGroup12": 0.0,
                    "popGroup13": 0.0,
                    "popGroup14": 0.0,
                    "popGroup15": 0.0
                }
            },
            "61050": {
                "car": {
                    "popGroup2": 3.3598612087988498,
                    "popGroup4": 0.0,
                    "popGroup6": 0.0,
                    "popGroup10": 3.4035503340732873,
                    "popGroup12": 0.0,
                    "popGroup14": 0.0
                },
                "publicTransport": {
                    "popGroup0": 0.0,
                    "popGroup1": 0.0,
                    "popGroup2": 0.12472947866719672,
                    "popGroup3": 0.9536599036430309,
                    "popGroup4": 0.0,
                    "popGroup5": 0.0,
                    "popGroup6": 0.0,
                    "popGroup7": 0.0,
                    "popGroup8": 0.0,
                    "popGroup9": 0.0,
                    "popGroup10": 0.12635331751975065,
                    "popGroup11": 0.9941402398242509,
                    "popGroup12": 0.0,
                    "popGroup13": 0.0,
                    "popGroup14": 0.0,
                    "popGroup15": 0.0
                }
            },
            "61049": {
                "car": {
                    "popGroup2": 2.628236247282324,
                    "popGroup4": 0.0,
                    "popGroup6": 0.0,
                    "popGroup10": 2.662403673557724,
                    "popGroup12": 0.0,
                    "popGroup14": 0.0
                },
                "publicTransport": {
                    "popGroup0": 0.0,
                    "popGroup1": 0.0,
                    "popGroup2": 0.09992206068189946,
                    "popGroup3": 0.7630285719851242,
                    "popGroup4": 0.0,
                    "popGroup5": 0.0,
                    "popGroup6": 0.0,
                    "popGroup7": 0.0,
                    "popGroup8": 0.0,
                    "popGroup9": 0.0,
                    "popGroup10": 0.10122266869508835,
                    "popGroup11": 0.7953931404874942,
                    "popGroup12": 0.0,
                    "popGroup13": 0.0,
                    "popGroup14": 0.0,
                    "popGroup15": 0.0
                }
            },
            "61058": {
                "car": {
                    "popGroup2": 5.4997154981687855,
                    "popGroup4": 0.0,
                    "popGroup6": 0.0,
                    "popGroup10": 5.5711823875806985,
                    "popGroup12": 0.0,
                    "popGroup14": 0.0
                },
                "publicTransport": {
                    "popGroup0": 0.0,
                    "popGroup1": 0.0,
                    "popGroup2": 0.20558415205125433,
                    "popGroup3": 1.5732033537372292,
                    "popGroup4": 0.0,
                    "popGroup5": 0.0,
                    "popGroup6": 0.0,
                    "popGroup7": 0.0,
                    "popGroup8": 0.0,
                    "popGroup9": 0.0,
                    "popGroup10": 0.20826250143501174,
                    "popGroup11": 1.6401882460956791,
                    "popGroup12": 0.0,
                    "popGroup13": 0.0,
                    "popGroup14": 0.0,
                    "popGroup15": 0.0
                }
            },
            "62347": {
                "car": {
                    "popGroup2": 0.6514364729746074,
                    "popGroup4": 0.0,
                    "popGroup6": 0.0,
                    "popGroup10": 0.6599029941537504,
                    "popGroup12": 0.0,
                    "popGroup14": 0.0
                },
                "publicTransport": {
                    "popGroup0": 0.0,
                    "popGroup1": 0.0,
                    "popGroup2": 0.024158237187832422,
                    "popGroup3": 0.185123040007808,
                    "popGroup4": 0.0,
                    "popGroup5": 0.0,
                    "popGroup6": 0.0,
                    "popGroup7": 0.0,
                    "popGroup8": 0.0,
                    "popGroup9": 0.0,
                    "popGroup10": 0.024473154258983578,
                    "popGroup11": 0.19302294715267626,
                    "popGroup12": 0.0,
                    "popGroup13": 0.0,
                    "popGroup14": 0.0,
                    "popGroup15": 0.0
                }
            }
        }
    }
}