{
    "Sum_Trips_per_Mode": {
        "work": {
            "60101": {
                "car": 496.02869109725674,
                "publicTransport": 167.4294824252761
            },
            "60669": {
                "car": 21.312952030651083,
                "publicTransport": 6.639434003751925
            },
            "60608": {
                "car": 10.310069487131049,
                "publicTransport": 3.365264602571372
            },
            "60611": {
                "car": 5.714413947048305,
                "publicTransport": 1.6601363980789143
            },
            "60670": {
                "car": 17.64058947903134,
                "publicTransport": 5.800475516514222
            },
            "60662": {
                "car": 4.7860033635865635,
                "publicTransport": 1.4413120476755492
            },
            "60656": {
                "car": 5.349439506507169,
                "publicTransport": 1.4849409604690522
            },
            "60655": {
                "car": 7.645746034439276,
                "publicTransport": 2.619354258571883
            },
            "60624": {
                "car": 16.601463873941654,
                "publicTransport": 5.538760122217532
            },
            "60660": {
                "car": 5.5867288723999335,
                "publicTransport": 1.4838781140343031
            },
            "60629": {
                "car": 8.109666207784308,
                "publicTransport": 2.0728469703566414
            },
            "60618": {
                "car": 1.5560025536023918,
                "publicTransport": 0.49222355974816384
            },
            "61059": {
                "car": 8.935786827901659,
                "publicTransport": 2.9097770834329983
            },
            "61001": {
                "car": 1.7366267357056306,
                "publicTransport": 0.5403762698618433
            },
            "61055": {
                "car": 2.423774702510462,
                "publicTransport": 0.6677403239228363
            },
            "61021": {
                "car": 10.68436048874388,
                "publicTransport": 3.4643401047575586
            },
            "61017": {
                "car": 1.3923490395029947,
                "publicTransport": 0.4117805244552388
            },
            "61020": {
                "car": 2.8745454815013844,
                "publicTransport": 0.8475763419983131
            },
            "61012": {
                "car": 7.144705783079414,
                "publicTransport": 2.1500610391404837
            },
            "61043": {
                "car": 6.800884348995105,
                "publicTransport": 2.076046026519931
            },
            "61053": {
                "car": 60.784522298634684,
                "publicTransport": 19.139140207234476,
                "bicycle": 10.592049804849246
            },
            "61027": {
                "car": 3.376482049793597,
                "publicTransport": 0.9573394791853216
            },
            "61016": {
                "car": 3.3509235228167573,
                "publicTransport": 0.8786283852201162
            },
            "61045": {
                "car": 17.282765825484304,
                "publicTransport": 4.884028383761067,
                "bicycle": 2.9423701887021445
            },
            "61008": {
                "car": 6.027550595497079,
                "publicTransport": 1.6205070514649713
            },
            "61050": {
                "car": 12.049324453409723,
                "publicTransport": 2.9245947327959607,
                "bicycle": 2.580450831689067
            },
            "61049": {
                "car": 5.4519958410127085,
                "publicTransport": 1.7486704666858282,
                "bicycle": 1.1662892147108712,
                "walk": 0.4596505462216659
            },
            "61058": {
                "car": 19.844400804233484,
                "publicTransport": 5.4564556780745725,
                "bicycle": 3.5942958360433264
            },
            "62347": {
                "car": 2.3660328685915486,
                "publicTransport": 0.6393031058632892
            }
        }
    },
    "Trips_per_group": {
        "work": {
            "60101": {
                "car": {
                    "popGroup2": 240.51978397303924,
                    "popGroup4": 0.0,
                    "popGroup6": 0.0,
                    "popGroup10": 255.5089071242175,
                    "popGroup12": 0.0,
                    "popGroup14": 0.0
                },
                "publicTransport": {
                    "popGroup0": 0.0,
                    "popGroup1": 0.0,
                    "popGroup2": 21.00094671547598,
                    "popGroup3": 65.35860204129463,
                    "popGroup4": 0.0,
                    "popGroup5": 0.0,
                    "popGroup6": 0.0,
                    "popGroup7": 0.0,
                    "popGroup8": 0.0,
                    "popGroup9": 0.0,
                    "popGroup10": 22.306718009197574,
                    "popGroup11": 58.76321565930793,
                    "popGroup12": 0.0,
                    "popGroup13": 0.0,
                    "popGroup14": 0.0,
                    "popGroup15": 0.0
                }
            },
            "60669": {
                "car": {
                    "popGroup2": 10.33434267062779,
                    "popGroup4": 0.0,
                    "popGroup6": 0.0,
                    "popGroup10": 10.978609360023293,
                    "popGroup12": 0.0,
                    "popGroup14": 0.0
                },
                "publicTransport": {
                    "popGroup0": 0.0,
                    "popGroup1": 0.0,
                    "popGroup2": 0.8328267073564325,
                    "popGroup3": 2.591785686711826,
                    "popGroup4": 0.0,
                    "popGroup5": 0.0,
                    "popGroup6": 0.0,
                    "popGroup7": 0.0,
                    "popGroup8": 0.0,
                    "popGroup9": 0.0,
                    "popGroup10": 0.8846292035754656,
                    "popGroup11": 2.3301924061082007,
                    "popGroup12": 0.0,
                    "popGroup13": 0.0,
                    "popGroup14": 0.0,
                    "popGroup15": 0.0
                }
            },
            "60608": {
                "car": {
                    "popGroup2": 4.999148101861402,
                    "popGroup4": 0.0,
                    "popGroup6": 0.0,
                    "popGroup10": 5.310921385269646,
                    "popGroup12": 0.0,
                    "popGroup14": 0.0
                },
                "publicTransport": {
                    "popGroup0": 0.0,
                    "popGroup1": 0.0,
                    "popGroup2": 0.4221172736291471,
                    "popGroup3": 1.313700296661599,
                    "popGroup4": 0.0,
                    "popGroup5": 0.0,
                    "popGroup6": 0.0,
                    "popGroup7": 0.0,
                    "popGroup8": 0.0,
                    "popGroup9": 0.0,
                    "popGroup10": 0.4483931376724753,
                    "popGroup11": 1.1810538946081506,
                    "popGroup12": 0.0,
                    "popGroup13": 0.0,
                    "popGroup14": 0.0,
                    "popGroup15": 0.0
                }
            },
            "60611": {
                "car": {
                    "popGroup2": 2.7708194006957045,
                    "popGroup4": 0.0,
                    "popGroup6": 0.0,
                    "popGroup10": 2.9435945463526,
                    "popGroup12": 0.0,
                    "popGroup14": 0.0
                },
                "publicTransport": {
                    "popGroup0": 0.0,
                    "popGroup1": 0.0,
                    "popGroup2": 0.20824702790111901,
                    "popGroup3": 0.6480423330473479,
                    "popGroup4": 0.0,
                    "popGroup5": 0.0,
                    "popGroup6": 0.0,
                    "popGroup7": 0.0,
                    "popGroup8": 0.0,
                    "popGroup9": 0.0,
                    "popGroup10": 0.22119241828288932,
                    "popGroup11": 0.5826546188475582,
                    "popGroup12": 0.0,
                    "popGroup13": 0.0,
                    "popGroup14": 0.0,
                    "popGroup15": 0.0
                }
            },
            "60670": {
                "car": {
                    "popGroup2": 8.553621367327619,
                    "popGroup4": 0.0,
                    "popGroup6": 0.0,
                    "popGroup10": 9.086968111703722,
                    "popGroup12": 0.0,
                    "popGroup14": 0.0
                },
                "publicTransport": {
                    "popGroup0": 0.0,
                    "popGroup1": 0.0,
                    "popGroup2": 0.727590398870448,
                    "popGroup3": 2.2643034480837683,
                    "popGroup4": 0.0,
                    "popGroup5": 0.0,
                    "popGroup6": 0.0,
                    "popGroup7": 0.0,
                    "popGroup8": 0.0,
                    "popGroup9": 0.0,
                    "popGroup10": 0.772864327692377,
                    "popGroup11": 2.0357173418676293,
                    "popGroup12": 0.0,
                    "popGroup13": 0.0,
                    "popGroup14": 0.0,
                    "popGroup15": 0.0
                }
            },
            "60662": {
                "car": {
                    "popGroup2": 2.3205973478856814,
                    "popGroup4": 0.0,
                    "popGroup6": 0.0,
                    "popGroup10": 2.465406015700882,
                    "popGroup12": 0.0,
                    "popGroup14": 0.0
                },
                "publicTransport": {
                    "popGroup0": 0.0,
                    "popGroup1": 0.0,
                    "popGroup2": 0.18078814128405843,
                    "popGroup3": 0.562652431986975,
                    "popGroup4": 0.0,
                    "popGroup5": 0.0,
                    "popGroup6": 0.0,
                    "popGroup7": 0.0,
                    "popGroup8": 0.0,
                    "popGroup9": 0.0,
                    "popGroup10": 0.19204825388585112,
                    "popGroup11": 0.5058232205186648,
                    "popGroup12": 0.0,
                    "popGroup13": 0.0,
                    "popGroup14": 0.0,
                    "popGroup15": 0.0
                }
            },
            "60656": {
                "car": {
                    "popGroup2": 2.5937167829745493,
                    "popGroup4": 0.0,
                    "popGroup6": 0.0,
                    "popGroup10": 2.7557227235326196,
                    "popGroup12": 0.0,
                    "popGroup14": 0.0
                },
                "publicTransport": {
                    "popGroup0": 0.0,
                    "popGroup1": 0.0,
                    "popGroup2": 0.18625602876915887,
                    "popGroup3": 0.5796978432727318,
                    "popGroup4": 0.0,
                    "popGroup5": 0.0,
                    "popGroup6": 0.0,
                    "popGroup7": 0.0,
                    "popGroup8": 0.0,
                    "popGroup9": 0.0,
                    "popGroup10": 0.1978668282049338,
                    "popGroup11": 0.5211202602222278,
                    "popGroup12": 0.0,
                    "popGroup13": 0.0,
                    "popGroup14": 0.0,
                    "popGroup15": 0.0
                }
            },
            "60655": {
                "car": {
                    "popGroup2": 3.707154238253482,
                    "popGroup4": 0.0,
                    "popGroup6": 0.0,
                    "popGroup10": 3.9385917961857944,
                    "popGroup12": 0.0,
                    "popGroup14": 0.0
                },
                "publicTransport": {
                    "popGroup0": 0.0,
                    "popGroup1": 0.0,
                    "popGroup2": 0.3285374688827363,
                    "popGroup3": 1.0225767101397787,
                    "popGroup4": 0.0,
                    "popGroup5": 0.0,
                    "popGroup6": 0.0,
                    "popGroup7": 0.0,
                    "popGroup8": 0.0,
                    "popGroup9": 0.0,
                    "popGroup10": 0.3490327371294431,
                    "popGroup11": 0.919207342419925,
                    "popGroup12": 0.0,
                    "popGroup13": 0.0,
                    "popGroup14": 0.0,
                    "popGroup15": 0.0
                }
            },
            "60624": {
                "car": {
                    "popGroup2": 8.049583220386083,
                    "popGroup4": 0.0,
                    "popGroup6": 0.0,
                    "popGroup10": 8.55188065355557,
                    "popGroup12": 0.0,
                    "popGroup14": 0.0
                },
                "publicTransport": {
                    "popGroup0": 0.0,
                    "popGroup1": 0.0,
                    "popGroup2": 0.6947291765619925,
                    "popGroup3": 2.162233734440276,
                    "popGroup4": 0.0,
                    "popGroup5": 0.0,
                    "popGroup6": 0.0,
                    "popGroup7": 0.0,
                    "popGroup8": 0.0,
                    "popGroup9": 0.0,
                    "popGroup10": 0.7380269879412112,
                    "popGroup11": 1.943770223274052,
                    "popGroup12": 0.0,
                    "popGroup13": 0.0,
                    "popGroup14": 0.0,
                    "popGroup15": 0.0
                }
            },
            "60660": {
                "car": {
                    "popGroup2": 2.708809677801577,
                    "popGroup4": 0.0,
                    "popGroup6": 0.0,
                    "popGroup10": 2.8779191945983564,
                    "popGroup12": 0.0,
                    "popGroup14": 0.0
                },
                "publicTransport": {
                    "popGroup0": 0.0,
                    "popGroup1": 0.0,
                    "popGroup2": 0.18612880398642617,
                    "popGroup3": 0.5792654039459091,
                    "popGroup4": 0.0,
                    "popGroup5": 0.0,
                    "popGroup6": 0.0,
                    "popGroup7": 0.0,
                    "popGroup8": 0.0,
                    "popGroup9": 0.0,
                    "popGroup10": 0.1977190897974903,
                    "popGroup11": 0.5207648163044776,
                    "popGroup12": 0.0,
                    "popGroup13": 0.0,
                    "popGroup14": 0.0,
                    "popGroup15": 0.0
                }
            },
            "60629": {
                "car": {
                    "popGroup2": 3.9321939118917886,
                    "popGroup4": 0.0,
                    "popGroup6": 0.0,
                    "popGroup10": 4.177472295892518,
                    "popGroup12": 0.0,
                    "popGroup14": 0.0
                },
                "publicTransport": {
                    "popGroup0": 0.0,
                    "popGroup1": 0.0,
                    "popGroup2": 0.2600218704129313,
                    "popGroup3": 0.8091327659364165,
                    "popGroup4": 0.0,
                    "popGroup5": 0.0,
                    "popGroup6": 0.0,
                    "popGroup7": 0.0,
                    "popGroup8": 0.0,
                    "popGroup9": 0.0,
                    "popGroup10": 0.2761763345625111,
                    "popGroup11": 0.7275159994447823,
                    "popGroup12": 0.0,
                    "popGroup13": 0.0,
                    "popGroup14": 0.0,
                    "popGroup15": 0.0
                }
            },
            "60618": {
                "car": {
                    "popGroup2": 0.7544977894299132,
                    "popGroup4": 0.0,
                    "popGroup6": 0.0,
                    "popGroup10": 0.8015047641724785,
                    "popGroup12": 0.0,
                    "popGroup14": 0.0
                },
                "publicTransport": {
                    "popGroup0": 0.0,
                    "popGroup1": 0.0,
                    "popGroup2": 0.06174669468561657,
                    "popGroup3": 0.19213465712430008,
                    "popGroup4": 0.0,
                    "popGroup5": 0.0,
                    "popGroup6": 0.0,
                    "popGroup7": 0.0,
                    "popGroup8": 0.0,
                    "popGroup9": 0.0,
                    "popGroup10": 0.06557968666350728,
                    "popGroup11": 0.1727625212747399,
                    "popGroup12": 0.0,
                    "popGroup13": 0.0,
                    "popGroup14": 0.0,
                    "popGroup15": 0.0
                }
            },
            "61059": {
                "car": {
                    "popGroup2": 4.332537187295573,
                    "popGroup4": 0.0,
                    "popGroup6": 0.0,
                    "popGroup10": 4.603249640606086,
                    "popGroup12": 0.0,
                    "popGroup14": 0.0
                },
                "publicTransport": {
                    "popGroup0": 0.0,
                    "popGroup1": 0.0,
                    "popGroup2": 0.36495101209763375,
                    "popGroup3": 1.1359927126053715,
                    "popGroup4": 0.0,
                    "popGroup5": 0.0,
                    "popGroup6": 0.0,
                    "popGroup7": 0.0,
                    "popGroup8": 0.0,
                    "popGroup9": 0.0,
                    "popGroup10": 0.38774391366736405,
                    "popGroup11": 1.0210894450626289,
                    "popGroup12": 0.0,
                    "popGroup13": 0.0,
                    "popGroup14": 0.0,
                    "popGroup15": 0.0
                }
            },
            "61001": {
                "car": {
                    "popGroup2": 0.842014523227411,
                    "popGroup4": 0.0,
                    "popGroup6": 0.0,
                    "popGroup10": 0.8946122124782196,
                    "popGroup12": 0.0,
                    "popGroup14": 0.0
                },
                "publicTransport": {
                    "popGroup0": 0.0,
                    "popGroup1": 0.0,
                    "popGroup2": 0.06777631239971199,
                    "popGroup3": 0.2109631675836213,
                    "popGroup4": 0.0,
                    "popGroup5": 0.0,
                    "popGroup6": 0.0,
                    "popGroup7": 0.0,
                    "popGroup8": 0.0,
                    "popGroup9": 0.0,
                    "popGroup10": 0.07200753794589043,
                    "popGroup11": 0.18962925193261965,
                    "popGroup12": 0.0,
                    "popGroup13": 0.0,
                    "popGroup14": 0.0,
                    "popGroup15": 0.0
                }
            },
            "61055": {
                "car": {
                    "popGroup2": 1.1751740156092005,
                    "popGroup4": 0.0,
                    "popGroup6": 0.0,
                    "popGroup10": 1.2486006869012616,
                    "popGroup12": 0.0,
                    "popGroup14": 0.0
                },
                "publicTransport": {
                    "popGroup0": 0.0,
                    "popGroup1": 0.0,
                    "popGroup2": 0.08375027368877934,
                    "popGroup3": 0.26068773655269895,
                    "popGroup4": 0.0,
                    "popGroup5": 0.0,
                    "popGroup6": 0.0,
                    "popGroup7": 0.0,
                    "popGroup8": 0.0,
                    "popGroup9": 0.0,
                    "popGroup10": 0.08897982488074437,
                    "popGroup11": 0.23432248880061368,
                    "popGroup12": 0.0,
                    "popGroup13": 0.0,
                    "popGroup14": 0.0,
                    "popGroup15": 0.0
                }
            },
            "61021": {
                "car": {
                    "popGroup2": 5.180260581436729,
                    "popGroup4": 0.0,
                    "popGroup6": 0.0,
                    "popGroup10": 5.504099907307152,
                    "popGroup12": 0.0,
                    "popGroup14": 0.0
                },
                "publicTransport": {
                    "popGroup0": 0.0,
                    "popGroup1": 0.0,
                    "popGroup2": 0.4344944828785468,
                    "popGroup3": 1.3525251401251044,
                    "popGroup4": 0.0,
                    "popGroup5": 0.0,
                    "popGroup6": 0.0,
                    "popGroup7": 0.0,
                    "popGroup8": 0.0,
                    "popGroup9": 0.0,
                    "popGroup10": 0.46164905256045224,
                    "popGroup11": 1.215671429193455,
                    "popGroup12": 0.0,
                    "popGroup13": 0.0,
                    "popGroup14": 0.0,
                    "popGroup15": 0.0
                }
            },
            "61017": {
                "car": {
                    "popGroup2": 0.6751027724135654,
                    "popGroup4": 0.0,
                    "popGroup6": 0.0,
                    "popGroup10": 0.7172462670894293,
                    "popGroup12": 0.0,
                    "popGroup14": 0.0
                },
                "publicTransport": {
                    "popGroup0": 0.0,
                    "popGroup1": 0.0,
                    "popGroup2": 0.05164954720614468,
                    "popGroup3": 0.1607523930887163,
                    "popGroup4": 0.0,
                    "popGroup5": 0.0,
                    "popGroup6": 0.0,
                    "popGroup7": 0.0,
                    "popGroup8": 0.0,
                    "popGroup9": 0.0,
                    "popGroup10": 0.05486883613575923,
                    "popGroup11": 0.14450974802461866,
                    "popGroup12": 0.0,
                    "popGroup13": 0.0,
                    "popGroup14": 0.0,
                    "popGroup15": 0.0
                }
            },
            "61020": {
                "car": {
                    "popGroup2": 1.3937245705056034,
                    "popGroup4": 0.0,
                    "popGroup6": 0.0,
                    "popGroup10": 1.480820910995781,
                    "popGroup12": 0.0,
                    "popGroup14": 0.0
                },
                "publicTransport": {
                    "popGroup0": 0.0,
                    "popGroup1": 0.0,
                    "popGroup2": 0.10630461699340203,
                    "popGroup3": 0.33089808096957457,
                    "popGroup4": 0.0,
                    "popGroup5": 0.0,
                    "popGroup6": 0.0,
                    "popGroup7": 0.0,
                    "popGroup8": 0.0,
                    "popGroup9": 0.0,
                    "popGroup10": 0.11294299853877322,
                    "popGroup11": 0.29743064549656323,
                    "popGroup12": 0.0,
                    "popGroup13": 0.0,
                    "popGroup14": 0.0,
                    "popGroup15": 0.0
                }
            },
            "61012": {
                "car": {
                    "popGroup2": 3.4640086767796356,
                    "popGroup4": 0.0,
                    "popGroup6": 0.0,
                    "popGroup10": 3.680697106299778,
                    "popGroup12": 0.0,
                    "popGroup14": 0.0
                },
                "publicTransport": {
                    "popGroup0": 0.0,
                    "popGroup1": 0.0,
                    "popGroup2": 0.269652070230482,
                    "popGroup3": 0.839434023056365,
                    "popGroup4": 0.0,
                    "popGroup5": 0.0,
                    "popGroup6": 0.0,
                    "popGroup7": 0.0,
                    "popGroup8": 0.0,
                    "popGroup9": 0.0,
                    "popGroup10": 0.2865205366407414,
                    "popGroup11": 0.7544544092128951,
                    "popGroup12": 0.0,
                    "popGroup13": 0.0,
                    "popGroup14": 0.0,
                    "popGroup15": 0.0
                }
            },
            "61043": {
                "car": {
                    "popGroup2": 3.297356555944531,
                    "popGroup4": 0.0,
                    "popGroup6": 0.0,
                    "popGroup10": 3.503527793050574,
                    "popGroup12": 0.0,
                    "popGroup14": 0.0
                },
                "publicTransport": {
                    "popGroup0": 0.0,
                    "popGroup1": 0.0,
                    "popGroup2": 0.26037269076110314,
                    "popGroup3": 0.8105221991274059,
                    "popGroup4": 0.0,
                    "popGroup5": 0.0,
                    "popGroup6": 0.0,
                    "popGroup7": 0.0,
                    "popGroup8": 0.0,
                    "popGroup9": 0.0,
                    "popGroup10": 0.2766478817644804,
                    "popGroup11": 0.7285032548669417,
                    "popGroup12": 0.0,
                    "popGroup13": 0.0,
                    "popGroup14": 0.0,
                    "popGroup15": 0.0
                }
            },
            "61053": {
                "car": {
                    "popGroup2": 29.47016061119382,
                    "popGroup4": 0.0,
                    "popGroup6": 0.0,
                    "popGroup10": 31.314361687440865,
                    "popGroup12": 0.0,
                    "popGroup14": 0.0
                },
                "publicTransport": {
                    "popGroup0": 0.0,
                    "popGroup1": 0.0,
                    "popGroup2": 2.400274142728737,
                    "popGroup3": 7.4725286649202785,
                    "popGroup4": 0.0,
                    "popGroup5": 0.0,
                    "popGroup6": 0.0,
                    "popGroup7": 0.0,
                    "popGroup8": 0.0,
                    "popGroup9": 0.0,
                    "popGroup10": 2.550511652124318,
                    "popGroup11": 6.715825747461144,
                    "popGroup12": 0.0,
                    "popGroup13": 0.0,
                    "popGroup14": 0.0,
                    "popGroup15": 0.0
                },
                "bicycle": {
                    "popGroup0": 0.0,
                    "popGroup1": 0.0,
                    "popGroup2": 1.3285404621244736,
                    "popGroup3": 4.134907042209511,
                    "popGroup4": 0.0,
                    "popGroup5": 0.0,
                    "popGroup6": 0.0,
                    "popGroup7": 0.0,
                    "popGroup8": 0.0,
                    "popGroup9": 0.0,
                    "popGroup10": 1.411258837169473,
                    "popGroup11": 3.717343463345789,
                    "popGroup12": 0.0,
                    "popGroup13": 0.0,
                    "popGroup14": 0.0,
                    "popGroup15": 0.0
                }
            },
            "61027": {
                "car": {
                    "popGroup2": 1.6370698688713397,
                    "popGroup4": 0.0,
                    "popGroup6": 0.0,
                    "popGroup10": 1.7394121809222574,
                    "popGroup12": 0.0,
                    "popGroup14": 0.0
                },
                "publicTransport": {
                    "popGroup0": 0.0,
                    "popGroup1": 0.0,
                    "popGroup2": 0.12006897332796243,
                    "popGroup3": 0.37375834780252726,
                    "popGroup4": 0.0,
                    "popGroup5": 0.0,
                    "popGroup6": 0.0,
                    "popGroup7": 0.0,
                    "popGroup8": 0.0,
                    "popGroup9": 0.0,
                    "popGroup10": 0.12757340430318226,
                    "popGroup11": 0.3359387537516496,
                    "popGroup12": 0.0,
                    "popGroup13": 0.0,
                    "popGroup14": 0.0,
                    "popGroup15": 0.0
                }
            },
            "61016": {
                "car": {
                    "popGroup2": 1.6246530591438424,
                    "popGroup4": 0.0,
                    "popGroup6": 0.0,
                    "popGroup10": 1.726270463672915,
                    "popGroup12": 0.0,
                    "popGroup14": 0.0
                },
                "publicTransport": {
                    "popGroup0": 0.0,
                    "popGroup1": 0.0,
                    "popGroup2": 0.11019616810641666,
                    "popGroup3": 0.34302842714727283,
                    "popGroup4": 0.0,
                    "popGroup5": 0.0,
                    "popGroup6": 0.0,
                    "popGroup7": 0.0,
                    "popGroup8": 0.0,
                    "popGroup9": 0.0,
                    "popGroup10": 0.11708235262045671,
                    "popGroup11": 0.3083214373459699,
                    "popGroup12": 0.0,
                    "popGroup13": 0.0,
                    "popGroup14": 0.0,
                    "popGroup15": 0.0
                }
            },
            "61045": {
                "car": {
                    "popGroup2": 8.379107830076109,
                    "popGroup4": 0.0,
                    "popGroup6": 0.0,
                    "popGroup10": 8.903657995408198,
                    "popGroup12": 0.0,
                    "popGroup14": 0.0
                },
                "publicTransport": {
                    "popGroup0": 0.0,
                    "popGroup1": 0.0,
                    "popGroup2": 0.6125098248334557,
                    "popGroup3": 1.9068771826722468,
                    "popGroup4": 0.0,
                    "popGroup5": 0.0,
                    "popGroup6": 0.0,
                    "popGroup7": 0.0,
                    "popGroup8": 0.0,
                    "popGroup9": 0.0,
                    "popGroup10": 0.6508385396084323,
                    "popGroup11": 1.713802836646932,
                    "popGroup12": 0.0,
                    "popGroup13": 0.0,
                    "popGroup14": 0.0,
                    "popGroup15": 0.0
                },
                "bicycle": {
                    "popGroup0": 0.0,
                    "popGroup1": 0.0,
                    "popGroup2": 0.36904586182338395,
                    "popGroup3": 1.1486707578971949,
                    "popGroup4": 0.0,
                    "popGroup5": 0.0,
                    "popGroup6": 0.0,
                    "popGroup7": 0.0,
                    "popGroup8": 0.0,
                    "popGroup9": 0.0,
                    "popGroup10": 0.3920489752474386,
                    "popGroup11": 1.032604593734127,
                    "popGroup12": 0.0,
                    "popGroup13": 0.0,
                    "popGroup14": 0.0,
                    "popGroup15": 0.0
                }
            },
            "61008": {
                "car": {
                    "popGroup2": 2.922341138241799,
                    "popGroup4": 0.0,
                    "popGroup6": 0.0,
                    "popGroup10": 3.1052094572552793,
                    "popGroup12": 0.0,
                    "popGroup14": 0.0
                },
                "publicTransport": {
                    "popGroup0": 0.0,
                    "popGroup1": 0.0,
                    "popGroup2": 0.20323532365820052,
                    "popGroup3": 0.632682874298691,
                    "popGroup4": 0.0,
                    "popGroup5": 0.0,
                    "popGroup6": 0.0,
                    "popGroup7": 0.0,
                    "popGroup8": 0.0,
                    "popGroup9": 0.0,
                    "popGroup10": 0.21594517133133898,
                    "popGroup11": 0.568643682176741,
                    "popGroup12": 0.0,
                    "popGroup13": 0.0,
                    "popGroup14": 0.0,
                    "popGroup15": 0.0
                }
            },
            "61050": {
                "car": {
                    "popGroup2": 5.841690985383679,
                    "popGroup4": 0.0,
                    "popGroup6": 0.0,
                    "popGroup10": 6.207633468026043,
                    "popGroup12": 0.0,
                    "popGroup14": 0.0
                },
                "publicTransport": {
                    "popGroup0": 0.0,
                    "popGroup1": 0.0,
                    "popGroup2": 0.3667809189653719,
                    "popGroup3": 1.1418681860746795,
                    "popGroup4": 0.0,
                    "popGroup5": 0.0,
                    "popGroup6": 0.0,
                    "popGroup7": 0.0,
                    "popGroup8": 0.0,
                    "popGroup9": 0.0,
                    "popGroup10": 0.3897567326551904,
                    "popGroup11": 1.026188895100719,
                    "popGroup12": 0.0,
                    "popGroup13": 0.0,
                    "popGroup14": 0.0,
                    "popGroup15": 0.0
                },
                "bicycle": {
                    "popGroup0": 0.0,
                    "popGroup1": 0.0,
                    "popGroup2": 0.32362182569833303,
                    "popGroup3": 1.0074881790860628,
                    "popGroup4": 0.0,
                    "popGroup5": 0.0,
                    "popGroup6": 0.0,
                    "popGroup7": 0.0,
                    "popGroup8": 0.0,
                    "popGroup9": 0.0,
                    "popGroup10": 0.343878938144489,
                    "popGroup11": 0.9054618887601822,
                    "popGroup12": 0.0,
                    "popGroup13": 0.0,
                    "popGroup14": 0.0,
                    "popGroup15": 0.0
                }
            },
            "61049": {
                "car": {
                    "popGroup2": 2.643250054874207,
                    "popGroup4": 0.0,
                    "popGroup6": 0.0,
                    "popGroup10": 2.808745786138502,
                    "popGroup12": 0.0,
                    "popGroup14": 0.0
                },
                "publicTransport": {
                    "popGroup0": 0.0,
                    "popGroup1": 0.0,
                    "popGroup2": 0.2193076513333164,
                    "popGroup3": 0.6827288990248459,
                    "popGroup4": 0.0,
                    "popGroup5": 0.0,
                    "popGroup6": 0.0,
                    "popGroup7": 0.0,
                    "popGroup8": 0.0,
                    "popGroup9": 0.0,
                    "popGroup10": 0.23303012477615961,
                    "popGroup11": 0.6136037915515062,
                    "popGroup12": 0.0,
                    "popGroup13": 0.0,
                    "popGroup14": 0.0,
                    "popGroup15": 0.0
                },
                "bicycle": {
                    "popGroup0": 0.0,
                    "popGroup1": 0.0,
                    "popGroup2": 0.14628505042825787,
                    "popGroup3": 0.45529456620259307,
                    "popGroup4": 0.0,
                    "popGroup5": 0.0,
                    "popGroup6": 0.0,
                    "popGroup7": 0.0,
                    "popGroup8": 0.0,
                    "popGroup9": 0.0,
                    "popGroup10": 0.15539311650932913,
                    "popGroup11": 0.4093164815706911,
                    "popGroup12": 0.0,
                    "popGroup13": 0.0,
                    "popGroup14": 0.0,
                    "popGroup15": 0.0
                },
                "walk": {
                    "popGroup0": 0.0,
                    "popGroup1": 0.0,
                    "popGroup2": 0.057666545521243506,
                    "popGroup3": 0.17938995626001636,
                    "popGroup4": 0.0,
                    "popGroup5": 0.0,
                    "popGroup6": 0.0,
                    "popGroup7": 0.0,
                    "popGroup8": 0.0,
                    "popGroup9": 0.0,
                    "popGroup10": 0.061218832677558066,
                    "popGroup11": 0.161375211762848,
                    "popGroup12": 0.0,
                    "popGroup13": 0.0,
                    "popGroup14": 0.0,
                    "popGroup15": 0.0
                }
            },
            "61058": {
                "car": {
                    "popGroup2": 9.620984391716307,
                    "popGroup4": 0.0,
                    "popGroup6": 0.0,
                    "popGroup10": 10.223416412517176,
                    "popGroup12": 0.0,
                    "popGroup14": 0.0
                },
                "publicTransport": {
                    "popGroup0": 0.0,
                    "popGroup1": 0.0,
                    "popGroup2": 0.6842807577785944,
                    "popGroup3": 2.1304207440113405,
                    "popGroup4": 0.0,
                    "popGroup5": 0.0,
                    "popGroup6": 0.0,
                    "popGroup7": 0.0,
                    "popGroup8": 0.0,
                    "popGroup9": 0.0,
                    "popGroup10": 0.727136266395563,
                    "popGroup11": 1.914617909889075,
                    "popGroup12": 0.0,
                    "popGroup13": 0.0,
                    "popGroup14": 0.0,
                    "popGroup15": 0.0
                },
                "bicycle": {
                    "popGroup0": 0.0,
                    "popGroup1": 0.0,
                    "popGroup2": 0.45079374523766824,
                    "popGroup3": 1.4032450093308004,
                    "popGroup4": 0.0,
                    "popGroup5": 0.0,
                    "popGroup6": 0.0,
                    "popGroup7": 0.0,
                    "popGroup8": 0.0,
                    "popGroup9": 0.0,
                    "popGroup10": 0.47894755278310513,
                    "popGroup11": 1.2613095286917524,
                    "popGroup12": 0.0,
                    "popGroup13": 0.0,
                    "popGroup14": 0.0,
                    "popGroup15": 0.0
                }
            },
            "62347": {
                "car": {
                    "popGroup2": 1.1471218101386276,
                    "popGroup4": 0.0,
                    "popGroup6": 0.0,
                    "popGroup10": 1.2189110584529212,
                    "popGroup12": 0.0,
                    "popGroup14": 0.0
                },
                "publicTransport": {
                    "popGroup0": 0.0,
                    "popGroup1": 0.0,
                    "popGroup2": 0.08017646965337956,
                    "popGroup3": 0.24960317928035258,
                    "popGroup4": 0.0,
                    "popGroup5": 0.0,
                    "popGroup6": 0.0,
                    "popGroup7": 0.0,
                    "popGroup8": 0.0,
                    "popGroup9": 0.0,
                    "popGroup10": 0.08519401151166892,
                    "popGroup11": 0.22432944541788816,
                    "popGroup12": 0.0,
                    "popGroup13": 0.0,
                    "popGroup14": 0.0,
                    "popGroup15": 0.0
                }
            }
        }
    }
}