{
    "Sum_Trips_per_Mode": {
        "work": {
            "60101": {
                "car": 370.85968885505656,
                "publicTransport": 81.74837689816391
            },
            "60669": {
                "car": 15.889417178986307,
                "publicTransport": 3.7762178251226586
            },
            "60608": {
                "car": 7.594130960155878,
                "publicTransport": 1.7771886261733225
            },
            "60611": {
                "car": 4.6385819858190755,
                "publicTransport": 2.031184935844872
            },
            "60670": {
                "car": 13.162544850485595,
                "publicTransport": 4.159477505343121
            },
            "60662": {
                "car": 3.845256491358531,
                "publicTransport": 1.7327372997049522
            },
            "60656": {
                "car": 3.8819435502203024,
                "publicTransport": 0.9004439360261874
            },
            "60655": {
                "car": 5.513670901733067,
                "publicTransport": 1.406966930049772
            },
            "60624": {
                "car": 12.088353980671574,
                "publicTransport": 5.519063979681621
            },
            "60660": {
                "car": 4.1187127617683235,
                "publicTransport": 1.0189644861327667
            },
            "60629": {
                "car": 6.110217052428873,
                "publicTransport": 1.650515249984124
            },
            "60618": {
                "car": 1.1858980496190925,
                "publicTransport": 0.403680923517042
            },
            "61059": {
                "car": 6.384876697158839,
                "publicTransport": 1.84329713204012
            },
            "61001": {
                "car": 1.3939512975779325,
                "publicTransport": 0.63910161391357
            },
            "61055": {
                "car": 2.0047405805183356,
                "publicTransport": 0.9294378677544788,
                "bicycle": 0.7112496102734281
            },
            "61021": {
                "car": 7.8618905534019845,
                "publicTransport": 3.7639790246627833,
                "bicycle": 2.548611675137632
            },
            "61017": {
                "car": 0.9617722264706887,
                "publicTransport": 0.3378266123517051
            },
            "61020": {
                "car": 1.9442430047246542,
                "publicTransport": 0.9036081473399049
            },
            "61012": {
                "car": 4.846480171871252,
                "publicTransport": 2.273831869649458,
                "bicycle": 1.7167471557614982
            },
            "61043": {
                "car": 4.400690853392415,
                "publicTransport": 2.010424582757305
            },
            "61053": {
                "car": 33.41341448708077,
                "publicTransport": 15.264993524161811
            },
            "61027": {
                "car": 1.7003429757146997,
                "publicTransport": 0.928170830056039,
                "bicycle": 0.6189022212347959,
                "walk": 0.24379262409519617
            },
            "61016": {
                "car": 1.4927052913561996,
                "publicTransport": 0.673836785142996
            },
            "61045": {
                "car": 8.06519454369378,
                "publicTransport": 3.7083953006402917
            },
            "61008": {
                "car": 3.294465750126408,
                "publicTransport": 1.5621180799979846,
                "bicycle": 0.9935144400777827
            },
            "61050": {
                "car": 3.635655218568513,
                "publicTransport": 1.736643760959137
            },
            "61049": {
                "car": 2.8418920680988986,
                "publicTransport": 1.4202677252193252
            },
            "61058": {
                "car": 7.391768422715133,
                "publicTransport": 3.44375504169518
            },
            "62347": {
                "car": 0.8880196272842025,
                "publicTransport": 0.40073723405431017
            }
        }
    },
    "Trips_per_group": {
        "work": {
            "60101": {
                "car": {
                    "popGroup2": 180.76685180551638,
                    "popGroup4": 0.0,
                    "popGroup6": 0.0,
                    "popGroup10": 190.0928370495402,
                    "popGroup12": 0.0,
                    "popGroup14": 0.0
                },
                "publicTransport": {
                    "popGroup0": 0.0,
                    "popGroup1": 0.0,
                    "popGroup2": 7.203773058234909,
                    "popGroup3": 38.84125624183903,
                    "popGroup4": 0.0,
                    "popGroup5": 0.0,
                    "popGroup6": 0.0,
                    "popGroup7": 0.0,
                    "popGroup8": 0.0,
                    "popGroup9": 0.0,
                    "popGroup10": 7.57613436910232,
                    "popGroup11": 28.127213228987657,
                    "popGroup12": 0.0,
                    "popGroup13": 0.0,
                    "popGroup14": 0.0,
                    "popGroup15": 0.0
                }
            },
            "60669": {
                "car": {
                    "popGroup2": 7.744952318338329,
                    "popGroup4": 0.0,
                    "popGroup6": 0.0,
                    "popGroup10": 8.144464860647979,
                    "popGroup12": 0.0,
                    "popGroup14": 0.0
                },
                "publicTransport": {
                    "popGroup0": 0.0,
                    "popGroup1": 0.0,
                    "popGroup2": 0.3227129745939495,
                    "popGroup3": 1.806185449875399,
                    "popGroup4": 0.0,
                    "popGroup5": 0.0,
                    "popGroup6": 0.0,
                    "popGroup7": 0.0,
                    "popGroup8": 0.0,
                    "popGroup9": 0.0,
                    "popGroup10": 0.33938600768781874,
                    "popGroup11": 1.3079333929654915,
                    "popGroup12": 0.0,
                    "popGroup13": 0.0,
                    "popGroup14": 0.0,
                    "popGroup15": 0.0
                }
            },
            "60608": {
                "car": {
                    "popGroup2": 3.701608882080318,
                    "popGroup4": 0.0,
                    "popGroup6": 0.0,
                    "popGroup10": 3.8925220780755603,
                    "popGroup12": 0.0,
                    "popGroup14": 0.0
                },
                "publicTransport": {
                    "popGroup0": 0.0,
                    "popGroup1": 0.0,
                    "popGroup2": 0.15482335224225718,
                    "popGroup3": 0.8465420918000677,
                    "popGroup4": 0.0,
                    "popGroup5": 0.0,
                    "popGroup6": 0.0,
                    "popGroup7": 0.0,
                    "popGroup8": 0.0,
                    "popGroup9": 0.0,
                    "popGroup10": 0.1628205660090936,
                    "popGroup11": 0.613002616121904,
                    "popGroup12": 0.0,
                    "popGroup13": 0.0,
                    "popGroup14": 0.0,
                    "popGroup15": 0.0
                }
            },
            "60611": {
                "car": {
                    "popGroup2": 2.260985549791033,
                    "popGroup4": 0.0,
                    "popGroup6": 0.0,
                    "popGroup10": 2.3775964360280426,
                    "popGroup12": 0.0,
                    "popGroup14": 0.0
                },
                "publicTransport": {
                    "popGroup0": 0.0,
                    "popGroup1": 0.0,
                    "popGroup2": 0.15244208027848782,
                    "popGroup3": 0.9966651709992926,
                    "popGroup4": 0.0,
                    "popGroup5": 0.0,
                    "popGroup6": 0.0,
                    "popGroup7": 0.0,
                    "popGroup8": 0.0,
                    "popGroup9": 0.0,
                    "popGroup10": 0.1603146416499638,
                    "popGroup11": 0.7217630429171277,
                    "popGroup12": 0.0,
                    "popGroup13": 0.0,
                    "popGroup14": 0.0,
                    "popGroup15": 0.0
                }
            },
            "60670": {
                "car": {
                    "popGroup2": 6.415808970977065,
                    "popGroup4": 0.0,
                    "popGroup6": 0.0,
                    "popGroup10": 6.746735879508529,
                    "popGroup12": 0.0,
                    "popGroup14": 0.0
                },
                "publicTransport": {
                    "popGroup0": 0.0,
                    "popGroup1": 0.0,
                    "popGroup2": 0.3148052976971082,
                    "popGroup3": 2.0378918956288263,
                    "popGroup4": 0.0,
                    "popGroup5": 0.0,
                    "popGroup6": 0.0,
                    "popGroup7": 0.0,
                    "popGroup8": 0.0,
                    "popGroup9": 0.0,
                    "popGroup10": 0.331048615301862,
                    "popGroup11": 1.4757316967153242,
                    "popGroup12": 0.0,
                    "popGroup13": 0.0,
                    "popGroup14": 0.0,
                    "popGroup15": 0.0
                }
            },
            "60662": {
                "car": {
                    "popGroup2": 1.8743088930931746,
                    "popGroup4": 0.0,
                    "popGroup6": 0.0,
                    "popGroup10": 1.9709475982653566,
                    "popGroup12": 0.0,
                    "popGroup14": 0.0
                },
                "publicTransport": {
                    "popGroup0": 0.0,
                    "popGroup1": 0.0,
                    "popGroup2": 0.1295188743876926,
                    "popGroup3": 0.8508675929460527,
                    "popGroup4": 0.0,
                    "popGroup5": 0.0,
                    "popGroup6": 0.0,
                    "popGroup7": 0.0,
                    "popGroup8": 0.0,
                    "popGroup9": 0.0,
                    "popGroup10": 0.13620315624187118,
                    "popGroup11": 0.6161476761293356,
                    "popGroup12": 0.0,
                    "popGroup13": 0.0,
                    "popGroup14": 0.0,
                    "popGroup15": 0.0
                }
            },
            "60656": {
                "car": {
                    "popGroup2": 1.8922039563923359,
                    "popGroup4": 0.0,
                    "popGroup6": 0.0,
                    "popGroup10": 1.9897395938279665,
                    "popGroup12": 0.0,
                    "popGroup14": 0.0
                },
                "publicTransport": {
                    "popGroup0": 0.0,
                    "popGroup1": 0.0,
                    "popGroup2": 0.06940765605049151,
                    "popGroup3": 0.43967591109369497,
                    "popGroup4": 0.0,
                    "popGroup5": 0.0,
                    "popGroup6": 0.0,
                    "popGroup7": 0.0,
                    "popGroup8": 0.0,
                    "popGroup9": 0.0,
                    "popGroup10": 0.07298648408218048,
                    "popGroup11": 0.31837388479982054,
                    "popGroup12": 0.0,
                    "popGroup13": 0.0,
                    "popGroup14": 0.0,
                    "popGroup15": 0.0
                }
            },
            "60655": {
                "car": {
                    "popGroup2": 2.6875576226981996,
                    "popGroup4": 0.0,
                    "popGroup6": 0.0,
                    "popGroup10": 2.8261132790348675,
                    "popGroup12": 0.0,
                    "popGroup14": 0.0
                },
                "publicTransport": {
                    "popGroup0": 0.0,
                    "popGroup1": 0.0,
                    "popGroup2": 0.10964591983770905,
                    "popGroup3": 0.6855901644466172,
                    "popGroup4": 0.0,
                    "popGroup5": 0.0,
                    "popGroup6": 0.0,
                    "popGroup7": 0.0,
                    "popGroup8": 0.0,
                    "popGroup9": 0.0,
                    "popGroup10": 0.11529803004606237,
                    "popGroup11": 0.4964328157193834,
                    "popGroup12": 0.0,
                    "popGroup13": 0.0,
                    "popGroup14": 0.0,
                    "popGroup15": 0.0
                }
            },
            "60624": {
                "car": {
                    "popGroup2": 5.892262448777335,
                    "popGroup4": 0.0,
                    "popGroup6": 0.0,
                    "popGroup10": 6.196091531894238,
                    "popGroup12": 0.0,
                    "popGroup14": 0.0
                },
                "publicTransport": {
                    "popGroup0": 0.0,
                    "popGroup1": 0.0,
                    "popGroup2": 0.4107989738647428,
                    "popGroup3": 2.7122050011257737,
                    "popGroup4": 0.0,
                    "popGroup5": 0.0,
                    "popGroup6": 0.0,
                    "popGroup7": 0.0,
                    "popGroup8": 0.0,
                    "popGroup9": 0.0,
                    "popGroup10": 0.4320053171266227,
                    "popGroup11": 1.964054687564482,
                    "popGroup12": 0.0,
                    "popGroup13": 0.0,
                    "popGroup14": 0.0,
                    "popGroup15": 0.0
                }
            },
            "60660": {
                "car": {
                    "popGroup2": 2.0076041234998043,
                    "popGroup4": 0.0,
                    "popGroup6": 0.0,
                    "popGroup10": 2.1111086382685196,
                    "popGroup12": 0.0,
                    "popGroup14": 0.0
                },
                "publicTransport": {
                    "popGroup0": 0.0,
                    "popGroup1": 0.0,
                    "popGroup2": 0.07751627232032014,
                    "popGroup3": 0.49876285110696966,
                    "popGroup4": 0.0,
                    "popGroup5": 0.0,
                    "popGroup6": 0.0,
                    "popGroup7": 0.0,
                    "popGroup8": 0.0,
                    "popGroup9": 0.0,
                    "popGroup10": 0.08151490040787195,
                    "popGroup11": 0.36117046229760497,
                    "popGroup12": 0.0,
                    "popGroup13": 0.0,
                    "popGroup14": 0.0,
                    "popGroup15": 0.0
                }
            },
            "60629": {
                "car": {
                    "popGroup2": 2.9783070268725984,
                    "popGroup4": 0.0,
                    "popGroup6": 0.0,
                    "popGroup10": 3.131910025556275,
                    "popGroup12": 0.0,
                    "popGroup14": 0.0
                },
                "publicTransport": {
                    "popGroup0": 0.0,
                    "popGroup1": 0.0,
                    "popGroup2": 0.12324052912415837,
                    "popGroup3": 0.8106295033844506,
                    "popGroup4": 0.0,
                    "popGroup5": 0.0,
                    "popGroup6": 0.0,
                    "popGroup7": 0.0,
                    "popGroup8": 0.0,
                    "popGroup9": 0.0,
                    "popGroup10": 0.12960351061422049,
                    "popGroup11": 0.5870417068612946,
                    "popGroup12": 0.0,
                    "popGroup13": 0.0,
                    "popGroup14": 0.0,
                    "popGroup15": 0.0
                }
            },
            "60618": {
                "car": {
                    "popGroup2": 0.5780363254295138,
                    "popGroup4": 0.0,
                    "popGroup6": 0.0,
                    "popGroup10": 0.6078617241895787,
                    "popGroup12": 0.0,
                    "popGroup14": 0.0
                },
                "publicTransport": {
                    "popGroup0": 0.0,
                    "popGroup1": 0.0,
                    "popGroup2": 0.030020680907819182,
                    "popGroup3": 0.1984049381030577,
                    "popGroup4": 0.0,
                    "popGroup5": 0.0,
                    "popGroup6": 0.0,
                    "popGroup7": 0.0,
                    "popGroup8": 0.0,
                    "popGroup9": 0.0,
                    "popGroup10": 0.031571140565998634,
                    "popGroup11": 0.14368416394016648,
                    "popGroup12": 0.0,
                    "popGroup13": 0.0,
                    "popGroup14": 0.0,
                    "popGroup15": 0.0
                }
            },
            "61059": {
                "car": {
                    "popGroup2": 3.1122396793520624,
                    "popGroup4": 0.0,
                    "popGroup6": 0.0,
                    "popGroup10": 3.272637017806777,
                    "popGroup12": 0.0,
                    "popGroup14": 0.0
                },
                "publicTransport": {
                    "popGroup0": 0.0,
                    "popGroup1": 0.0,
                    "popGroup2": 0.13879824986294304,
                    "popGroup3": 0.9039896151174555,
                    "popGroup4": 0.0,
                    "popGroup5": 0.0,
                    "popGroup6": 0.0,
                    "popGroup7": 0.0,
                    "popGroup8": 0.0,
                    "popGroup9": 0.0,
                    "popGroup10": 0.14594916892343818,
                    "popGroup11": 0.6545600981362832,
                    "popGroup12": 0.0,
                    "popGroup13": 0.0,
                    "popGroup14": 0.0,
                    "popGroup15": 0.0
                }
            },
            "61001": {
                "car": {
                    "popGroup2": 0.6794662431201257,
                    "popGroup4": 0.0,
                    "popGroup6": 0.0,
                    "popGroup10": 0.7144850544578067,
                    "popGroup12": 0.0,
                    "popGroup14": 0.0
                },
                "publicTransport": {
                    "popGroup0": 0.0,
                    "popGroup1": 0.0,
                    "popGroup2": 0.047390926407506646,
                    "popGroup3": 0.3142952473367317,
                    "popGroup4": 0.0,
                    "popGroup5": 0.0,
                    "popGroup6": 0.0,
                    "popGroup7": 0.0,
                    "popGroup8": 0.0,
                    "popGroup9": 0.0,
                    "popGroup10": 0.049834953120918624,
                    "popGroup11": 0.22758048704841305,
                    "popGroup12": 0.0,
                    "popGroup13": 0.0,
                    "popGroup14": 0.0,
                    "popGroup15": 0.0
                }
            },
            "61055": {
                "car": {
                    "popGroup2": 0.9771963787706851,
                    "popGroup4": 0.0,
                    "popGroup6": 0.0,
                    "popGroup10": 1.0275442017476504,
                    "popGroup12": 0.0,
                    "popGroup14": 0.0
                },
                "publicTransport": {
                    "popGroup0": 0.0,
                    "popGroup1": 0.0,
                    "popGroup2": 0.06845393115587925,
                    "popGroup3": 0.45763833605149606,
                    "popGroup4": 0.0,
                    "popGroup5": 0.0,
                    "popGroup6": 0.0,
                    "popGroup7": 0.0,
                    "popGroup8": 0.0,
                    "popGroup9": 0.0,
                    "popGroup10": 0.0719826248833297,
                    "popGroup11": 0.33136297566377376,
                    "popGroup12": 0.0,
                    "popGroup13": 0.0,
                    "popGroup14": 0.0,
                    "popGroup15": 0.0
                },
                "bicycle": {
                    "popGroup0": 0.0,
                    "popGroup1": 0.0,
                    "popGroup2": 0.052695583984394966,
                    "popGroup3": 0.3498276954379351,
                    "popGroup4": 0.0,
                    "popGroup5": 0.0,
                    "popGroup6": 0.0,
                    "popGroup7": 0.0,
                    "popGroup8": 0.0,
                    "popGroup9": 0.0,
                    "popGroup10": 0.05541266856987865,
                    "popGroup11": 0.25331366228121943,
                    "popGroup12": 0.0,
                    "popGroup13": 0.0,
                    "popGroup14": 0.0,
                    "popGroup15": 0.0
                }
            },
            "61021": {
                "car": {
                    "popGroup2": 3.832212226833606,
                    "popGroup4": 0.0,
                    "popGroup6": 0.0,
                    "popGroup10": 4.029678326568379,
                    "popGroup12": 0.0,
                    "popGroup14": 0.0
                },
                "publicTransport": {
                    "popGroup0": 0.0,
                    "popGroup1": 0.0,
                    "popGroup2": 0.2774977484756778,
                    "popGroup3": 1.8529744233942758,
                    "popGroup4": 0.0,
                    "popGroup5": 0.0,
                    "popGroup6": 0.0,
                    "popGroup7": 0.0,
                    "popGroup8": 0.0,
                    "popGroup9": 0.0,
                    "popGroup10": 0.29180450271169805,
                    "popGroup11": 1.3417023500811318,
                    "popGroup12": 0.0,
                    "popGroup13": 0.0,
                    "popGroup14": 0.0,
                    "popGroup15": 0.0
                },
                "bicycle": {
                    "popGroup0": 0.0,
                    "popGroup1": 0.0,
                    "popGroup2": 0.18883509205709736,
                    "popGroup3": 1.2534876675438873,
                    "popGroup4": 0.0,
                    "popGroup5": 0.0,
                    "popGroup6": 0.0,
                    "popGroup7": 0.0,
                    "popGroup8": 0.0,
                    "popGroup9": 0.0,
                    "popGroup10": 0.1985782581669065,
                    "popGroup11": 0.9077106573697411,
                    "popGroup12": 0.0,
                    "popGroup13": 0.0,
                    "popGroup14": 0.0,
                    "popGroup15": 0.0
                }
            },
            "61017": {
                "car": {
                    "popGroup2": 0.4688013180660267,
                    "popGroup4": 0.0,
                    "popGroup6": 0.0,
                    "popGroup10": 0.49297090840466207,
                    "popGroup12": 0.0,
                    "popGroup14": 0.0
                },
                "publicTransport": {
                    "popGroup0": 0.0,
                    "popGroup1": 0.0,
                    "popGroup2": 0.02505506407930138,
                    "popGroup3": 0.16612845274538188,
                    "popGroup4": 0.0,
                    "popGroup5": 0.0,
                    "popGroup6": 0.0,
                    "popGroup7": 0.0,
                    "popGroup8": 0.0,
                    "popGroup9": 0.0,
                    "popGroup10": 0.026347017384069193,
                    "popGroup11": 0.12029607814295265,
                    "popGroup12": 0.0,
                    "popGroup13": 0.0,
                    "popGroup14": 0.0,
                    "popGroup15": 0.0
                }
            },
            "61020": {
                "car": {
                    "popGroup2": 0.94769995105819,
                    "popGroup4": 0.0,
                    "popGroup6": 0.0,
                    "popGroup10": 0.9965430536664642,
                    "popGroup12": 0.0,
                    "popGroup14": 0.0
                },
                "publicTransport": {
                    "popGroup0": 0.0,
                    "popGroup1": 0.0,
                    "popGroup2": 0.06691716066962212,
                    "popGroup3": 0.44447746423553464,
                    "popGroup4": 0.0,
                    "popGroup5": 0.0,
                    "popGroup6": 0.0,
                    "popGroup7": 0.0,
                    "popGroup8": 0.0,
                    "popGroup9": 0.0,
                    "popGroup10": 0.07036825054636155,
                    "popGroup11": 0.32184527188838663,
                    "popGroup12": 0.0,
                    "popGroup13": 0.0,
                    "popGroup14": 0.0,
                    "popGroup15": 0.0
                }
            },
            "61012": {
                "car": {
                    "popGroup2": 2.3623819056361564,
                    "popGroup4": 0.0,
                    "popGroup6": 0.0,
                    "popGroup10": 2.4840982662350957,
                    "popGroup12": 0.0,
                    "popGroup14": 0.0
                },
                "publicTransport": {
                    "popGroup0": 0.0,
                    "popGroup1": 0.0,
                    "popGroup2": 0.16690662514127808,
                    "popGroup3": 1.1202633423774722,
                    "popGroup4": 0.0,
                    "popGroup5": 0.0,
                    "popGroup6": 0.0,
                    "popGroup7": 0.0,
                    "popGroup8": 0.0,
                    "popGroup9": 0.0,
                    "popGroup10": 0.17551065285723114,
                    "popGroup11": 0.8111512492734766,
                    "popGroup12": 0.0,
                    "popGroup13": 0.0,
                    "popGroup14": 0.0,
                    "popGroup15": 0.0
                },
                "bicycle": {
                    "popGroup0": 0.0,
                    "popGroup1": 0.0,
                    "popGroup2": 0.12719162530243558,
                    "popGroup3": 0.8443810618311582,
                    "popGroup4": 0.0,
                    "popGroup5": 0.0,
                    "popGroup6": 0.0,
                    "popGroup7": 0.0,
                    "popGroup8": 0.0,
                    "popGroup9": 0.0,
                    "popGroup10": 0.1337498675379558,
                    "popGroup11": 0.6114246010899484,
                    "popGroup12": 0.0,
                    "popGroup13": 0.0,
                    "popGroup14": 0.0,
                    "popGroup15": 0.0
                }
            },
            "61043": {
                "car": {
                    "popGroup2": 2.1450738809559544,
                    "popGroup4": 0.0,
                    "popGroup6": 0.0,
                    "popGroup10": 2.255616972436461,
                    "popGroup12": 0.0,
                    "popGroup14": 0.0
                },
                "publicTransport": {
                    "popGroup0": 0.0,
                    "popGroup1": 0.0,
                    "popGroup2": 0.14835784528010892,
                    "popGroup3": 0.9895424823376608,
                    "popGroup4": 0.0,
                    "popGroup5": 0.0,
                    "popGroup6": 0.0,
                    "popGroup7": 0.0,
                    "popGroup8": 0.0,
                    "popGroup9": 0.0,
                    "popGroup10": 0.15600792145245004,
                    "popGroup11": 0.716516333687085,
                    "popGroup12": 0.0,
                    "popGroup13": 0.0,
                    "popGroup14": 0.0,
                    "popGroup15": 0.0
                }
            },
            "61053": {
                "car": {
                    "popGroup2": 16.28706733575246,
                    "popGroup4": 0.0,
                    "popGroup6": 0.0,
                    "popGroup10": 17.126347151328307,
                    "popGroup12": 0.0,
                    "popGroup14": 0.0
                },
                "publicTransport": {
                    "popGroup0": 0.0,
                    "popGroup1": 0.0,
                    "popGroup2": 1.1330175486371388,
                    "popGroup3": 7.505755517500529,
                    "popGroup4": 0.0,
                    "popGroup5": 0.0,
                    "popGroup6": 0.0,
                    "popGroup7": 0.0,
                    "popGroup8": 0.0,
                    "popGroup9": 0.0,
                    "popGroup10": 1.1914305705778223,
                    "popGroup11": 5.434789887446321,
                    "popGroup12": 0.0,
                    "popGroup13": 0.0,
                    "popGroup14": 0.0,
                    "popGroup15": 0.0
                }
            },
            "61027": {
                "car": {
                    "popGroup2": 0.8288170217867389,
                    "popGroup4": 0.0,
                    "popGroup6": 0.0,
                    "popGroup10": 0.8715259539279607,
                    "popGroup12": 0.0,
                    "popGroup14": 0.0
                },
                "publicTransport": {
                    "popGroup0": 0.0,
                    "popGroup1": 0.0,
                    "popGroup2": 0.06876452457072701,
                    "popGroup3": 0.4565299161217654,
                    "popGroup4": 0.0,
                    "popGroup5": 0.0,
                    "popGroup6": 0.0,
                    "popGroup7": 0.0,
                    "popGroup8": 0.0,
                    "popGroup9": 0.0,
                    "popGroup10": 0.07230878136675462,
                    "popGroup11": 0.3305676079967919,
                    "popGroup12": 0.0,
                    "popGroup13": 0.0,
                    "popGroup14": 0.0,
                    "popGroup15": 0.0
                },
                "bicycle": {
                    "popGroup0": 0.0,
                    "popGroup1": 0.0,
                    "popGroup2": 0.0458598951911254,
                    "popGroup3": 0.3043825009244086,
                    "popGroup4": 0.0,
                    "popGroup5": 0.0,
                    "popGroup6": 0.0,
                    "popGroup7": 0.0,
                    "popGroup8": 0.0,
                    "popGroup9": 0.0,
                    "popGroup10": 0.048227960878100815,
                    "popGroup11": 0.2204318642411611,
                    "popGroup12": 0.0,
                    "popGroup13": 0.0,
                    "popGroup14": 0.0,
                    "popGroup15": 0.0
                },
                "walk": {
                    "popGroup0": 0.0,
                    "popGroup1": 0.0,
                    "popGroup2": 0.01807136762693952,
                    "popGroup3": 0.11987390676095841,
                    "popGroup4": 0.0,
                    "popGroup5": 0.0,
                    "popGroup6": 0.0,
                    "popGroup7": 0.0,
                    "popGroup8": 0.0,
                    "popGroup9": 0.0,
                    "popGroup10": 0.019008195136105768,
                    "popGroup11": 0.08683915457119246,
                    "popGroup12": 0.0,
                    "popGroup13": 0.0,
                    "popGroup14": 0.0,
                    "popGroup15": 0.0
                }
            },
            "61016": {
                "car": {
                    "popGroup2": 0.7275972063344815,
                    "popGroup4": 0.0,
                    "popGroup6": 0.0,
                    "popGroup10": 0.7651080850217181,
                    "popGroup12": 0.0,
                    "popGroup14": 0.0
                },
                "publicTransport": {
                    "popGroup0": 0.0,
                    "popGroup1": 0.0,
                    "popGroup2": 0.05023999329185262,
                    "popGroup3": 0.33104514429854637,
                    "popGroup4": 0.0,
                    "popGroup5": 0.0,
                    "popGroup6": 0.0,
                    "popGroup7": 0.0,
                    "popGroup8": 0.0,
                    "popGroup9": 0.0,
                    "popGroup10": 0.052832331775797756,
                    "popGroup11": 0.23971931577679934,
                    "popGroup12": 0.0,
                    "popGroup13": 0.0,
                    "popGroup14": 0.0,
                    "popGroup15": 0.0
                }
            },
            "61045": {
                "car": {
                    "popGroup2": 3.9312904741440104,
                    "popGroup4": 0.0,
                    "popGroup6": 0.0,
                    "popGroup10": 4.13390406954977,
                    "popGroup12": 0.0,
                    "popGroup14": 0.0
                },
                "publicTransport": {
                    "popGroup0": 0.0,
                    "popGroup1": 0.0,
                    "popGroup2": 0.2748780429772164,
                    "popGroup3": 1.8238310564374431,
                    "popGroup4": 0.0,
                    "popGroup5": 0.0,
                    "popGroup6": 0.0,
                    "popGroup7": 0.0,
                    "popGroup8": 0.0,
                    "popGroup9": 0.0,
                    "popGroup10": 0.2890539894340361,
                    "popGroup11": 1.320632211791596,
                    "popGroup12": 0.0,
                    "popGroup13": 0.0,
                    "popGroup14": 0.0,
                    "popGroup15": 0.0
                }
            },
            "61008": {
                "car": {
                    "popGroup2": 1.6058574067896907,
                    "popGroup4": 0.0,
                    "popGroup6": 0.0,
                    "popGroup10": 1.6886083433367172,
                    "popGroup12": 0.0,
                    "popGroup14": 0.0
                },
                "publicTransport": {
                    "popGroup0": 0.0,
                    "popGroup1": 0.0,
                    "popGroup2": 0.11539360650334365,
                    "popGroup3": 0.7687447994047376,
                    "popGroup4": 0.0,
                    "popGroup5": 0.0,
                    "popGroup6": 0.0,
                    "popGroup7": 0.0,
                    "popGroup8": 0.0,
                    "popGroup9": 0.0,
                    "popGroup10": 0.12134326106425072,
                    "popGroup11": 0.5566364130256528,
                    "popGroup12": 0.0,
                    "popGroup13": 0.0,
                    "popGroup14": 0.0,
                    "popGroup15": 0.0
                },
                "bicycle": {
                    "popGroup0": 0.0,
                    "popGroup1": 0.0,
                    "popGroup2": 0.07361539004608368,
                    "popGroup3": 0.4886316003070013,
                    "popGroup4": 0.0,
                    "popGroup5": 0.0,
                    "popGroup6": 0.0,
                    "popGroup7": 0.0,
                    "popGroup8": 0.0,
                    "popGroup9": 0.0,
                    "popGroup10": 0.07741510776001091,
                    "popGroup11": 0.35385234196468673,
                    "popGroup12": 0.0,
                    "popGroup13": 0.0,
                    "popGroup14": 0.0,
                    "popGroup15": 0.0
                }
            },
            "61050": {
                "car": {
                    "popGroup2": 1.772139933520723,
                    "popGroup4": 0.0,
                    "popGroup6": 0.0,
                    "popGroup10": 1.8635152850477898,
                    "popGroup12": 0.0,
                    "popGroup14": 0.0
                },
                "publicTransport": {
                    "popGroup0": 0.0,
                    "popGroup1": 0.0,
                    "popGroup2": 0.12976517555171238,
                    "popGroup3": 0.8528525633785271,
                    "popGroup4": 0.0,
                    "popGroup5": 0.0,
                    "popGroup6": 0.0,
                    "popGroup7": 0.0,
                    "popGroup8": 0.0,
                    "popGroup9": 0.0,
                    "popGroup10": 0.13645956339399418,
                    "popGroup11": 0.6175664586349032,
                    "popGroup12": 0.0,
                    "popGroup13": 0.0,
                    "popGroup14": 0.0,
                    "popGroup15": 0.0
                }
            },
            "61049": {
                "car": {
                    "popGroup2": 1.3852367617471901,
                    "popGroup4": 0.0,
                    "popGroup6": 0.0,
                    "popGroup10": 1.4566553063517087,
                    "popGroup12": 0.0,
                    "popGroup14": 0.0
                },
                "publicTransport": {
                    "popGroup0": 0.0,
                    "popGroup1": 0.0,
                    "popGroup2": 0.10580727670326459,
                    "popGroup3": 0.6978642878165937,
                    "popGroup4": 0.0,
                    "popGroup5": 0.0,
                    "popGroup6": 0.0,
                    "popGroup7": 0.0,
                    "popGroup8": 0.0,
                    "popGroup9": 0.0,
                    "popGroup10": 0.11126503153509779,
                    "popGroup11": 0.5053311291643691,
                    "popGroup12": 0.0,
                    "popGroup13": 0.0,
                    "popGroup14": 0.0,
                    "popGroup15": 0.0
                }
            },
            "61058": {
                "car": {
                    "popGroup2": 3.6030174467124847,
                    "popGroup4": 0.0,
                    "popGroup6": 0.0,
                    "popGroup10": 3.7887509760026483,
                    "popGroup12": 0.0,
                    "popGroup14": 0.0
                },
                "publicTransport": {
                    "popGroup0": 0.0,
                    "popGroup1": 0.0,
                    "popGroup2": 0.25607204483615037,
                    "popGroup3": 1.6926895882713517,
                    "popGroup4": 0.0,
                    "popGroup5": 0.0,
                    "popGroup6": 0.0,
                    "popGroup7": 0.0,
                    "popGroup8": 0.0,
                    "popGroup9": 0.0,
                    "popGroup10": 0.2692831214563577,
                    "popGroup11": 1.2257102871313206,
                    "popGroup12": 0.0,
                    "popGroup13": 0.0,
                    "popGroup14": 0.0,
                    "popGroup15": 0.0
                }
            },
            "62347": {
                "car": {
                    "popGroup2": 0.432850913693914,
                    "popGroup4": 0.0,
                    "popGroup6": 0.0,
                    "popGroup10": 0.45516871359028843,
                    "popGroup12": 0.0,
                    "popGroup14": 0.0
                },
                "publicTransport": {
                    "popGroup0": 0.0,
                    "popGroup1": 0.0,
                    "popGroup2": 0.029918534211445507,
                    "popGroup3": 0.19682610162853437,
                    "popGroup4": 0.0,
                    "popGroup5": 0.0,
                    "popGroup6": 0.0,
                    "popGroup7": 0.0,
                    "popGroup8": 0.0,
                    "popGroup9": 0.0,
                    "popGroup10": 0.03146265572070948,
                    "popGroup11": 0.14252994249362083,
                    "popGroup12": 0.0,
                    "popGroup13": 0.0,
                    "popGroup14": 0.0,
                    "popGroup15": 0.0
                }
            }
        }
    }
}