{
    "Sum_Trips_per_Mode": {
        "work": {
            "60101": {
                "car": 3378.114995092301,
                "publicTransport": 841.4219755419074
            },
            "60669": {
                "car": 103.49944055810204,
                "publicTransport": 678.0130133823868
            },
            "60608": {
                "car": 76.2082599757062,
                "publicTransport": 237.49015370371075
            },
            "60611": {
                "car": 33.062865111899846,
                "publicTransport": 134.25853266544797
            },
            "60670": {
                "car": 109.06979032105065,
                "publicTransport": 47.603507711357025
            },
            "60662": {
                "car": 20.56359965846893,
                "publicTransport": 5.209315339739699
            },
            "60656": {
                "car": 18.631917367557026,
                "publicTransport": 12.509154987247122
            },
            "60655": {
                "car": 28.470215058928126,
                "publicTransport": 7.85275646494279
            },
            "60624": {
                "car": 80.54728731846113,
                "publicTransport": 20.937666143773363
            },
            "60660": {
                "car": 23.347731260009997,
                "publicTransport": 15.239372839479294
            },
            "60629": {
                "car": 47.060912321440185,
                "publicTransport": 75.49638333191425
            },
            "60618": {
                "car": 12.491678753940342,
                "publicTransport": 21.464805211560915
            },
            "61059": {
                "car": 23.27573608528693,
                "publicTransport": 6.692902729412209
            },
            "61001": {
                "car": 4.5402625317989305,
                "publicTransport": 1.4758284912198332
            },
            "61055": {
                "car": 4.638555431285235,
                "publicTransport": 1.7331069925815765
            },
            "61021": {
                "car": 20.900939782273326,
                "publicTransport": 6.308171286168275
            },
            "61017": {
                "car": 3.4355701082328265,
                "publicTransport": 1.16025376992238
            },
            "61020": {
                "car": 5.123644202799409,
                "publicTransport": 1.632350158865418
            },
            "61012": {
                "car": 10.218597708273844,
                "publicTransport": 3.4137124811991715
            },
            "61043": {
                "car": 10.117986674874764,
                "publicTransport": 3.50349988492439
            },
            "61053": {
                "car": 74.29395976217938,
                "publicTransport": 24.452233824194426
            },
            "61027": {
                "car": 5.1088536006688035,
                "publicTransport": 1.7653595068943047
            },
            "61016": {
                "car": 3.13739436606056,
                "publicTransport": 1.4404826899695846
            },
            "61045": {
                "car": 17.19741774427885,
                "publicTransport": 5.680257859544369
            },
            "61008": {
                "car": 5.861610272437961,
                "publicTransport": 2.4365611728570467
            },
            "61050": {
                "car": 9.6236778694166,
                "publicTransport": 3.1010085790876314
            },
            "61049": {
                "car": 7.4861706721352155,
                "publicTransport": 2.6016501180350957
            },
            "61058": {
                "car": 13.97653473761321,
                "publicTransport": 6.008481840036816
            },
            "62347": {
                "car": 1.6448144577439503,
                "publicTransport": 0.7068845535404022
            }
        }
    },
    "Trips_per_group": {
        "work": {
            "60101": {
                "car": {
                    "popGroup2": 1656.0228746822097,
                    "popGroup4": 0.0,
                    "popGroup6": 0.0,
                    "popGroup10": 1722.0921204100912,
                    "popGroup12": 0.0,
                    "popGroup14": 0.0
                },
                "publicTransport": {
                    "popGroup0": 0.0,
                    "popGroup1": 0.0,
                    "popGroup2": 249.56914568153968,
                    "popGroup3": 156.946198125445,
                    "popGroup4": 0.0,
                    "popGroup5": 0.0,
                    "popGroup6": 0.0,
                    "popGroup7": 0.0,
                    "popGroup8": 0.0,
                    "popGroup9": 0.0,
                    "popGroup10": 259.52893092922375,
                    "popGroup11": 175.37770080569894,
                    "popGroup12": 0.0,
                    "popGroup13": 0.0,
                    "popGroup14": 0.0,
                    "popGroup15": 0.0
                }
            },
            "60669": {
                "car": {
                    "popGroup2": 50.73752822251868,
                    "popGroup4": 0.0,
                    "popGroup6": 0.0,
                    "popGroup10": 52.76191233558336,
                    "popGroup12": 0.0,
                    "popGroup14": 0.0
                },
                "publicTransport": {
                    "popGroup0": 0.0,
                    "popGroup1": 0.0,
                    "popGroup2": 42.31657906713312,
                    "popGroup3": 279.4374744508407,
                    "popGroup4": 0.0,
                    "popGroup5": 0.0,
                    "popGroup6": 0.0,
                    "popGroup7": 0.0,
                    "popGroup8": 0.0,
                    "popGroup9": 0.0,
                    "popGroup10": 44.00564911057756,
                    "popGroup11": 312.2533107538354,
                    "popGroup12": 0.0,
                    "popGroup13": 0.0,
                    "popGroup14": 0.0,
                    "popGroup15": 0.0
                }
            },
            "60608": {
                "car": {
                    "popGroup2": 37.35890931904315,
                    "popGroup4": 0.0,
                    "popGroup6": 0.0,
                    "popGroup10": 38.84935065666305,
                    "popGroup12": 0.0,
                    "popGroup14": 0.0
                },
                "publicTransport": {
                    "popGroup0": 0.0,
                    "popGroup1": 0.0,
                    "popGroup2": 14.724218861842093,
                    "popGroup3": 97.97387963230922,
                    "popGroup4": 0.0,
                    "popGroup5": 0.0,
                    "popGroup6": 0.0,
                    "popGroup7": 0.0,
                    "popGroup8": 0.0,
                    "popGroup9": 0.0,
                    "popGroup10": 15.31164382748316,
                    "popGroup11": 109.48041138207628,
                    "popGroup12": 0.0,
                    "popGroup13": 0.0,
                    "popGroup14": 0.0,
                    "popGroup15": 0.0
                }
            },
            "60611": {
                "car": {
                    "popGroup2": 16.208010206103214,
                    "popGroup4": 0.0,
                    "popGroup6": 0.0,
                    "popGroup10": 16.854854905796632,
                    "popGroup12": 0.0,
                    "popGroup14": 0.0
                },
                "publicTransport": {
                    "popGroup0": 0.0,
                    "popGroup1": 0.0,
                    "popGroup2": 8.391386334807423,
                    "popGroup3": 55.322099081091935,
                    "popGroup4": 0.0,
                    "popGroup5": 0.0,
                    "popGroup6": 0.0,
                    "popGroup7": 0.0,
                    "popGroup8": 0.0,
                    "popGroup9": 0.0,
                    "popGroup10": 8.72639889946018,
                    "popGroup11": 61.81864835008844,
                    "popGroup12": 0.0,
                    "popGroup13": 0.0,
                    "popGroup14": 0.0,
                    "popGroup15": 0.0
                }
            },
            "60670": {
                "car": {
                    "popGroup2": 53.46827401598015,
                    "popGroup4": 0.0,
                    "popGroup6": 0.0,
                    "popGroup10": 55.60151630507049,
                    "popGroup12": 0.0,
                    "popGroup14": 0.0
                },
                "publicTransport": {
                    "popGroup0": 0.0,
                    "popGroup1": 0.0,
                    "popGroup2": 8.892730380155347,
                    "popGroup3": 13.91453111598383,
                    "popGroup4": 0.0,
                    "popGroup5": 0.0,
                    "popGroup6": 0.0,
                    "popGroup7": 0.0,
                    "popGroup8": 0.0,
                    "popGroup9": 0.0,
                    "popGroup10": 9.247517296371978,
                    "popGroup11": 15.548728918845864,
                    "popGroup12": 0.0,
                    "popGroup13": 0.0,
                    "popGroup14": 0.0,
                    "popGroup15": 0.0
                }
            },
            "60662": {
                "car": {
                    "popGroup2": 10.080679272858546,
                    "popGroup4": 0.0,
                    "popGroup6": 0.0,
                    "popGroup10": 10.482920385610383,
                    "popGroup12": 0.0,
                    "popGroup14": 0.0
                },
                "publicTransport": {
                    "popGroup0": 0.0,
                    "popGroup1": 0.0,
                    "popGroup2": 1.1667667891212619,
                    "popGroup3": 1.3361480680646731,
                    "popGroup4": 0.0,
                    "popGroup5": 0.0,
                    "popGroup6": 0.0,
                    "popGroup7": 0.0,
                    "popGroup8": 0.0,
                    "popGroup9": 0.0,
                    "popGroup10": 1.2133334265374467,
                    "popGroup11": 1.493067056016317,
                    "popGroup12": 0.0,
                    "popGroup13": 0.0,
                    "popGroup14": 0.0,
                    "popGroup15": 0.0
                }
            },
            "60656": {
                "car": {
                    "popGroup2": 9.133728704676187,
                    "popGroup4": 0.0,
                    "popGroup6": 0.0,
                    "popGroup10": 9.498188662880839,
                    "popGroup12": 0.0,
                    "popGroup14": 0.0
                },
                "publicTransport": {
                    "popGroup0": 0.0,
                    "popGroup1": 0.0,
                    "popGroup2": 1.7282223531598917,
                    "popGroup3": 4.242730653326014,
                    "popGroup4": 0.0,
                    "popGroup5": 0.0,
                    "popGroup6": 0.0,
                    "popGroup7": 0.0,
                    "popGroup8": 0.0,
                    "popGroup9": 0.0,
                    "popGroup10": 1.7971994001805187,
                    "popGroup11": 4.741002580580697,
                    "popGroup12": 0.0,
                    "popGroup13": 0.0,
                    "popGroup14": 0.0,
                    "popGroup15": 0.0
                }
            },
            "60655": {
                "car": {
                    "popGroup2": 13.956651321619821,
                    "popGroup4": 0.0,
                    "popGroup6": 0.0,
                    "popGroup10": 14.513563737308306,
                    "popGroup12": 0.0,
                    "popGroup14": 0.0
                },
                "publicTransport": {
                    "popGroup0": 0.0,
                    "popGroup1": 0.0,
                    "popGroup2": 1.717319728185608,
                    "popGroup3": 2.0541644155025396,
                    "popGroup4": 0.0,
                    "popGroup5": 0.0,
                    "popGroup6": 0.0,
                    "popGroup7": 0.0,
                    "popGroup8": 0.0,
                    "popGroup9": 0.0,
                    "popGroup10": 1.7858656969746947,
                    "popGroup11": 2.2954066242799476,
                    "popGroup12": 0.0,
                    "popGroup13": 0.0,
                    "popGroup14": 0.0,
                    "popGroup15": 0.0
                }
            },
            "60624": {
                "car": {
                    "popGroup2": 39.4859431898782,
                    "popGroup4": 0.0,
                    "popGroup6": 0.0,
                    "popGroup10": 41.06134412858293,
                    "popGroup12": 0.0,
                    "popGroup14": 0.0
                },
                "publicTransport": {
                    "popGroup0": 0.0,
                    "popGroup1": 0.0,
                    "popGroup2": 5.15960343749333,
                    "popGroup3": 4.917521612636568,
                    "popGroup4": 0.0,
                    "popGroup5": 0.0,
                    "popGroup6": 0.0,
                    "popGroup7": 0.0,
                    "popGroup8": 0.0,
                    "popGroup9": 0.0,
                    "popGroup10": 5.3654940259961545,
                    "popGroup11": 5.495047067647311,
                    "popGroup12": 0.0,
                    "popGroup13": 0.0,
                    "popGroup14": 0.0,
                    "popGroup15": 0.0
                }
            },
            "60660": {
                "car": {
                    "popGroup2": 11.445476641271636,
                    "popGroup4": 0.0,
                    "popGroup6": 0.0,
                    "popGroup10": 11.902254618738361,
                    "popGroup12": 0.0,
                    "popGroup14": 0.0
                },
                "publicTransport": {
                    "popGroup0": 0.0,
                    "popGroup1": 0.0,
                    "popGroup2": 2.0422045206374393,
                    "popGroup3": 5.229638745315958,
                    "popGroup4": 0.0,
                    "popGroup5": 0.0,
                    "popGroup6": 0.0,
                    "popGroup7": 0.0,
                    "popGroup8": 0.0,
                    "popGroup9": 0.0,
                    "popGroup10": 2.123720687961285,
                    "popGroup11": 5.843808885564612,
                    "popGroup12": 0.0,
                    "popGroup13": 0.0,
                    "popGroup14": 0.0,
                    "popGroup15": 0.0
                }
            },
            "60629": {
                "car": {
                    "popGroup2": 23.07017588180049,
                    "popGroup4": 0.0,
                    "popGroup6": 0.0,
                    "popGroup10": 23.990736439639697,
                    "popGroup12": 0.0,
                    "popGroup14": 0.0
                },
                "publicTransport": {
                    "popGroup0": 0.0,
                    "popGroup1": 0.0,
                    "popGroup2": 6.6273461105203415,
                    "popGroup3": 29.26987326286301,
                    "popGroup4": 0.0,
                    "popGroup5": 0.0,
                    "popGroup6": 0.0,
                    "popGroup7": 0.0,
                    "popGroup8": 0.0,
                    "popGroup9": 0.0,
                    "popGroup10": 6.891804837657681,
                    "popGroup11": 32.70735912087321,
                    "popGroup12": 0.0,
                    "popGroup13": 0.0,
                    "popGroup14": 0.0,
                    "popGroup15": 0.0
                }
            },
            "60618": {
                "car": {
                    "popGroup2": 6.123673860862478,
                    "popGroup4": 0.0,
                    "popGroup6": 0.0,
                    "popGroup10": 6.368004893077864,
                    "popGroup12": 0.0,
                    "popGroup14": 0.0
                },
                "publicTransport": {
                    "popGroup0": 0.0,
                    "popGroup1": 0.0,
                    "popGroup2": 1.9236246795809073,
                    "popGroup3": 8.283956693513417,
                    "popGroup4": 0.0,
                    "popGroup5": 0.0,
                    "popGroup6": 0.0,
                    "popGroup7": 0.0,
                    "popGroup8": 0.0,
                    "popGroup9": 0.0,
                    "popGroup10": 2.000378161136701,
                    "popGroup11": 9.25684567732989,
                    "popGroup12": 0.0,
                    "popGroup13": 0.0,
                    "popGroup14": 0.0,
                    "popGroup15": 0.0
                }
            },
            "61059": {
                "car": {
                    "popGroup2": 11.410194424931552,
                    "popGroup4": 0.0,
                    "popGroup6": 0.0,
                    "popGroup10": 11.865541660355378,
                    "popGroup12": 0.0,
                    "popGroup14": 0.0
                },
                "publicTransport": {
                    "popGroup0": 0.0,
                    "popGroup1": 0.0,
                    "popGroup2": 1.2471592289618672,
                    "popGroup3": 1.959338795352435,
                    "popGroup4": 0.0,
                    "popGroup5": 0.0,
                    "popGroup6": 0.0,
                    "popGroup7": 0.0,
                    "popGroup8": 0.0,
                    "popGroup9": 0.0,
                    "popGroup10": 1.2969678012388135,
                    "popGroup11": 2.189436903859093,
                    "popGroup12": 0.0,
                    "popGroup13": 0.0,
                    "popGroup14": 0.0,
                    "popGroup15": 0.0
                }
            },
            "61001": {
                "car": {
                    "popGroup2": 2.225717252530087,
                    "popGroup4": 0.0,
                    "popGroup6": 0.0,
                    "popGroup10": 2.314545279268843,
                    "popGroup12": 0.0,
                    "popGroup14": 0.0
                },
                "publicTransport": {
                    "popGroup0": 0.0,
                    "popGroup1": 0.0,
                    "popGroup2": 0.2623507105559256,
                    "popGroup3": 0.4442397059980943,
                    "popGroup4": 0.0,
                    "popGroup5": 0.0,
                    "popGroup6": 0.0,
                    "popGroup7": 0.0,
                    "popGroup8": 0.0,
                    "popGroup9": 0.0,
                    "popGroup10": 0.27282815911895336,
                    "popGroup11": 0.49640991554685987,
                    "popGroup12": 0.0,
                    "popGroup13": 0.0,
                    "popGroup14": 0.0,
                    "popGroup15": 0.0
                }
            },
            "61055": {
                "car": {
                    "popGroup2": 2.2738929196420337,
                    "popGroup4": 0.0,
                    "popGroup6": 0.0,
                    "popGroup10": 2.364662511643202,
                    "popGroup12": 0.0,
                    "popGroup14": 0.0
                },
                "publicTransport": {
                    "popGroup0": 0.0,
                    "popGroup1": 0.0,
                    "popGroup2": 0.255004802423132,
                    "popGroup3": 0.572820200920305,
                    "popGroup4": 0.0,
                    "popGroup5": 0.0,
                    "popGroup6": 0.0,
                    "popGroup7": 0.0,
                    "popGroup8": 0.0,
                    "popGroup9": 0.0,
                    "popGroup10": 0.26519339566437045,
                    "popGroup11": 0.6400885935737692,
                    "popGroup12": 0.0,
                    "popGroup13": 0.0,
                    "popGroup14": 0.0,
                    "popGroup15": 0.0
                }
            },
            "61021": {
                "car": {
                    "popGroup2": 10.246005923924953,
                    "popGroup4": 0.0,
                    "popGroup6": 0.0,
                    "popGroup10": 10.654933858348375,
                    "popGroup12": 0.0,
                    "popGroup14": 0.0
                },
                "publicTransport": {
                    "popGroup0": 0.0,
                    "popGroup1": 0.0,
                    "popGroup2": 1.044520492459853,
                    "popGroup3": 1.972860953262225,
                    "popGroup4": 0.0,
                    "popGroup5": 0.0,
                    "popGroup6": 0.0,
                    "popGroup7": 0.0,
                    "popGroup8": 0.0,
                    "popGroup9": 0.0,
                    "popGroup10": 1.0862446832608683,
                    "popGroup11": 2.204545157185328,
                    "popGroup12": 0.0,
                    "popGroup13": 0.0,
                    "popGroup14": 0.0,
                    "popGroup15": 0.0
                }
            },
            "61017": {
                "car": {
                    "popGroup2": 1.6841717482835286,
                    "popGroup4": 0.0,
                    "popGroup6": 0.0,
                    "popGroup10": 1.751398359949298,
                    "popGroup12": 0.0,
                    "popGroup14": 0.0
                },
                "publicTransport": {
                    "popGroup0": 0.0,
                    "popGroup1": 0.0,
                    "popGroup2": 0.17575911993012933,
                    "popGroup3": 0.3786245593888039,
                    "popGroup4": 0.0,
                    "popGroup5": 0.0,
                    "popGroup6": 0.0,
                    "popGroup7": 0.0,
                    "popGroup8": 0.0,
                    "popGroup9": 0.0,
                    "popGroup10": 0.18278268382305665,
                    "popGroup11": 0.42308740678039036,
                    "popGroup12": 0.0,
                    "popGroup13": 0.0,
                    "popGroup14": 0.0,
                    "popGroup15": 0.0
                }
            },
            "61020": {
                "car": {
                    "popGroup2": 2.5116936202757,
                    "popGroup4": 0.0,
                    "popGroup6": 0.0,
                    "popGroup10": 2.611950582523709,
                    "popGroup12": 0.0,
                    "popGroup14": 0.0
                },
                "publicTransport": {
                    "popGroup0": 0.0,
                    "popGroup1": 0.0,
                    "popGroup2": 0.23309213610799967,
                    "popGroup3": 0.5463468433522494,
                    "popGroup4": 0.0,
                    "popGroup5": 0.0,
                    "popGroup6": 0.0,
                    "popGroup7": 0.0,
                    "popGroup8": 0.0,
                    "popGroup9": 0.0,
                    "popGroup10": 0.24240438000246425,
                    "popGroup11": 0.6105067994027048,
                    "popGroup12": 0.0,
                    "popGroup13": 0.0,
                    "popGroup14": 0.0,
                    "popGroup15": 0.0
                }
            },
            "61012": {
                "car": {
                    "popGroup2": 5.009320227571328,
                    "popGroup4": 0.0,
                    "popGroup6": 0.0,
                    "popGroup10": 5.209277480702515,
                    "popGroup12": 0.0,
                    "popGroup14": 0.0
                },
                "publicTransport": {
                    "popGroup0": 0.0,
                    "popGroup1": 0.0,
                    "popGroup2": 0.4793713346141952,
                    "popGroup3": 1.1503625391203502,
                    "popGroup4": 0.0,
                    "popGroup5": 0.0,
                    "popGroup6": 0.0,
                    "popGroup7": 0.0,
                    "popGroup8": 0.0,
                    "popGroup9": 0.0,
                    "popGroup10": 0.49852519765806114,
                    "popGroup11": 1.2854534098065649,
                    "popGroup12": 0.0,
                    "popGroup13": 0.0,
                    "popGroup14": 0.0,
                    "popGroup15": 0.0
                }
            },
            "61043": {
                "car": {
                    "popGroup2": 4.959995626890003,
                    "popGroup4": 0.0,
                    "popGroup6": 0.0,
                    "popGroup10": 5.157991047984762,
                    "popGroup12": 0.0,
                    "popGroup14": 0.0
                },
                "publicTransport": {
                    "popGroup0": 0.0,
                    "popGroup1": 0.0,
                    "popGroup2": 0.4824902898043838,
                    "popGroup3": 1.189761068222028,
                    "popGroup4": 0.0,
                    "popGroup5": 0.0,
                    "popGroup6": 0.0,
                    "popGroup7": 0.0,
                    "popGroup8": 0.0,
                    "popGroup9": 0.0,
                    "popGroup10": 0.5017714224015171,
                    "popGroup11": 1.329477104496461,
                    "popGroup12": 0.0,
                    "popGroup13": 0.0,
                    "popGroup14": 0.0,
                    "popGroup15": 0.0
                }
            },
            "61053": {
                "car": {
                    "popGroup2": 36.420121927568786,
                    "popGroup4": 0.0,
                    "popGroup6": 0.0,
                    "popGroup10": 37.8738378346106,
                    "popGroup12": 0.0,
                    "popGroup14": 0.0
                },
                "publicTransport": {
                    "popGroup0": 0.0,
                    "popGroup1": 0.0,
                    "popGroup2": 3.041251768138653,
                    "popGroup3": 8.618088519863752,
                    "popGroup4": 0.0,
                    "popGroup5": 0.0,
                    "popGroup6": 0.0,
                    "popGroup7": 0.0,
                    "popGroup8": 0.0,
                    "popGroup9": 0.0,
                    "popGroup10": 3.162763034596571,
                    "popGroup11": 9.63013050159545,
                    "popGroup12": 0.0,
                    "popGroup13": 0.0,
                    "popGroup14": 0.0,
                    "popGroup15": 0.0
                }
            },
            "61027": {
                "car": {
                    "popGroup2": 2.504439997907756,
                    "popGroup4": 0.0,
                    "popGroup6": 0.0,
                    "popGroup10": 2.604413602761047,
                    "popGroup12": 0.0,
                    "popGroup14": 0.0
                },
                "publicTransport": {
                    "popGroup0": 0.0,
                    "popGroup1": 0.0,
                    "popGroup2": 0.24304969913614155,
                    "popGroup3": 0.5995693958258252,
                    "popGroup4": 0.0,
                    "popGroup5": 0.0,
                    "popGroup6": 0.0,
                    "popGroup7": 0.0,
                    "popGroup8": 0.0,
                    "popGroup9": 0.0,
                    "popGroup10": 0.25276237678416014,
                    "popGroup11": 0.6699780351481779,
                    "popGroup12": 0.0,
                    "popGroup13": 0.0,
                    "popGroup14": 0.0,
                    "popGroup15": 0.0
                }
            },
            "61016": {
                "car": {
                    "popGroup2": 1.5379950109709444,
                    "popGroup4": 0.0,
                    "popGroup6": 0.0,
                    "popGroup10": 1.5993993550896157,
                    "popGroup12": 0.0,
                    "popGroup14": 0.0
                },
                "publicTransport": {
                    "popGroup0": 0.0,
                    "popGroup1": 0.0,
                    "popGroup2": 0.1636708137962783,
                    "popGroup3": 0.5226147850236873,
                    "popGroup4": 0.0,
                    "popGroup5": 0.0,
                    "popGroup6": 0.0,
                    "popGroup7": 0.0,
                    "popGroup8": 0.0,
                    "popGroup9": 0.0,
                    "popGroup10": 0.17021621586941413,
                    "popGroup11": 0.5839808752802048,
                    "popGroup12": 0.0,
                    "popGroup13": 0.0,
                    "popGroup14": 0.0,
                    "popGroup15": 0.0
                }
            },
            "61045": {
                "car": {
                    "popGroup2": 8.430443866480488,
                    "popGroup4": 0.0,
                    "popGroup6": 0.0,
                    "popGroup10": 8.766973877798364,
                    "popGroup12": 0.0,
                    "popGroup14": 0.0
                },
                "publicTransport": {
                    "popGroup0": 0.0,
                    "popGroup1": 0.0,
                    "popGroup2": 0.6326769828872307,
                    "popGroup3": 2.0730913409082077,
                    "popGroup4": 0.0,
                    "popGroup5": 0.0,
                    "popGroup6": 0.0,
                    "popGroup7": 0.0,
                    "popGroup8": 0.0,
                    "popGroup9": 0.0,
                    "popGroup10": 0.65795367541902,
                    "popGroup11": 2.3165358603299104,
                    "popGroup12": 0.0,
                    "popGroup13": 0.0,
                    "popGroup14": 0.0,
                    "popGroup15": 0.0
                }
            },
            "61008": {
                "car": {
                    "popGroup2": 2.8734486904570535,
                    "popGroup4": 0.0,
                    "popGroup6": 0.0,
                    "popGroup10": 2.9881615819809078,
                    "popGroup12": 0.0,
                    "popGroup14": 0.0
                },
                "publicTransport": {
                    "popGroup0": 0.0,
                    "popGroup1": 0.0,
                    "popGroup2": 0.2807624044576606,
                    "popGroup3": 0.8802255651007189,
                    "popGroup4": 0.0,
                    "popGroup5": 0.0,
                    "popGroup6": 0.0,
                    "popGroup7": 0.0,
                    "popGroup8": 0.0,
                    "popGroup9": 0.0,
                    "popGroup10": 0.2919885023212386,
                    "popGroup11": 0.9835847009774286,
                    "popGroup12": 0.0,
                    "popGroup13": 0.0,
                    "popGroup14": 0.0,
                    "popGroup15": 0.0
                }
            },
            "61050": {
                "car": {
                    "popGroup2": 4.71762692091134,
                    "popGroup4": 0.0,
                    "popGroup6": 0.0,
                    "popGroup10": 4.906050948505261,
                    "popGroup12": 0.0,
                    "popGroup14": 0.0
                },
                "publicTransport": {
                    "popGroup0": 0.0,
                    "popGroup1": 0.0,
                    "popGroup2": 0.304731259313973,
                    "popGroup3": 1.1709362018559415,
                    "popGroup4": 0.0,
                    "popGroup5": 0.0,
                    "popGroup6": 0.0,
                    "popGroup7": 0.0,
                    "popGroup8": 0.0,
                    "popGroup9": 0.0,
                    "popGroup10": 0.31690863627269106,
                    "popGroup11": 1.3084324816450261,
                    "popGroup12": 0.0,
                    "popGroup13": 0.0,
                    "popGroup14": 0.0,
                    "popGroup15": 0.0
                }
            },
            "61049": {
                "car": {
                    "popGroup2": 3.669810414249114,
                    "popGroup4": 0.0,
                    "popGroup6": 0.0,
                    "popGroup10": 3.8163602578861013,
                    "popGroup12": 0.0,
                    "popGroup14": 0.0
                },
                "publicTransport": {
                    "popGroup0": 0.0,
                    "popGroup1": 0.0,
                    "popGroup2": 0.27574971180722635,
                    "popGroup3": 0.963023293234902,
                    "popGroup4": 0.0,
                    "popGroup5": 0.0,
                    "popGroup6": 0.0,
                    "popGroup7": 0.0,
                    "popGroup8": 0.0,
                    "popGroup9": 0.0,
                    "popGroup10": 0.28677115286766913,
                    "popGroup11": 1.0761059601252982,
                    "popGroup12": 0.0,
                    "popGroup13": 0.0,
                    "popGroup14": 0.0,
                    "popGroup15": 0.0
                }
            },
            "61058": {
                "car": {
                    "popGroup2": 6.851514248497949,
                    "popGroup4": 0.0,
                    "popGroup6": 0.0,
                    "popGroup10": 7.125020489115261,
                    "popGroup12": 0.0,
                    "popGroup14": 0.0
                },
                "publicTransport": {
                    "popGroup0": 0.0,
                    "popGroup1": 0.0,
                    "popGroup2": 0.6026247731622955,
                    "popGroup3": 2.25705997627343,
                    "popGroup4": 0.0,
                    "popGroup5": 0.0,
                    "popGroup6": 0.0,
                    "popGroup7": 0.0,
                    "popGroup8": 0.0,
                    "popGroup9": 0.0,
                    "popGroup10": 0.6267374110487856,
                    "popGroup11": 2.5220596795523047,
                    "popGroup12": 0.0,
                    "popGroup13": 0.0,
                    "popGroup14": 0.0,
                    "popGroup15": 0.0
                }
            },
            "62347": {
                "car": {
                    "popGroup2": 0.8063121942617356,
                    "popGroup4": 0.0,
                    "popGroup6": 0.0,
                    "popGroup10": 0.8385022634822147,
                    "popGroup12": 0.0,
                    "popGroup14": 0.0
                },
                "publicTransport": {
                    "popGroup0": 0.0,
                    "popGroup1": 0.0,
                    "popGroup2": 0.06558142945388962,
                    "popGroup3": 0.270660583918349,
                    "popGroup4": 0.0,
                    "popGroup5": 0.0,
                    "popGroup6": 0.0,
                    "popGroup7": 0.0,
                    "popGroup8": 0.0,
                    "popGroup9": 0.0,
                    "popGroup10": 0.06820602952936429,
                    "popGroup11": 0.3024365106387993,
                    "popGroup12": 0.0,
                    "popGroup13": 0.0,
                    "popGroup14": 0.0,
                    "popGroup15": 0.0
                }
            }
        }
    }
}