{
    "Sum_Trips_per_Mode": {
        "work": {
            "60101": {
                "car": 3417.304813562891,
                "publicTransport": 507.90955545496695
            },
            "60669": {
                "car": 103.78447384923777,
                "publicTransport": 432.18217966396867
            },
            "60608": {
                "car": 80.85229515714511,
                "publicTransport": 155.96267264709405
            },
            "60611": {
                "car": 35.02397696237486,
                "publicTransport": 87.48401688193299
            },
            "60670": {
                "car": 111.74332419935007,
                "publicTransport": 139.05106685618156
            },
            "60662": {
                "car": 21.30340292225147,
                "publicTransport": 4.275551837972197
            },
            "60656": {
                "car": 19.307496578531065,
                "publicTransport": 37.3078133573372
            },
            "60655": {
                "car": 29.32771964207763,
                "publicTransport": 6.716844180725378
            },
            "60624": {
                "car": 83.4012094508025,
                "publicTransport": 12.949824071044125
            },
            "60660": {
                "car": 24.255856483999843,
                "publicTransport": 45.01461412219492
            },
            "60629": {
                "car": 48.99247589897625,
                "publicTransport": 113.07399507482904
            },
            "60618": {
                "car": 13.005906858543497,
                "publicTransport": 35.551546767383854
            },
            "61059": {
                "car": 24.085615847277907,
                "publicTransport": 6.635918020703605
            },
            "61001": {
                "car": 4.700155900602416,
                "publicTransport": 1.7929298612217281
            },
            "61055": {
                "car": 4.804032388500167,
                "publicTransport": 2.4745089392139814
            },
            "61021": {
                "car": 21.599524792320153,
                "publicTransport": 6.734879101914817
            },
            "61017": {
                "car": 3.5565202472889696,
                "publicTransport": 1.4269434320300358
            },
            "61020": {
                "car": 5.293787544263301,
                "publicTransport": 1.9669365778812948
            },
            "61012": {
                "car": 10.535746184603699,
                "publicTransport": 4.135310496180977
            },
            "61043": {
                "car": 10.44236855029084,
                "publicTransport": 4.3137769060736995
            },
            "61053": {
                "car": 76.6146303554662,
                "publicTransport": 31.345572599725067
            },
            "61027": {
                "car": 5.2762242269283925,
                "publicTransport": 2.174694398899724
            },
            "61016": {
                "car": 3.2292227341536535,
                "publicTransport": 1.9031502380093577
            },
            "61045": {
                "car": 17.70919869484787,
                "publicTransport": 7.460014468187481
            },
            "61008": {
                "car": 6.03243886388398,
                "publicTransport": 3.2116214938456373
            },
            "61050": {
                "car": 9.836067659858507,
                "publicTransport": 4.060168306899198
            },
            "61049": {
                "car": 7.688116704065134,
                "publicTransport": 3.4374278075894074
            },
            "61058": {
                "car": 14.37777396355751,
                "publicTransport": 7.944616939330374
            },
            "62347": {
                "car": 1.6899901412153495,
                "publicTransport": 0.9128074191138316
            }
        }
    },
    "Trips_per_group": {
        "work": {
            "60101": {
                "car": {
                    "popGroup2": 1675.4559868843307,
                    "popGroup4": 0.0,
                    "popGroup6": 0.0,
                    "popGroup10": 1741.8488266785603,
                    "popGroup12": 0.0,
                    "popGroup14": 0.0
                },
                "publicTransport": {
                    "popGroup0": 0.0,
                    "popGroup1": 0.0,
                    "popGroup2": 72.45339739628602,
                    "popGroup3": 170.0015427713545,
                    "popGroup4": 0.0,
                    "popGroup5": 0.0,
                    "popGroup6": 0.0,
                    "popGroup7": 0.0,
                    "popGroup8": 0.0,
                    "popGroup9": 0.0,
                    "popGroup10": 75.33561910475034,
                    "popGroup11": 190.1189961825761,
                    "popGroup12": 0.0,
                    "popGroup13": 0.0,
                    "popGroup14": 0.0,
                    "popGroup15": 0.0
                }
            },
            "60669": {
                "car": {
                    "popGroup2": 50.883981842256006,
                    "popGroup4": 0.0,
                    "popGroup6": 0.0,
                    "popGroup10": 52.900492006981764,
                    "popGroup12": 0.0,
                    "popGroup14": 0.0
                },
                "publicTransport": {
                    "popGroup0": 0.0,
                    "popGroup1": 0.0,
                    "popGroup2": 42.438725659535145,
                    "popGroup3": 163.15962015706268,
                    "popGroup4": 0.0,
                    "popGroup5": 0.0,
                    "popGroup6": 0.0,
                    "popGroup7": 0.0,
                    "popGroup8": 0.0,
                    "popGroup9": 0.0,
                    "popGroup10": 44.121230372201104,
                    "popGroup11": 182.46260347516977,
                    "popGroup12": 0.0,
                    "popGroup13": 0.0,
                    "popGroup14": 0.0,
                    "popGroup15": 0.0
                }
            },
            "60608": {
                "car": {
                    "popGroup2": 39.640752120771204,
                    "popGroup4": 0.0,
                    "popGroup6": 0.0,
                    "popGroup10": 41.21154303637391,
                    "popGroup12": 0.0,
                    "popGroup14": 0.0
                },
                "publicTransport": {
                    "popGroup0": 0.0,
                    "popGroup1": 0.0,
                    "popGroup2": 15.30622654197066,
                    "popGroup3": 58.8881682261386,
                    "popGroup4": 0.0,
                    "popGroup5": 0.0,
                    "popGroup6": 0.0,
                    "popGroup7": 0.0,
                    "popGroup8": 0.0,
                    "popGroup9": 0.0,
                    "popGroup10": 15.912748516817048,
                    "popGroup11": 65.85552936216776,
                    "popGroup12": 0.0,
                    "popGroup13": 0.0,
                    "popGroup14": 0.0,
                    "popGroup15": 0.0
                }
            },
            "60611": {
                "car": {
                    "popGroup2": 17.17164794299834,
                    "popGroup4": 0.0,
                    "popGroup6": 0.0,
                    "popGroup10": 17.852329019376523,
                    "popGroup12": 0.0,
                    "popGroup14": 0.0
                },
                "publicTransport": {
                    "popGroup0": 0.0,
                    "popGroup1": 0.0,
                    "popGroup2": 8.58956504678064,
                    "popGroup3": 33.02845833055316,
                    "popGroup4": 0.0,
                    "popGroup5": 0.0,
                    "popGroup6": 0.0,
                    "popGroup7": 0.0,
                    "popGroup8": 0.0,
                    "popGroup9": 0.0,
                    "popGroup10": 8.930180122196653,
                    "popGroup11": 36.935813382402536,
                    "popGroup12": 0.0,
                    "popGroup13": 0.0,
                    "popGroup14": 0.0,
                    "popGroup15": 0.0
                }
            },
            "60670": {
                "car": {
                    "popGroup2": 54.78613614731255,
                    "popGroup4": 0.0,
                    "popGroup6": 0.0,
                    "popGroup10": 56.95718805203753,
                    "popGroup12": 0.0,
                    "popGroup14": 0.0
                },
                "publicTransport": {
                    "popGroup0": 0.0,
                    "popGroup1": 0.0,
                    "popGroup2": 13.807762491197796,
                    "popGroup3": 52.34805796754527,
                    "popGroup4": 0.0,
                    "popGroup5": 0.0,
                    "popGroup6": 0.0,
                    "popGroup7": 0.0,
                    "popGroup8": 0.0,
                    "popGroup9": 0.0,
                    "popGroup10": 14.35525093383266,
                    "popGroup11": 58.53999546360584,
                    "popGroup12": 0.0,
                    "popGroup13": 0.0,
                    "popGroup14": 0.0,
                    "popGroup15": 0.0
                }
            },
            "60662": {
                "car": {
                    "popGroup2": 10.444724835112433,
                    "popGroup4": 0.0,
                    "popGroup6": 0.0,
                    "popGroup10": 10.858678087139035,
                    "popGroup12": 0.0,
                    "popGroup14": 0.0
                },
                "publicTransport": {
                    "popGroup0": 0.0,
                    "popGroup1": 0.0,
                    "popGroup2": 0.4808360160808901,
                    "popGroup3": 1.5554337617423772,
                    "popGroup4": 0.0,
                    "popGroup5": 0.0,
                    "popGroup6": 0.0,
                    "popGroup7": 0.0,
                    "popGroup8": 0.0,
                    "popGroup9": 0.0,
                    "popGroup10": 0.4999323056452651,
                    "popGroup11": 1.7393497545036645,
                    "popGroup12": 0.0,
                    "popGroup13": 0.0,
                    "popGroup14": 0.0,
                    "popGroup15": 0.0
                }
            },
            "60656": {
                "car": {
                    "popGroup2": 9.46616093370902,
                    "popGroup4": 0.0,
                    "popGroup6": 0.0,
                    "popGroup10": 9.841335644822044,
                    "popGroup12": 0.0,
                    "popGroup14": 0.0
                },
                "publicTransport": {
                    "popGroup0": 0.0,
                    "popGroup1": 0.0,
                    "popGroup2": 3.6653378915040395,
                    "popGroup3": 14.083089062515834,
                    "popGroup4": 0.0,
                    "popGroup5": 0.0,
                    "popGroup6": 0.0,
                    "popGroup7": 0.0,
                    "popGroup8": 0.0,
                    "popGroup9": 0.0,
                    "popGroup10": 3.810682464364071,
                    "popGroup11": 15.748703938953257,
                    "popGroup12": 0.0,
                    "popGroup13": 0.0,
                    "popGroup14": 0.0,
                    "popGroup15": 0.0
                }
            },
            "60655": {
                "car": {
                    "popGroup2": 14.378915845796557,
                    "popGroup4": 0.0,
                    "popGroup6": 0.0,
                    "popGroup10": 14.948803796281071,
                    "popGroup12": 0.0,
                    "popGroup14": 0.0
                },
                "publicTransport": {
                    "popGroup0": 0.0,
                    "popGroup1": 0.0,
                    "popGroup2": 0.7406283706035341,
                    "popGroup3": 2.4577909118664163,
                    "popGroup4": 0.0,
                    "popGroup5": 0.0,
                    "popGroup6": 0.0,
                    "popGroup7": 0.0,
                    "popGroup8": 0.0,
                    "popGroup9": 0.0,
                    "popGroup10": 0.7700336633910866,
                    "popGroup11": 2.748391234864341,
                    "popGroup12": 0.0,
                    "popGroup13": 0.0,
                    "popGroup14": 0.0,
                    "popGroup15": 0.0
                }
            },
            "60624": {
                "car": {
                    "popGroup2": 40.89039695491662,
                    "popGroup4": 0.0,
                    "popGroup6": 0.0,
                    "popGroup10": 42.51081249588588,
                    "popGroup12": 0.0,
                    "popGroup14": 0.0
                },
                "publicTransport": {
                    "popGroup0": 0.0,
                    "popGroup1": 0.0,
                    "popGroup2": 1.598510618008514,
                    "popGroup3": 4.574233750749167,
                    "popGroup4": 0.0,
                    "popGroup5": 0.0,
                    "popGroup6": 0.0,
                    "popGroup7": 0.0,
                    "popGroup8": 0.0,
                    "popGroup9": 0.0,
                    "popGroup10": 1.6620459602903157,
                    "popGroup11": 5.115033741996128,
                    "popGroup12": 0.0,
                    "popGroup13": 0.0,
                    "popGroup14": 0.0,
                    "popGroup15": 0.0
                }
            },
            "60660": {
                "car": {
                    "popGroup2": 11.892226038867612,
                    "popGroup4": 0.0,
                    "popGroup6": 0.0,
                    "popGroup10": 12.36363044513223,
                    "popGroup12": 0.0,
                    "popGroup14": 0.0
                },
                "publicTransport": {
                    "popGroup0": 0.0,
                    "popGroup1": 0.0,
                    "popGroup2": 4.42034064142994,
                    "popGroup3": 16.994366044488274,
                    "popGroup4": 0.0,
                    "popGroup5": 0.0,
                    "popGroup6": 0.0,
                    "popGroup7": 0.0,
                    "popGroup8": 0.0,
                    "popGroup9": 0.0,
                    "popGroup10": 4.595638830467954,
                    "popGroup11": 19.004268605808754,
                    "popGroup12": 0.0,
                    "popGroup13": 0.0,
                    "popGroup14": 0.0,
                    "popGroup15": 0.0
                }
            },
            "60629": {
                "car": {
                    "popGroup2": 24.020238630218728,
                    "popGroup4": 0.0,
                    "popGroup6": 0.0,
                    "popGroup10": 24.972237268757524,
                    "popGroup12": 0.0,
                    "popGroup14": 0.0
                },
                "publicTransport": {
                    "popGroup0": 0.0,
                    "popGroup1": 0.0,
                    "popGroup2": 11.122720948555667,
                    "popGroup3": 42.66984494975262,
                    "popGroup4": 0.0,
                    "popGroup5": 0.0,
                    "popGroup6": 0.0,
                    "popGroup7": 0.0,
                    "popGroup8": 0.0,
                    "popGroup9": 0.0,
                    "popGroup10": 11.563608471223588,
                    "popGroup11": 47.71782070529716,
                    "popGroup12": 0.0,
                    "popGroup13": 0.0,
                    "popGroup14": 0.0,
                    "popGroup15": 0.0
                }
            },
            "60618": {
                "car": {
                    "popGroup2": 6.376601319702549,
                    "popGroup4": 0.0,
                    "popGroup6": 0.0,
                    "popGroup10": 6.629305538840949,
                    "popGroup12": 0.0,
                    "popGroup14": 0.0
                },
                "publicTransport": {
                    "popGroup0": 0.0,
                    "popGroup1": 0.0,
                    "popGroup2": 3.4974437535953564,
                    "popGroup3": 13.415459275335477,
                    "popGroup4": 0.0,
                    "popGroup5": 0.0,
                    "popGroup6": 0.0,
                    "popGroup7": 0.0,
                    "popGroup8": 0.0,
                    "popGroup9": 0.0,
                    "popGroup10": 3.636066041680095,
                    "popGroup11": 15.002577696772924,
                    "popGroup12": 0.0,
                    "popGroup13": 0.0,
                    "popGroup14": 0.0,
                    "popGroup15": 0.0
                }
            },
            "61059": {
                "car": {
                    "popGroup2": 11.808771429386251,
                    "popGroup4": 0.0,
                    "popGroup6": 0.0,
                    "popGroup10": 12.276844417891658,
                    "popGroup12": 0.0,
                    "popGroup14": 0.0
                },
                "publicTransport": {
                    "popGroup0": 0.0,
                    "popGroup1": 0.0,
                    "popGroup2": 0.690137751618116,
                    "popGroup3": 2.4682267149783104,
                    "popGroup4": 0.0,
                    "popGroup5": 0.0,
                    "popGroup6": 0.0,
                    "popGroup7": 0.0,
                    "popGroup8": 0.0,
                    "popGroup9": 0.0,
                    "popGroup10": 0.7175198162291725,
                    "popGroup11": 2.7600337378780067,
                    "popGroup12": 0.0,
                    "popGroup13": 0.0,
                    "popGroup14": 0.0,
                    "popGroup15": 0.0
                }
            },
            "61001": {
                "car": {
                    "popGroup2": 2.3044039889159986,
                    "popGroup4": 0.0,
                    "popGroup6": 0.0,
                    "popGroup10": 2.3957519116864177,
                    "popGroup12": 0.0,
                    "popGroup14": 0.0
                },
                "publicTransport": {
                    "popGroup0": 0.0,
                    "popGroup1": 0.0,
                    "popGroup2": 0.18390577185929885,
                    "popGroup3": 0.6693369048880786,
                    "popGroup4": 0.0,
                    "popGroup5": 0.0,
                    "popGroup6": 0.0,
                    "popGroup7": 0.0,
                    "popGroup8": 0.0,
                    "popGroup9": 0.0,
                    "popGroup10": 0.19120312994129618,
                    "popGroup11": 0.7484840545330543,
                    "popGroup12": 0.0,
                    "popGroup13": 0.0,
                    "popGroup14": 0.0,
                    "popGroup15": 0.0
                }
            },
            "61055": {
                "car": {
                    "popGroup2": 2.3553230220584718,
                    "popGroup4": 0.0,
                    "popGroup6": 0.0,
                    "popGroup10": 2.4487093664416952,
                    "popGroup12": 0.0,
                    "popGroup14": 0.0
                },
                "publicTransport": {
                    "popGroup0": 0.0,
                    "popGroup1": 0.0,
                    "popGroup2": 0.246956292357204,
                    "popGroup3": 0.9303918477929847,
                    "popGroup4": 0.0,
                    "popGroup5": 0.0,
                    "popGroup6": 0.0,
                    "popGroup7": 0.0,
                    "popGroup8": 0.0,
                    "popGroup9": 0.0,
                    "popGroup10": 0.25675493556485446,
                    "popGroup11": 1.0404058634989386,
                    "popGroup12": 0.0,
                    "popGroup13": 0.0,
                    "popGroup14": 0.0,
                    "popGroup15": 0.0
                }
            },
            "61021": {
                "car": {
                    "popGroup2": 10.58986223553623,
                    "popGroup4": 0.0,
                    "popGroup6": 0.0,
                    "popGroup10": 11.00966255678392,
                    "popGroup12": 0.0,
                    "popGroup14": 0.0
                },
                "publicTransport": {
                    "popGroup0": 0.0,
                    "popGroup1": 0.0,
                    "popGroup2": 0.6847362270477361,
                    "popGroup3": 2.5201550908458765,
                    "popGroup4": 0.0,
                    "popGroup5": 0.0,
                    "popGroup6": 0.0,
                    "popGroup7": 0.0,
                    "popGroup8": 0.0,
                    "popGroup9": 0.0,
                    "popGroup10": 0.7118973122937712,
                    "popGroup11": 2.818090471727433,
                    "popGroup12": 0.0,
                    "popGroup13": 0.0,
                    "popGroup14": 0.0,
                    "popGroup15": 0.0
                }
            },
            "61017": {
                "car": {
                    "popGroup2": 1.7436934950095306,
                    "popGroup4": 0.0,
                    "popGroup6": 0.0,
                    "popGroup10": 1.812826752279439,
                    "popGroup12": 0.0,
                    "popGroup14": 0.0
                },
                "publicTransport": {
                    "popGroup0": 0.0,
                    "popGroup1": 0.0,
                    "popGroup2": 0.14311829909688623,
                    "popGroup3": 0.5358385619493846,
                    "popGroup4": 0.0,
                    "popGroup5": 0.0,
                    "popGroup6": 0.0,
                    "popGroup7": 0.0,
                    "popGroup8": 0.0,
                    "popGroup9": 0.0,
                    "popGroup10": 0.1487960812780416,
                    "popGroup11": 0.5991904897057233,
                    "popGroup12": 0.0,
                    "popGroup13": 0.0,
                    "popGroup14": 0.0,
                    "popGroup15": 0.0
                }
            },
            "61020": {
                "car": {
                    "popGroup2": 2.595443097634705,
                    "popGroup4": 0.0,
                    "popGroup6": 0.0,
                    "popGroup10": 2.6983444466285955,
                    "popGroup12": 0.0,
                    "popGroup14": 0.0
                },
                "publicTransport": {
                    "popGroup0": 0.0,
                    "popGroup1": 0.0,
                    "popGroup2": 0.19626904805394285,
                    "popGroup3": 0.7395883652723183,
                    "popGroup4": 0.0,
                    "popGroup5": 0.0,
                    "popGroup6": 0.0,
                    "popGroup7": 0.0,
                    "popGroup8": 0.0,
                    "popGroup9": 0.0,
                    "popGroup10": 0.20405409863855237,
                    "popGroup11": 0.8270250659164814,
                    "popGroup12": 0.0,
                    "popGroup13": 0.0,
                    "popGroup14": 0.0,
                    "popGroup15": 0.0
                }
            },
            "61012": {
                "car": {
                    "popGroup2": 5.165473062327152,
                    "popGroup4": 0.0,
                    "popGroup6": 0.0,
                    "popGroup10": 5.370273122276546,
                    "popGroup12": 0.0,
                    "popGroup14": 0.0
                },
                "publicTransport": {
                    "popGroup0": 0.0,
                    "popGroup1": 0.0,
                    "popGroup2": 0.4119711497508849,
                    "popGroup3": 1.5555621340864438,
                    "popGroup4": 0.0,
                    "popGroup5": 0.0,
                    "popGroup6": 0.0,
                    "popGroup7": 0.0,
                    "popGroup8": 0.0,
                    "popGroup9": 0.0,
                    "popGroup10": 0.4283126271187325,
                    "popGroup11": 1.7394645852249155,
                    "popGroup12": 0.0,
                    "popGroup13": 0.0,
                    "popGroup14": 0.0,
                    "popGroup15": 0.0
                }
            },
            "61043": {
                "car": {
                    "popGroup2": 5.119688139674484,
                    "popGroup4": 0.0,
                    "popGroup6": 0.0,
                    "popGroup10": 5.322680410616357,
                    "popGroup12": 0.0,
                    "popGroup14": 0.0
                },
                "publicTransport": {
                    "popGroup0": 0.0,
                    "popGroup1": 0.0,
                    "popGroup2": 0.4289661653145726,
                    "popGroup3": 1.6234495299940557,
                    "popGroup4": 0.0,
                    "popGroup5": 0.0,
                    "popGroup6": 0.0,
                    "popGroup7": 0.0,
                    "popGroup8": 0.0,
                    "popGroup9": 0.0,
                    "popGroup10": 0.4459829909415028,
                    "popGroup11": 1.8153782198235684,
                    "popGroup12": 0.0,
                    "popGroup13": 0.0,
                    "popGroup14": 0.0,
                    "popGroup15": 0.0
                }
            },
            "61053": {
                "car": {
                    "popGroup2": 37.562709470223496,
                    "popGroup4": 0.0,
                    "popGroup6": 0.0,
                    "popGroup10": 39.051920885242716,
                    "popGroup12": 0.0,
                    "popGroup14": 0.0
                },
                "publicTransport": {
                    "popGroup0": 0.0,
                    "popGroup1": 0.0,
                    "popGroup2": 3.093034928841893,
                    "popGroup3": 11.819727923925965,
                    "popGroup4": 0.0,
                    "popGroup5": 0.0,
                    "popGroup6": 0.0,
                    "popGroup7": 0.0,
                    "popGroup8": 0.0,
                    "popGroup9": 0.0,
                    "popGroup10": 3.2157325645077797,
                    "popGroup11": 13.21707718244943,
                    "popGroup12": 0.0,
                    "popGroup13": 0.0,
                    "popGroup14": 0.0,
                    "popGroup15": 0.0
                }
            },
            "61027": {
                "car": {
                    "popGroup2": 2.5868289577478416,
                    "popGroup4": 0.0,
                    "popGroup6": 0.0,
                    "popGroup10": 2.689395269180551,
                    "popGroup12": 0.0,
                    "popGroup14": 0.0
                },
                "publicTransport": {
                    "popGroup0": 0.0,
                    "popGroup1": 0.0,
                    "popGroup2": 0.21624720123052507,
                    "popGroup3": 0.8184321385767066,
                    "popGroup4": 0.0,
                    "popGroup5": 0.0,
                    "popGroup6": 0.0,
                    "popGroup7": 0.0,
                    "popGroup8": 0.0,
                    "popGroup9": 0.0,
                    "popGroup10": 0.2248255987355749,
                    "popGroup11": 0.9151894603569174,
                    "popGroup12": 0.0,
                    "popGroup13": 0.0,
                    "popGroup14": 0.0,
                    "popGroup15": 0.0
                }
            },
            "61016": {
                "car": {
                    "popGroup2": 1.5832193910231336,
                    "popGroup4": 0.0,
                    "popGroup6": 0.0,
                    "popGroup10": 1.64600334313052,
                    "popGroup12": 0.0,
                    "popGroup14": 0.0
                },
                "publicTransport": {
                    "popGroup0": 0.0,
                    "popGroup1": 0.0,
                    "popGroup2": 0.1868162939103979,
                    "popGroup3": 0.7185780750444538,
                    "popGroup4": 0.0,
                    "popGroup5": 0.0,
                    "popGroup6": 0.0,
                    "popGroup7": 0.0,
                    "popGroup8": 0.0,
                    "popGroup9": 0.0,
                    "popGroup10": 0.1942321115697719,
                    "popGroup11": 0.803523757484734,
                    "popGroup12": 0.0,
                    "popGroup13": 0.0,
                    "popGroup14": 0.0,
                    "popGroup15": 0.0
                }
            },
            "61045": {
                "car": {
                    "popGroup2": 8.682472474841656,
                    "popGroup4": 0.0,
                    "popGroup6": 0.0,
                    "popGroup10": 9.026726220006214,
                    "popGroup12": 0.0,
                    "popGroup14": 0.0
                },
                "publicTransport": {
                    "popGroup0": 0.0,
                    "popGroup1": 0.0,
                    "popGroup2": 0.7313719227882832,
                    "popGroup3": 2.817580514071388,
                    "popGroup4": 0.0,
                    "popGroup5": 0.0,
                    "popGroup6": 0.0,
                    "popGroup7": 0.0,
                    "popGroup8": 0.0,
                    "popGroup9": 0.0,
                    "popGroup10": 0.7603878349029414,
                    "popGroup11": 3.1506741964248683,
                    "popGroup12": 0.0,
                    "popGroup13": 0.0,
                    "popGroup14": 0.0,
                    "popGroup15": 0.0
                }
            },
            "61008": {
                "car": {
                    "popGroup2": 2.9575815736319755,
                    "popGroup4": 0.0,
                    "popGroup6": 0.0,
                    "popGroup10": 3.0748572902520053,
                    "popGroup12": 0.0,
                    "popGroup14": 0.0
                },
                "publicTransport": {
                    "popGroup0": 0.0,
                    "popGroup1": 0.0,
                    "popGroup2": 0.3154791870326972,
                    "popGroup3": 1.212408021868397,
                    "popGroup4": 0.0,
                    "popGroup5": 0.0,
                    "popGroup6": 0.0,
                    "popGroup7": 0.0,
                    "popGroup8": 0.0,
                    "popGroup9": 0.0,
                    "popGroup10": 0.32800066601610706,
                    "popGroup11": 1.3557336189284364,
                    "popGroup12": 0.0,
                    "popGroup13": 0.0,
                    "popGroup14": 0.0,
                    "popGroup15": 0.0
                }
            },
            "61050": {
                "car": {
                    "popGroup2": 4.82237862987259,
                    "popGroup4": 0.0,
                    "popGroup6": 0.0,
                    "popGroup10": 5.013689029985918,
                    "popGroup12": 0.0,
                    "popGroup14": 0.0
                },
                "publicTransport": {
                    "popGroup0": 0.0,
                    "popGroup1": 0.0,
                    "popGroup2": 0.39591303287050184,
                    "popGroup3": 1.535551778626775,
                    "popGroup4": 0.0,
                    "popGroup5": 0.0,
                    "popGroup6": 0.0,
                    "popGroup7": 0.0,
                    "popGroup8": 0.0,
                    "popGroup9": 0.0,
                    "popGroup10": 0.4116265788156468,
                    "popGroup11": 1.7170769165862738,
                    "popGroup12": 0.0,
                    "popGroup13": 0.0,
                    "popGroup14": 0.0,
                    "popGroup15": 0.0
                }
            },
            "61049": {
                "car": {
                    "popGroup2": 3.7693038214830796,
                    "popGroup4": 0.0,
                    "popGroup6": 0.0,
                    "popGroup10": 3.918812882582055,
                    "popGroup12": 0.0,
                    "popGroup14": 0.0
                },
                "publicTransport": {
                    "popGroup0": 0.0,
                    "popGroup1": 0.0,
                    "popGroup2": 0.33629711266356854,
                    "popGroup3": 1.2989640929693156,
                    "popGroup4": 0.0,
                    "popGroup5": 0.0,
                    "popGroup6": 0.0,
                    "popGroup7": 0.0,
                    "popGroup8": 0.0,
                    "popGroup9": 0.0,
                    "popGroup10": 0.34964409289012016,
                    "popGroup11": 1.4525225090664033,
                    "popGroup12": 0.0,
                    "popGroup13": 0.0,
                    "popGroup14": 0.0,
                    "popGroup15": 0.0
                }
            },
            "61058": {
                "car": {
                    "popGroup2": 7.049137966473474,
                    "popGroup4": 0.0,
                    "popGroup6": 0.0,
                    "popGroup10": 7.328635997084037,
                    "popGroup12": 0.0,
                    "popGroup14": 0.0
                },
                "publicTransport": {
                    "popGroup0": 0.0,
                    "popGroup1": 0.0,
                    "popGroup2": 0.7755683341766779,
                    "popGroup3": 3.0038094574264527,
                    "popGroup4": 0.0,
                    "popGroup5": 0.0,
                    "popGroup6": 0.0,
                    "popGroup7": 0.0,
                    "popGroup8": 0.0,
                    "popGroup9": 0.0,
                    "popGroup10": 0.8063799766721911,
                    "popGroup11": 3.3588591710550526,
                    "popGroup12": 0.0,
                    "popGroup13": 0.0,
                    "popGroup14": 0.0,
                    "popGroup15": 0.0
                }
            },
            "62347": {
                "car": {
                    "popGroup2": 0.8285672826735757,
                    "popGroup4": 0.0,
                    "popGroup6": 0.0,
                    "popGroup10": 0.8614228585417738,
                    "popGroup12": 0.0,
                    "popGroup14": 0.0
                },
                "publicTransport": {
                    "popGroup0": 0.0,
                    "popGroup1": 0.0,
                    "popGroup2": 0.08885498482733506,
                    "popGroup3": 0.34537291318576113,
                    "popGroup4": 0.0,
                    "popGroup5": 0.0,
                    "popGroup6": 0.0,
                    "popGroup7": 0.0,
                    "popGroup8": 0.0,
                    "popGroup9": 0.0,
                    "popGroup10": 0.09238675619463256,
                    "popGroup11": 0.3861927649061027,
                    "popGroup12": 0.0,
                    "popGroup13": 0.0,
                    "popGroup14": 0.0,
                    "popGroup15": 0.0
                }
            }
        }
    }
}