{
    "Sum_Trips_per_Mode": {
        "work": {
            "60101": {
                "car": 3244.40529983614,
                "publicTransport": 1036.1913747028414
            },
            "60669": {
                "car": 100.8831402810307,
                "publicTransport": 673.6470013344301
            },
            "60608": {
                "car": 70.90892062234346,
                "publicTransport": 251.01405521596428
            },
            "60611": {
                "car": 30.846502097080634,
                "publicTransport": 134.44338494871823
            },
            "60670": {
                "car": 103.74144809088516,
                "publicTransport": 39.48819649177759
            },
            "60662": {
                "car": 19.480634966425175,
                "publicTransport": 5.38391398083407
            },
            "60656": {
                "car": 17.657678044851217,
                "publicTransport": 8.500692130565607
            },
            "60655": {
                "car": 27.12111133143126,
                "publicTransport": 8.005006342445945
            },
            "60624": {
                "car": 76.3073555090385,
                "publicTransport": 22.90357632253249
            },
            "60660": {
                "car": 22.058279447281137,
                "publicTransport": 10.198064386133591
            },
            "60629": {
                "car": 44.38253812321441,
                "publicTransport": 57.535119284283326
            },
            "60618": {
                "car": 11.776651202461156,
                "publicTransport": 15.755986586000486
            },
            "61059": {
                "car": 22.097201634037845,
                "publicTransport": 6.325883647044804
            },
            "61001": {
                "car": 4.310145421726501,
                "publicTransport": 1.3470756769795083
            },
            "61055": {
                "car": 4.405394253444335,
                "publicTransport": 1.4536875874654955
            },
            "61021": {
                "car": 19.874913745423648,
                "publicTransport": 5.687791711625245
            },
            "61017": {
                "car": 3.263539413203161,
                "publicTransport": 0.9997256306298146
            },
            "61020": {
                "car": 4.875107753955998,
                "publicTransport": 1.3882726815202318
            },
            "61012": {
                "car": 9.739480731981708,
                "publicTransport": 2.888219604269234
            },
            "61043": {
                "car": 9.63692280365822,
                "publicTransport": 2.942655195388749
            },
            "61053": {
                "car": 70.80938876771864,
                "publicTransport": 19.93821404455962
            },
            "61027": {
                "car": 4.863924059290135,
                "publicTransport": 1.4824903545985109
            },
            "61016": {
                "car": 2.9966556522571106,
                "publicTransport": 1.1487418377852552
            },
            "61045": {
                "car": 16.413115493978356,
                "publicTransport": 4.523715778505025
            },
            "61008": {
                "car": 5.598037925817142,
                "publicTransport": 1.9484069535243667
            },
            "61050": {
                "car": 9.239847301620566,
                "publicTransport": 2.4387085825166315
            },
            "61049": {
                "car": 7.15944723240553,
                "publicTransport": 2.0551531784859143
            },
            "61058": {
                "car": 13.356179527561462,
                "publicTransport": 4.719856706091853
            },
            "62347": {
                "car": 1.5736226566429679,
                "publicTransport": 0.5565088320868825
            }
        }
    },
    "Trips_per_group": {
        "work": {
            "60101": {
                "car": {
                    "popGroup2": 1590.4759181046115,
                    "popGroup4": 0.0,
                    "popGroup6": 0.0,
                    "popGroup10": 1653.9293817315283,
                    "popGroup12": 0.0,
                    "popGroup14": 0.0
                },
                "publicTransport": {
                    "popGroup0": 0.0,
                    "popGroup1": 0.0,
                    "popGroup2": 307.94288116528577,
                    "popGroup3": 192.69333584898968,
                    "popGroup4": 0.0,
                    "popGroup5": 0.0,
                    "popGroup6": 0.0,
                    "popGroup7": 0.0,
                    "popGroup8": 0.0,
                    "popGroup9": 0.0,
                    "popGroup10": 320.23224360054047,
                    "popGroup11": 215.32291408802556,
                    "popGroup12": 0.0,
                    "popGroup13": 0.0,
                    "popGroup14": 0.0,
                    "popGroup15": 0.0
                }
            },
            "60669": {
                "car": {
                    "popGroup2": 49.454974263733526,
                    "popGroup4": 0.0,
                    "popGroup6": 0.0,
                    "popGroup10": 51.42816601729717,
                    "popGroup12": 0.0,
                    "popGroup14": 0.0
                },
                "publicTransport": {
                    "popGroup0": 0.0,
                    "popGroup1": 0.0,
                    "popGroup2": 41.24689164036745,
                    "popGroup3": 278.40606712378633,
                    "popGroup4": 0.0,
                    "popGroup5": 0.0,
                    "popGroup6": 0.0,
                    "popGroup7": 0.0,
                    "popGroup8": 0.0,
                    "popGroup9": 0.0,
                    "popGroup10": 42.893248708717145,
                    "popGroup11": 311.1007938615593,
                    "popGroup12": 0.0,
                    "popGroup13": 0.0,
                    "popGroup14": 0.0,
                    "popGroup15": 0.0
                }
            },
            "60608": {
                "car": {
                    "popGroup2": 34.76106890041365,
                    "popGroup4": 0.0,
                    "popGroup6": 0.0,
                    "popGroup10": 36.14785172192982,
                    "popGroup12": 0.0,
                    "popGroup14": 0.0
                },
                "publicTransport": {
                    "popGroup0": 0.0,
                    "popGroup1": 0.0,
                    "popGroup2": 15.162070388748862,
                    "popGroup3": 103.93896325197426,
                    "popGroup4": 0.0,
                    "popGroup5": 0.0,
                    "popGroup6": 0.0,
                    "popGroup7": 0.0,
                    "popGroup8": 0.0,
                    "popGroup9": 0.0,
                    "popGroup10": 15.766962259794571,
                    "popGroup11": 116.14605931544659,
                    "popGroup12": 0.0,
                    "popGroup13": 0.0,
                    "popGroup14": 0.0,
                    "popGroup15": 0.0
                }
            },
            "60611": {
                "car": {
                    "popGroup2": 15.121515562962944,
                    "popGroup4": 0.0,
                    "popGroup6": 0.0,
                    "popGroup10": 15.72498653411769,
                    "popGroup12": 0.0,
                    "popGroup14": 0.0
                },
                "publicTransport": {
                    "popGroup0": 0.0,
                    "popGroup1": 0.0,
                    "popGroup2": 8.250630668572809,
                    "popGroup3": 55.54500632872345,
                    "popGroup4": 0.0,
                    "popGroup5": 0.0,
                    "popGroup6": 0.0,
                    "popGroup7": 0.0,
                    "popGroup8": 0.0,
                    "popGroup9": 0.0,
                    "popGroup10": 8.580023127127635,
                    "popGroup11": 62.06772482429432,
                    "popGroup12": 0.0,
                    "popGroup13": 0.0,
                    "popGroup14": 0.0,
                    "popGroup15": 0.0
                }
            },
            "60670": {
                "car": {
                    "popGroup2": 50.85622187001046,
                    "popGroup4": 0.0,
                    "popGroup6": 0.0,
                    "popGroup10": 52.8852262208747,
                    "popGroup12": 0.0,
                    "popGroup14": 0.0
                },
                "publicTransport": {
                    "popGroup0": 0.0,
                    "popGroup1": 0.0,
                    "popGroup2": 9.742099120918352,
                    "popGroup3": 9.263675108355372,
                    "popGroup4": 0.0,
                    "popGroup5": 0.0,
                    "popGroup6": 0.0,
                    "popGroup7": 0.0,
                    "popGroup8": 0.0,
                    "popGroup9": 0.0,
                    "popGroup10": 10.130777224825698,
                    "popGroup11": 10.351645037678166,
                    "popGroup12": 0.0,
                    "popGroup13": 0.0,
                    "popGroup14": 0.0,
                    "popGroup15": 0.0
                }
            },
            "60662": {
                "car": {
                    "popGroup2": 9.549791563560252,
                    "popGroup4": 0.0,
                    "popGroup6": 0.0,
                    "popGroup10": 9.930843402864923,
                    "popGroup12": 0.0,
                    "popGroup14": 0.0
                },
                "publicTransport": {
                    "popGroup0": 0.0,
                    "popGroup1": 0.0,
                    "popGroup2": 1.373551326506179,
                    "popGroup3": 1.2193927905984467,
                    "popGroup4": 0.0,
                    "popGroup5": 0.0,
                    "popGroup6": 0.0,
                    "popGroup7": 0.0,
                    "popGroup8": 0.0,
                    "popGroup9": 0.0,
                    "popGroup10": 1.4283721504657763,
                    "popGroup11": 1.3625977132636682,
                    "popGroup12": 0.0,
                    "popGroup13": 0.0,
                    "popGroup14": 0.0,
                    "popGroup15": 0.0
                }
            },
            "60656": {
                "car": {
                    "popGroup2": 8.6561402179661,
                    "popGroup4": 0.0,
                    "popGroup6": 0.0,
                    "popGroup10": 9.00153782688512,
                    "popGroup12": 0.0,
                    "popGroup14": 0.0
                },
                "publicTransport": {
                    "popGroup0": 0.0,
                    "popGroup1": 0.0,
                    "popGroup2": 1.6888379077020077,
                    "popGroup3": 2.3876023808248124,
                    "popGroup4": 0.0,
                    "popGroup5": 0.0,
                    "popGroup6": 0.0,
                    "popGroup7": 0.0,
                    "popGroup8": 0.0,
                    "popGroup9": 0.0,
                    "popGroup10": 1.7562475780806923,
                    "popGroup11": 2.6680042639580934,
                    "popGroup12": 0.0,
                    "popGroup13": 0.0,
                    "popGroup14": 0.0,
                    "popGroup15": 0.0
                }
            },
            "60655": {
                "car": {
                    "popGroup2": 13.295298277327607,
                    "popGroup4": 0.0,
                    "popGroup6": 0.0,
                    "popGroup10": 13.825813054103651,
                    "popGroup12": 0.0,
                    "popGroup14": 0.0
                },
                "publicTransport": {
                    "popGroup0": 0.0,
                    "popGroup1": 0.0,
                    "popGroup2": 2.0122133165959535,
                    "popGroup3": 1.8419713062288192,
                    "popGroup4": 0.0,
                    "popGroup5": 0.0,
                    "popGroup6": 0.0,
                    "popGroup7": 0.0,
                    "popGroup8": 0.0,
                    "popGroup9": 0.0,
                    "popGroup10": 2.092532172429297,
                    "popGroup11": 2.058289547191877,
                    "popGroup12": 0.0,
                    "popGroup13": 0.0,
                    "popGroup14": 0.0,
                    "popGroup15": 0.0
                }
            },
            "60624": {
                "car": {
                    "popGroup2": 37.40745062713395,
                    "popGroup4": 0.0,
                    "popGroup6": 0.0,
                    "popGroup10": 38.89990488190455,
                    "popGroup12": 0.0,
                    "popGroup14": 0.0
                },
                "publicTransport": {
                    "popGroup0": 0.0,
                    "popGroup1": 0.0,
                    "popGroup2": 6.181724271914552,
                    "popGroup3": 4.861267107984365,
                    "popGroup4": 0.0,
                    "popGroup5": 0.0,
                    "popGroup6": 0.0,
                    "popGroup7": 0.0,
                    "popGroup8": 0.0,
                    "popGroup9": 0.0,
                    "popGroup10": 6.428404358911757,
                    "popGroup11": 5.432180583721816,
                    "popGroup12": 0.0,
                    "popGroup13": 0.0,
                    "popGroup14": 0.0,
                    "popGroup15": 0.0
                }
            },
            "60660": {
                "car": {
                    "popGroup2": 10.813368032382602,
                    "popGroup4": 0.0,
                    "popGroup6": 0.0,
                    "popGroup10": 11.244911414898537,
                    "popGroup12": 0.0,
                    "popGroup14": 0.0
                },
                "publicTransport": {
                    "popGroup0": 0.0,
                    "popGroup1": 0.0,
                    "popGroup2": 1.96934997369032,
                    "popGroup3": 2.9189731043105436,
                    "popGroup4": 0.0,
                    "popGroup5": 0.0,
                    "popGroup6": 0.0,
                    "popGroup7": 0.0,
                    "popGroup8": 0.0,
                    "popGroup9": 0.0,
                    "popGroup10": 2.047964302923829,
                    "popGroup11": 3.2617770052088995,
                    "popGroup12": 0.0,
                    "popGroup13": 0.0,
                    "popGroup14": 0.0,
                    "popGroup15": 0.0
                }
            },
            "60629": {
                "car": {
                    "popGroup2": 21.757191142334314,
                    "popGroup4": 0.0,
                    "popGroup6": 0.0,
                    "popGroup10": 22.625346980880096,
                    "popGroup12": 0.0,
                    "popGroup14": 0.0
                },
                "publicTransport": {
                    "popGroup0": 0.0,
                    "popGroup1": 0.0,
                    "popGroup2": 5.905415001435403,
                    "popGroup3": 21.48282842003741,
                    "popGroup4": 0.0,
                    "popGroup5": 0.0,
                    "popGroup6": 0.0,
                    "popGroup7": 0.0,
                    "popGroup8": 0.0,
                    "popGroup9": 0.0,
                    "popGroup10": 6.141061111923509,
                    "popGroup11": 24.005814750887,
                    "popGroup12": 0.0,
                    "popGroup13": 0.0,
                    "popGroup14": 0.0,
                    "popGroup15": 0.0
                }
            },
            "60618": {
                "car": {
                    "popGroup2": 5.7731544204286545,
                    "popGroup4": 0.0,
                    "popGroup6": 0.0,
                    "popGroup10": 6.003496782032503,
                    "popGroup12": 0.0,
                    "popGroup14": 0.0
                },
                "publicTransport": {
                    "popGroup0": 0.0,
                    "popGroup1": 0.0,
                    "popGroup2": 1.6889334004396108,
                    "popGroup3": 5.813960365684187,
                    "popGroup4": 0.0,
                    "popGroup5": 0.0,
                    "popGroup6": 0.0,
                    "popGroup7": 0.0,
                    "popGroup8": 0.0,
                    "popGroup9": 0.0,
                    "popGroup10": 1.7563210223722263,
                    "popGroup11": 6.496771797504461,
                    "popGroup12": 0.0,
                    "popGroup13": 0.0,
                    "popGroup14": 0.0,
                    "popGroup15": 0.0
                }
            },
            "61059": {
                "car": {
                    "popGroup2": 10.832458766363274,
                    "popGroup4": 0.0,
                    "popGroup6": 0.0,
                    "popGroup10": 11.26474286767457,
                    "popGroup12": 0.0,
                    "popGroup14": 0.0
                },
                "publicTransport": {
                    "popGroup0": 0.0,
                    "popGroup1": 0.0,
                    "popGroup2": 1.4160333729344305,
                    "popGroup3": 1.6233141609880306,
                    "popGroup4": 0.0,
                    "popGroup5": 0.0,
                    "popGroup6": 0.0,
                    "popGroup7": 0.0,
                    "popGroup8": 0.0,
                    "popGroup9": 0.0,
                    "popGroup10": 1.472591396855107,
                    "popGroup11": 1.8139447162672357,
                    "popGroup12": 0.0,
                    "popGroup13": 0.0,
                    "popGroup14": 0.0,
                    "popGroup15": 0.0
                }
            },
            "61001": {
                "car": {
                    "popGroup2": 2.1129105212816226,
                    "popGroup4": 0.0,
                    "popGroup6": 0.0,
                    "popGroup10": 2.1972349004448786,
                    "popGroup12": 0.0,
                    "popGroup14": 0.0
                },
                "publicTransport": {
                    "popGroup0": 0.0,
                    "popGroup1": 0.0,
                    "popGroup2": 0.2935563518101306,
                    "popGroup3": 0.3533702934895243,
                    "popGroup4": 0.0,
                    "popGroup5": 0.0,
                    "popGroup6": 0.0,
                    "popGroup7": 0.0,
                    "popGroup8": 0.0,
                    "popGroup9": 0.0,
                    "popGroup10": 0.3052812226831384,
                    "popGroup11": 0.3948678089967148,
                    "popGroup12": 0.0,
                    "popGroup13": 0.0,
                    "popGroup14": 0.0,
                    "popGroup15": 0.0
                }
            },
            "61055": {
                "car": {
                    "popGroup2": 2.159594561291828,
                    "popGroup4": 0.0,
                    "popGroup6": 0.0,
                    "popGroup10": 2.2457996921525067,
                    "popGroup12": 0.0,
                    "popGroup14": 0.0
                },
                "publicTransport": {
                    "popGroup0": 0.0,
                    "popGroup1": 0.0,
                    "popGroup2": 0.27101676313749407,
                    "popGroup3": 0.42543248226837793,
                    "popGroup4": 0.0,
                    "popGroup5": 0.0,
                    "popGroup6": 0.0,
                    "popGroup7": 0.0,
                    "popGroup8": 0.0,
                    "popGroup9": 0.0,
                    "popGroup10": 0.28184710890735476,
                    "popGroup11": 0.4753912331522689,
                    "popGroup12": 0.0,
                    "popGroup13": 0.0,
                    "popGroup14": 0.0,
                    "popGroup15": 0.0
                }
            },
            "61021": {
                "car": {
                    "popGroup2": 9.74303356202309,
                    "popGroup4": 0.0,
                    "popGroup6": 0.0,
                    "popGroup10": 10.131880183400556,
                    "popGroup12": 0.0,
                    "popGroup14": 0.0
                },
                "publicTransport": {
                    "popGroup0": 0.0,
                    "popGroup1": 0.0,
                    "popGroup2": 1.1554801855482821,
                    "popGroup3": 1.572975495952003,
                    "popGroup4": 0.0,
                    "popGroup5": 0.0,
                    "popGroup6": 0.0,
                    "popGroup7": 0.0,
                    "popGroup8": 0.0,
                    "popGroup9": 0.0,
                    "popGroup10": 1.2016427272909378,
                    "popGroup11": 1.7576933028340223,
                    "popGroup12": 0.0,
                    "popGroup13": 0.0,
                    "popGroup14": 0.0,
                    "popGroup15": 0.0
                }
            },
            "61017": {
                "car": {
                    "popGroup2": 1.5998401948343475,
                    "popGroup4": 0.0,
                    "popGroup6": 0.0,
                    "popGroup10": 1.6636992183688137,
                    "popGroup12": 0.0,
                    "popGroup14": 0.0
                },
                "publicTransport": {
                    "popGroup0": 0.0,
                    "popGroup1": 0.0,
                    "popGroup2": 0.18936401362795102,
                    "popGroup3": 0.28970462637492506,
                    "popGroup4": 0.0,
                    "popGroup5": 0.0,
                    "popGroup6": 0.0,
                    "popGroup7": 0.0,
                    "popGroup8": 0.0,
                    "popGroup9": 0.0,
                    "popGroup10": 0.1969327099923103,
                    "popGroup11": 0.3237242806346282,
                    "popGroup12": 0.0,
                    "popGroup13": 0.0,
                    "popGroup14": 0.0,
                    "popGroup15": 0.0
                }
            },
            "61020": {
                "car": {
                    "popGroup2": 2.389857969268422,
                    "popGroup4": 0.0,
                    "popGroup6": 0.0,
                    "popGroup10": 2.4852497846875763,
                    "popGroup12": 0.0,
                    "popGroup14": 0.0
                },
                "publicTransport": {
                    "popGroup0": 0.0,
                    "popGroup1": 0.0,
                    "popGroup2": 0.24775067301232157,
                    "popGroup3": 0.41695404088351934,
                    "popGroup4": 0.0,
                    "popGroup5": 0.0,
                    "popGroup6": 0.0,
                    "popGroup7": 0.0,
                    "popGroup8": 0.0,
                    "popGroup9": 0.0,
                    "popGroup10": 0.2576502431046912,
                    "popGroup11": 0.4659177245196997,
                    "popGroup12": 0.0,
                    "popGroup13": 0.0,
                    "popGroup14": 0.0,
                    "popGroup15": 0.0
                }
            },
            "61012": {
                "car": {
                    "popGroup2": 4.774451288058465,
                    "popGroup4": 0.0,
                    "popGroup6": 0.0,
                    "popGroup10": 4.965029443923243,
                    "popGroup12": 0.0,
                    "popGroup14": 0.0
                },
                "publicTransport": {
                    "popGroup0": 0.0,
                    "popGroup1": 0.0,
                    "popGroup2": 0.5071695571367627,
                    "popGroup3": 0.8754062821780974,
                    "popGroup4": 0.0,
                    "popGroup5": 0.0,
                    "popGroup6": 0.0,
                    "popGroup7": 0.0,
                    "popGroup8": 0.0,
                    "popGroup9": 0.0,
                    "popGroup10": 0.5274379872722906,
                    "popGroup11": 0.9782057776820836,
                    "popGroup12": 0.0,
                    "popGroup13": 0.0,
                    "popGroup14": 0.0,
                    "popGroup15": 0.0
                }
            },
            "61043": {
                "car": {
                    "popGroup2": 4.72417250978541,
                    "popGroup4": 0.0,
                    "popGroup6": 0.0,
                    "popGroup10": 4.91275029387281,
                    "popGroup12": 0.0,
                    "popGroup14": 0.0
                },
                "publicTransport": {
                    "popGroup0": 0.0,
                    "popGroup1": 0.0,
                    "popGroup2": 0.5074197223474088,
                    "popGroup3": 0.9008726402397713,
                    "popGroup4": 0.0,
                    "popGroup5": 0.0,
                    "popGroup6": 0.0,
                    "popGroup7": 0.0,
                    "popGroup8": 0.0,
                    "popGroup9": 0.0,
                    "popGroup10": 0.5277013326896659,
                    "popGroup11": 1.006661500111903,
                    "popGroup12": 0.0,
                    "popGroup13": 0.0,
                    "popGroup14": 0.0,
                    "popGroup15": 0.0
                }
            },
            "61053": {
                "car": {
                    "popGroup2": 34.71194118519208,
                    "popGroup4": 0.0,
                    "popGroup6": 0.0,
                    "popGroup10": 36.09744758252656,
                    "popGroup12": 0.0,
                    "popGroup14": 0.0
                },
                "publicTransport": {
                    "popGroup0": 0.0,
                    "popGroup1": 0.0,
                    "popGroup2": 3.100513597967348,
                    "popGroup3": 6.429150990740457,
                    "popGroup4": 0.0,
                    "popGroup5": 0.0,
                    "popGroup6": 0.0,
                    "popGroup7": 0.0,
                    "popGroup8": 0.0,
                    "popGroup9": 0.0,
                    "popGroup10": 3.2244165291795173,
                    "popGroup11": 7.184132926672296,
                    "popGroup12": 0.0,
                    "popGroup13": 0.0,
                    "popGroup14": 0.0,
                    "popGroup15": 0.0
                }
            },
            "61027": {
                "car": {
                    "popGroup2": 2.3843726883513305,
                    "popGroup4": 0.0,
                    "popGroup6": 0.0,
                    "popGroup10": 2.479551370938805,
                    "popGroup12": 0.0,
                    "popGroup14": 0.0
                },
                "publicTransport": {
                    "popGroup0": 0.0,
                    "popGroup1": 0.0,
                    "popGroup2": 0.25557775713874253,
                    "popGroup3": 0.4539085992713789,
                    "popGroup4": 0.0,
                    "popGroup5": 0.0,
                    "popGroup6": 0.0,
                    "popGroup7": 0.0,
                    "popGroup8": 0.0,
                    "popGroup9": 0.0,
                    "popGroup10": 0.2657932209462093,
                    "popGroup11": 0.50721077724218,
                    "popGroup12": 0.0,
                    "popGroup13": 0.0,
                    "popGroup14": 0.0,
                    "popGroup15": 0.0
                }
            },
            "61016": {
                "car": {
                    "popGroup2": 1.4690035361908451,
                    "popGroup4": 0.0,
                    "popGroup6": 0.0,
                    "popGroup10": 1.5276521160662655,
                    "popGroup12": 0.0,
                    "popGroup14": 0.0
                },
                "publicTransport": {
                    "popGroup0": 0.0,
                    "popGroup1": 0.0,
                    "popGroup2": 0.16188359628314303,
                    "popGroup3": 0.3865546081803564,
                    "popGroup4": 0.0,
                    "popGroup5": 0.0,
                    "popGroup6": 0.0,
                    "popGroup7": 0.0,
                    "popGroup8": 0.0,
                    "popGroup9": 0.0,
                    "popGroup10": 0.1683594226022281,
                    "popGroup11": 0.4319442107195275,
                    "popGroup12": 0.0,
                    "popGroup13": 0.0,
                    "popGroup14": 0.0,
                    "popGroup15": 0.0
                }
            },
            "61045": {
                "car": {
                    "popGroup2": 8.045969779527631,
                    "popGroup4": 0.0,
                    "popGroup6": 0.0,
                    "popGroup10": 8.367145714450725,
                    "popGroup12": 0.0,
                    "popGroup14": 0.0
                },
                "publicTransport": {
                    "popGroup0": 0.0,
                    "popGroup1": 0.0,
                    "popGroup2": 0.6222622366334246,
                    "popGroup3": 1.5369222818599173,
                    "popGroup4": 0.0,
                    "popGroup5": 0.0,
                    "popGroup6": 0.0,
                    "popGroup7": 0.0,
                    "popGroup8": 0.0,
                    "popGroup9": 0.0,
                    "popGroup10": 0.6471270416338557,
                    "popGroup11": 1.717404218377827,
                    "popGroup12": 0.0,
                    "popGroup13": 0.0,
                    "popGroup14": 0.0,
                    "popGroup15": 0.0
                }
            },
            "61008": {
                "car": {
                    "popGroup2": 2.7442427226612547,
                    "popGroup4": 0.0,
                    "popGroup6": 0.0,
                    "popGroup10": 2.8537952031558875,
                    "popGroup12": 0.0,
                    "popGroup14": 0.0
                },
                "publicTransport": {
                    "popGroup0": 0.0,
                    "popGroup1": 0.0,
                    "popGroup2": 0.27899631285872173,
                    "popGroup3": 0.6513841673218602,
                    "popGroup4": 0.0,
                    "popGroup5": 0.0,
                    "popGroup6": 0.0,
                    "popGroup7": 0.0,
                    "popGroup8": 0.0,
                    "popGroup9": 0.0,
                    "popGroup10": 0.29015487859341915,
                    "popGroup11": 0.7278715947503656,
                    "popGroup12": 0.0,
                    "popGroup13": 0.0,
                    "popGroup14": 0.0,
                    "popGroup15": 0.0
                }
            },
            "61050": {
                "car": {
                    "popGroup2": 4.5294711444898805,
                    "popGroup4": 0.0,
                    "popGroup6": 0.0,
                    "popGroup10": 4.7103761571306855,
                    "popGroup12": 0.0,
                    "popGroup14": 0.0
                },
                "publicTransport": {
                    "popGroup0": 0.0,
                    "popGroup1": 0.0,
                    "popGroup2": 0.2875495267522378,
                    "popGroup3": 0.8747022969864757,
                    "popGroup4": 0.0,
                    "popGroup5": 0.0,
                    "popGroup6": 0.0,
                    "popGroup7": 0.0,
                    "popGroup8": 0.0,
                    "popGroup9": 0.0,
                    "popGroup10": 0.29904181101701244,
                    "popGroup11": 0.9774149477609053,
                    "popGroup12": 0.0,
                    "popGroup13": 0.0,
                    "popGroup14": 0.0,
                    "popGroup15": 0.0
                }
            },
            "61049": {
                "car": {
                    "popGroup2": 3.5096482916383325,
                    "popGroup4": 0.0,
                    "popGroup6": 0.0,
                    "popGroup10": 3.649798940767197,
                    "popGroup12": 0.0,
                    "popGroup14": 0.0
                },
                "publicTransport": {
                    "popGroup0": 0.0,
                    "popGroup1": 0.0,
                    "popGroup2": 0.2666223513301217,
                    "popGroup3": 0.713720407973912,
                    "popGroup4": 0.0,
                    "popGroup5": 0.0,
                    "popGroup6": 0.0,
                    "popGroup7": 0.0,
                    "popGroup8": 0.0,
                    "popGroup9": 0.0,
                    "popGroup10": 0.2772810882546998,
                    "popGroup11": 0.7975293309271807,
                    "popGroup12": 0.0,
                    "popGroup13": 0.0,
                    "popGroup14": 0.0,
                    "popGroup15": 0.0
                }
            },
            "61058": {
                "car": {
                    "popGroup2": 6.54740906473703,
                    "popGroup4": 0.0,
                    "popGroup6": 0.0,
                    "popGroup10": 6.808770462824431,
                    "popGroup12": 0.0,
                    "popGroup14": 0.0
                },
                "publicTransport": {
                    "popGroup0": 0.0,
                    "popGroup1": 0.0,
                    "popGroup2": 0.5718383074364053,
                    "popGroup3": 1.6781306768852482,
                    "popGroup4": 0.0,
                    "popGroup5": 0.0,
                    "popGroup6": 0.0,
                    "popGroup7": 0.0,
                    "popGroup8": 0.0,
                    "popGroup9": 0.0,
                    "popGroup10": 0.5947251085597186,
                    "popGroup11": 1.8751626132104804,
                    "popGroup12": 0.0,
                    "popGroup13": 0.0,
                    "popGroup14": 0.0,
                    "popGroup15": 0.0
                }
            },
            "62347": {
                "car": {
                    "popGroup2": 0.7714132371488158,
                    "popGroup4": 0.0,
                    "popGroup6": 0.0,
                    "popGroup10": 0.8022094194941521,
                    "popGroup12": 0.0,
                    "popGroup14": 0.0
                },
                "publicTransport": {
                    "popGroup0": 0.0,
                    "popGroup1": 0.0,
                    "popGroup2": 0.06079355382260295,
                    "popGroup3": 0.2042539215405381,
                    "popGroup4": 0.0,
                    "popGroup5": 0.0,
                    "popGroup6": 0.0,
                    "popGroup7": 0.0,
                    "popGroup8": 0.0,
                    "popGroup9": 0.0,
                    "popGroup10": 0.06322696317179291,
                    "popGroup11": 0.22823439355194858,
                    "popGroup12": 0.0,
                    "popGroup13": 0.0,
                    "popGroup14": 0.0,
                    "popGroup15": 0.0
                }
            }
        }
    }
}