{
    "Sum_Trips_per_Mode": {
        "work": {
            "60101": {
                "car": 1349.964076943369,
                "publicTransport": 451.8127513511168
            },
            "60669": {
                "car": 60.43946495455421,
                "publicTransport": 18.329764942429172
            },
            "60608": {
                "car": 27.42922852469215,
                "publicTransport": 9.756792834519588
            },
            "60611": {
                "car": 18.403713090527145,
                "publicTransport": 72.676537393485
            },
            "60670": {
                "car": 54.34377694490087,
                "publicTransport": 43.27680431593362
            },
            "60662": {
                "car": 8.992790272195116,
                "publicTransport": 42.9989086313283
            },
            "60656": {
                "car": 11.514613829030344,
                "publicTransport": 8.524675877270461
            },
            "60655": {
                "car": 16.143435566993883,
                "publicTransport": 9.630623689243452
            },
            "60624": {
                "car": 47.77736097488848,
                "publicTransport": 25.42974505747648
            },
            "60660": {
                "car": 12.18036748617806,
                "publicTransport": 10.247639190316818
            },
            "60629": {
                "car": 18.52074312454421,
                "publicTransport": 16.92396842189904
            },
            "60618": {
                "car": 4.979397407578567,
                "publicTransport": 4.977093340378104
            },
            "61059": {
                "car": 15.648231727321525,
                "publicTransport": 37.234805743060804
            },
            "61001": {
                "car": 3.3751729660805125,
                "publicTransport": 7.8279130501823495
            },
            "61055": {
                "car": 3.490192877955663,
                "publicTransport": 9.628907160231353
            },
            "61021": {
                "car": 14.13762046939365,
                "publicTransport": 8.808916406271504
            },
            "61017": {
                "car": 2.313707110323433,
                "publicTransport": 6.167176400154506
            },
            "61020": {
                "car": 3.5247887467884977,
                "publicTransport": 2.325740334097901
            },
            "61012": {
                "car": 6.998885283489522,
                "publicTransport": 4.791775757805332
            },
            "61043": {
                "car": 6.991711162877706,
                "publicTransport": 4.974159877671465
            },
            "61053": {
                "car": 49.84018466498736,
                "publicTransport": 33.44776755840372
            },
            "61027": {
                "car": 3.8509873002097876,
                "publicTransport": 10.373365850625856
            },
            "61016": {
                "car": 2.406525162773241,
                "publicTransport": 1.9403720127801922
            },
            "61045": {
                "car": 11.660197507523993,
                "publicTransport": 7.389612337521887
            },
            "61008": {
                "car": 4.556416993357484,
                "publicTransport": 11.79933104575073
            },
            "61050": {
                "car": 5.2740710772289,
                "publicTransport": 3.8370952467144663
            },
            "61049": {
                "car": 4.132404643180885,
                "publicTransport": 3.3594453798207367
            },
            "61058": {
                "car": 9.991156713780608,
                "publicTransport": 23.115065159660414
            },
            "62347": {
                "car": 1.1869366157774586,
                "publicTransport": 2.3496173618177716
            }
        }
    },
    "Trips_per_group": {
        "work": {
            "60101": {
                "car": {
                    "popGroup2": 671.7011950222598,
                    "popGroup4": 0.0,
                    "popGroup6": 0.0,
                    "popGroup10": 678.2628819211094,
                    "popGroup12": 0.0,
                    "popGroup14": 0.0
                },
                "publicTransport": {
                    "popGroup0": 0.0,
                    "popGroup1": 0.0,
                    "popGroup2": 130.97187310661104,
                    "popGroup3": 86.33578809601318,
                    "popGroup4": 0.0,
                    "popGroup5": 0.0,
                    "popGroup6": 0.0,
                    "popGroup7": 0.0,
                    "popGroup8": 0.0,
                    "popGroup9": 0.0,
                    "popGroup10": 132.25467993683122,
                    "popGroup11": 102.25041021166135,
                    "popGroup12": 0.0,
                    "popGroup13": 0.0,
                    "popGroup14": 0.0,
                    "popGroup15": 0.0
                }
            },
            "60669": {
                "car": {
                    "popGroup2": 30.072916541153763,
                    "popGroup4": 0.0,
                    "popGroup6": 0.0,
                    "popGroup10": 30.366548413400448,
                    "popGroup12": 0.0,
                    "popGroup14": 0.0
                },
                "publicTransport": {
                    "popGroup0": 0.0,
                    "popGroup1": 0.0,
                    "popGroup2": 5.270567273419026,
                    "popGroup3": 3.5420322399744704,
                    "popGroup4": 0.0,
                    "popGroup5": 0.0,
                    "popGroup6": 0.0,
                    "popGroup7": 0.0,
                    "popGroup8": 0.0,
                    "popGroup9": 0.0,
                    "popGroup10": 5.322070731216406,
                    "popGroup11": 4.19509469781927,
                    "popGroup12": 0.0,
                    "popGroup13": 0.0,
                    "popGroup14": 0.0,
                    "popGroup15": 0.0
                }
            },
            "60608": {
                "car": {
                    "popGroup2": 13.64802550917492,
                    "popGroup4": 0.0,
                    "popGroup6": 0.0,
                    "popGroup10": 13.781203015517228,
                    "popGroup12": 0.0,
                    "popGroup14": 0.0
                },
                "publicTransport": {
                    "popGroup0": 0.0,
                    "popGroup1": 0.0,
                    "popGroup2": 2.8657310811405075,
                    "popGroup3": 1.8299623917242274,
                    "popGroup4": 0.0,
                    "popGroup5": 0.0,
                    "popGroup6": 0.0,
                    "popGroup7": 0.0,
                    "popGroup8": 0.0,
                    "popGroup9": 0.0,
                    "popGroup10": 2.8937094861999824,
                    "popGroup11": 2.1673898754548717,
                    "popGroup12": 0.0,
                    "popGroup13": 0.0,
                    "popGroup14": 0.0,
                    "popGroup15": 0.0
                }
            },
            "60611": {
                "car": {
                    "popGroup2": 9.157182853260739,
                    "popGroup4": 0.0,
                    "popGroup6": 0.0,
                    "popGroup10": 9.246530237266406,
                    "popGroup12": 0.0,
                    "popGroup14": 0.0
                },
                "publicTransport": {
                    "popGroup0": 0.0,
                    "popGroup1": 0.0,
                    "popGroup2": 6.386529419405486,
                    "popGroup3": 27.395284118385693,
                    "popGroup4": 0.0,
                    "popGroup5": 0.0,
                    "popGroup6": 0.0,
                    "popGroup7": 0.0,
                    "popGroup8": 0.0,
                    "popGroup9": 0.0,
                    "popGroup10": 6.448911206731255,
                    "popGroup11": 32.44581264896257,
                    "popGroup12": 0.0,
                    "popGroup13": 0.0,
                    "popGroup14": 0.0,
                    "popGroup15": 0.0
                }
            },
            "60670": {
                "car": {
                    "popGroup2": 27.039897638981373,
                    "popGroup4": 0.0,
                    "popGroup6": 0.0,
                    "popGroup10": 27.303879305919494,
                    "popGroup12": 0.0,
                    "popGroup14": 0.0
                },
                "publicTransport": {
                    "popGroup0": 0.0,
                    "popGroup1": 0.0,
                    "popGroup2": 7.099958538855354,
                    "popGroup3": 13.279541197620512,
                    "popGroup4": 0.0,
                    "popGroup5": 0.0,
                    "popGroup6": 0.0,
                    "popGroup7": 0.0,
                    "popGroup8": 0.0,
                    "popGroup9": 0.0,
                    "popGroup10": 7.169290955523223,
                    "popGroup11": 15.728013623934526,
                    "popGroup12": 0.0,
                    "popGroup13": 0.0,
                    "popGroup14": 0.0,
                    "popGroup15": 0.0
                }
            },
            "60662": {
                "car": {
                    "popGroup2": 4.4745675190159915,
                    "popGroup4": 0.0,
                    "popGroup6": 0.0,
                    "popGroup10": 4.518222753179123,
                    "popGroup12": 0.0,
                    "popGroup14": 0.0
                },
                "publicTransport": {
                    "popGroup0": 0.0,
                    "popGroup1": 0.0,
                    "popGroup2": 3.7319518041025512,
                    "popGroup3": 16.251351139139764,
                    "popGroup4": 0.0,
                    "popGroup5": 0.0,
                    "popGroup6": 0.0,
                    "popGroup7": 0.0,
                    "popGroup8": 0.0,
                    "popGroup9": 0.0,
                    "popGroup10": 3.768434613044868,
                    "popGroup11": 19.247171075041116,
                    "popGroup12": 0.0,
                    "popGroup13": 0.0,
                    "popGroup14": 0.0,
                    "popGroup15": 0.0
                }
            },
            "60656": {
                "car": {
                    "popGroup2": 5.729345312684897,
                    "popGroup4": 0.0,
                    "popGroup6": 0.0,
                    "popGroup10": 5.785268516345447,
                    "popGroup12": 0.0,
                    "popGroup14": 0.0
                },
                "publicTransport": {
                    "popGroup0": 0.0,
                    "popGroup1": 0.0,
                    "popGroup2": 1.4418215805268515,
                    "popGroup3": 2.5759919193300846,
                    "popGroup4": 0.0,
                    "popGroup5": 0.0,
                    "popGroup6": 0.0,
                    "popGroup7": 0.0,
                    "popGroup8": 0.0,
                    "popGroup9": 0.0,
                    "popGroup10": 1.4558956069646558,
                    "popGroup11": 3.0509667704488677,
                    "popGroup12": 0.0,
                    "popGroup13": 0.0,
                    "popGroup14": 0.0,
                    "popGroup15": 0.0
                }
            },
            "60655": {
                "car": {
                    "popGroup2": 8.03253136681127,
                    "popGroup4": 0.0,
                    "popGroup6": 0.0,
                    "popGroup10": 8.110904200182613,
                    "popGroup12": 0.0,
                    "popGroup14": 0.0
                },
                "publicTransport": {
                    "popGroup0": 0.0,
                    "popGroup1": 0.0,
                    "popGroup2": 1.9597136259050623,
                    "popGroup3": 2.6057904342294615,
                    "popGroup4": 0.0,
                    "popGroup5": 0.0,
                    "popGroup6": 0.0,
                    "popGroup7": 0.0,
                    "popGroup8": 0.0,
                    "popGroup9": 0.0,
                    "popGroup10": 1.9788357641877765,
                    "popGroup11": 3.0862838649211515,
                    "popGroup12": 0.0,
                    "popGroup13": 0.0,
                    "popGroup14": 0.0,
                    "popGroup15": 0.0
                }
            },
            "60624": {
                "car": {
                    "popGroup2": 23.77277867678263,
                    "popGroup4": 0.0,
                    "popGroup6": 0.0,
                    "popGroup10": 24.004582298105856,
                    "popGroup12": 0.0,
                    "popGroup14": 0.0
                },
                "publicTransport": {
                    "popGroup0": 0.0,
                    "popGroup1": 0.0,
                    "popGroup2": 5.611156219495481,
                    "popGroup3": 6.47897899104478,
                    "popGroup4": 0.0,
                    "popGroup5": 0.0,
                    "popGroup6": 0.0,
                    "popGroup7": 0.0,
                    "popGroup8": 0.0,
                    "popGroup9": 0.0,
                    "popGroup10": 5.665846332502448,
                    "popGroup11": 7.673763514433774,
                    "popGroup12": 0.0,
                    "popGroup13": 0.0,
                    "popGroup14": 0.0,
                    "popGroup15": 0.0
                }
            },
            "60660": {
                "car": {
                    "popGroup2": 6.060581592862573,
                    "popGroup4": 0.0,
                    "popGroup6": 0.0,
                    "popGroup10": 6.119785893315486,
                    "popGroup12": 0.0,
                    "popGroup14": 0.0
                },
                "publicTransport": {
                    "popGroup0": 0.0,
                    "popGroup1": 0.0,
                    "popGroup2": 1.5216631908757083,
                    "popGroup3": 3.2913203374048194,
                    "popGroup4": 0.0,
                    "popGroup5": 0.0,
                    "popGroup6": 0.0,
                    "popGroup7": 0.0,
                    "popGroup8": 0.0,
                    "popGroup9": 0.0,
                    "popGroup10": 1.536535588288121,
                    "popGroup11": 3.89812007374817,
                    "popGroup12": 0.0,
                    "popGroup13": 0.0,
                    "popGroup14": 0.0,
                    "popGroup15": 0.0
                }
            },
            "60629": {
                "car": {
                    "popGroup2": 9.21530665510038,
                    "popGroup4": 0.0,
                    "popGroup6": 0.0,
                    "popGroup10": 9.305436469443833,
                    "popGroup12": 0.0,
                    "popGroup14": 0.0
                },
                "publicTransport": {
                    "popGroup0": 0.0,
                    "popGroup1": 0.0,
                    "popGroup2": 2.2705414618425763,
                    "popGroup3": 5.6587960397035255,
                    "popGroup4": 0.0,
                    "popGroup5": 0.0,
                    "popGroup6": 0.0,
                    "popGroup7": 0.0,
                    "popGroup8": 0.0,
                    "popGroup9": 0.0,
                    "popGroup10": 2.2927887017834,
                    "popGroup11": 6.701842218569537,
                    "popGroup12": 0.0,
                    "popGroup13": 0.0,
                    "popGroup14": 0.0,
                    "popGroup15": 0.0
                }
            },
            "60618": {
                "car": {
                    "popGroup2": 2.477587409853305,
                    "popGroup4": 0.0,
                    "popGroup6": 0.0,
                    "popGroup10": 2.5018099977252617,
                    "popGroup12": 0.0,
                    "popGroup14": 0.0
                },
                "publicTransport": {
                    "popGroup0": 0.0,
                    "popGroup1": 0.0,
                    "popGroup2": 0.690438073693945,
                    "popGroup3": 1.6432757574720076,
                    "popGroup4": 0.0,
                    "popGroup5": 0.0,
                    "popGroup6": 0.0,
                    "popGroup7": 0.0,
                    "popGroup8": 0.0,
                    "popGroup9": 0.0,
                    "popGroup10": 0.6972011668582034,
                    "popGroup11": 1.9461783423539485,
                    "popGroup12": 0.0,
                    "popGroup13": 0.0,
                    "popGroup14": 0.0,
                    "popGroup15": 0.0
                }
            },
            "61059": {
                "car": {
                    "popGroup2": 7.786101729600386,
                    "popGroup4": 0.0,
                    "popGroup6": 0.0,
                    "popGroup10": 7.862129997721139,
                    "popGroup12": 0.0,
                    "popGroup14": 0.0
                },
                "publicTransport": {
                    "popGroup0": 0.0,
                    "popGroup1": 0.0,
                    "popGroup2": 3.445179174533473,
                    "popGroup3": 13.876305481522094,
                    "popGroup4": 0.0,
                    "popGroup5": 0.0,
                    "popGroup6": 0.0,
                    "popGroup7": 0.0,
                    "popGroup8": 0.0,
                    "popGroup9": 0.0,
                    "popGroup10": 3.4788535427480243,
                    "popGroup11": 16.434467544257213,
                    "popGroup12": 0.0,
                    "popGroup13": 0.0,
                    "popGroup14": 0.0,
                    "popGroup15": 0.0
                }
            },
            "61001": {
                "car": {
                    "popGroup2": 1.6793905375611171,
                    "popGroup4": 0.0,
                    "popGroup6": 0.0,
                    "popGroup10": 1.6957824285193954,
                    "popGroup12": 0.0,
                    "popGroup14": 0.0
                },
                "publicTransport": {
                    "popGroup0": 0.0,
                    "popGroup1": 0.0,
                    "popGroup2": 0.7656081420256013,
                    "popGroup3": 2.8791943551651364,
                    "popGroup4": 0.0,
                    "popGroup5": 0.0,
                    "popGroup6": 0.0,
                    "popGroup7": 0.0,
                    "popGroup8": 0.0,
                    "popGroup9": 0.0,
                    "popGroup10": 0.7730862293543639,
                    "popGroup11": 3.410024323637247,
                    "popGroup12": 0.0,
                    "popGroup13": 0.0,
                    "popGroup14": 0.0,
                    "popGroup15": 0.0
                }
            },
            "61055": {
                "car": {
                    "popGroup2": 1.7366108735876848,
                    "popGroup4": 0.0,
                    "popGroup6": 0.0,
                    "popGroup10": 1.753582004367978,
                    "popGroup12": 0.0,
                    "popGroup14": 0.0
                },
                "publicTransport": {
                    "popGroup0": 0.0,
                    "popGroup1": 0.0,
                    "popGroup2": 0.8509511309507936,
                    "popGroup3": 3.6252461718198923,
                    "popGroup4": 0.0,
                    "popGroup5": 0.0,
                    "popGroup6": 0.0,
                    "popGroup7": 0.0,
                    "popGroup8": 0.0,
                    "popGroup9": 0.0,
                    "popGroup10": 0.8592887753285381,
                    "popGroup11": 4.29342108213213,
                    "popGroup12": 0.0,
                    "popGroup13": 0.0,
                    "popGroup14": 0.0,
                    "popGroup15": 0.0
                }
            },
            "61021": {
                "car": {
                    "popGroup2": 7.034442748210983,
                    "popGroup4": 0.0,
                    "popGroup6": 0.0,
                    "popGroup10": 7.103177721182667,
                    "popGroup12": 0.0,
                    "popGroup14": 0.0
                },
                "publicTransport": {
                    "popGroup0": 0.0,
                    "popGroup1": 0.0,
                    "popGroup2": 1.564816726675669,
                    "popGroup3": 2.5929624713131756,
                    "popGroup4": 0.0,
                    "popGroup5": 0.0,
                    "popGroup6": 0.0,
                    "popGroup7": 0.0,
                    "popGroup8": 0.0,
                    "popGroup9": 0.0,
                    "popGroup10": 1.5801237719233452,
                    "popGroup11": 3.0710134363593133,
                    "popGroup12": 0.0,
                    "popGroup13": 0.0,
                    "popGroup14": 0.0,
                    "popGroup15": 0.0
                }
            },
            "61017": {
                "car": {
                    "popGroup2": 1.1512249163349886,
                    "popGroup4": 0.0,
                    "popGroup6": 0.0,
                    "popGroup10": 1.1624821939884442,
                    "popGroup12": 0.0,
                    "popGroup14": 0.0
                },
                "publicTransport": {
                    "popGroup0": 0.0,
                    "popGroup1": 0.0,
                    "popGroup2": 0.5245953995786309,
                    "popGroup3": 2.3407381221049,
                    "popGroup4": 0.0,
                    "popGroup5": 0.0,
                    "popGroup6": 0.0,
                    "popGroup7": 0.0,
                    "popGroup8": 0.0,
                    "popGroup9": 0.0,
                    "popGroup10": 0.5297425041348361,
                    "popGroup11": 2.772100374336139,
                    "popGroup12": 0.0,
                    "popGroup13": 0.0,
                    "popGroup14": 0.0,
                    "popGroup15": 0.0
                }
            },
            "61020": {
                "car": {
                    "popGroup2": 1.7538188418952922,
                    "popGroup4": 0.0,
                    "popGroup6": 0.0,
                    "popGroup10": 1.7709699048932053,
                    "popGroup12": 0.0,
                    "popGroup14": 0.0
                },
                "publicTransport": {
                    "popGroup0": 0.0,
                    "popGroup1": 0.0,
                    "popGroup2": 0.3681072534103027,
                    "popGroup3": 0.7260397961663472,
                    "popGroup4": 0.0,
                    "popGroup5": 0.0,
                    "popGroup6": 0.0,
                    "popGroup7": 0.0,
                    "popGroup8": 0.0,
                    "popGroup9": 0.0,
                    "popGroup10": 0.37171274645550556,
                    "popGroup11": 0.8598805380657457,
                    "popGroup12": 0.0,
                    "popGroup13": 0.0,
                    "popGroup14": 0.0,
                    "popGroup15": 0.0
                }
            },
            "61012": {
                "car": {
                    "popGroup2": 3.4824128212521988,
                    "popGroup4": 0.0,
                    "popGroup6": 0.0,
                    "popGroup10": 3.5164724622373233,
                    "popGroup12": 0.0,
                    "popGroup14": 0.0
                },
                "publicTransport": {
                    "popGroup0": 0.0,
                    "popGroup1": 0.0,
                    "popGroup2": 0.7528656251387499,
                    "popGroup3": 1.5009897786886397,
                    "popGroup4": 0.0,
                    "popGroup5": 0.0,
                    "popGroup6": 0.0,
                    "popGroup7": 0.0,
                    "popGroup8": 0.0,
                    "popGroup9": 0.0,
                    "popGroup10": 0.7602440665240022,
                    "popGroup11": 1.77767628745394,
                    "popGroup12": 0.0,
                    "popGroup13": 0.0,
                    "popGroup14": 0.0,
                    "popGroup15": 0.0
                }
            },
            "61043": {
                "car": {
                    "popGroup2": 3.478838917452537,
                    "popGroup4": 0.0,
                    "popGroup6": 0.0,
                    "popGroup10": 3.512872245425169,
                    "popGroup12": 0.0,
                    "popGroup14": 0.0
                },
                "publicTransport": {
                    "popGroup0": 0.0,
                    "popGroup1": 0.0,
                    "popGroup2": 0.7640555974265683,
                    "popGroup3": 1.5741952456869024,
                    "popGroup4": 0.0,
                    "popGroup5": 0.0,
                    "popGroup6": 0.0,
                    "popGroup7": 0.0,
                    "popGroup8": 0.0,
                    "popGroup9": 0.0,
                    "popGroup10": 0.7715485404537283,
                    "popGroup11": 1.8643604941042655,
                    "popGroup12": 0.0,
                    "popGroup13": 0.0,
                    "popGroup14": 0.0,
                    "popGroup15": 0.0
                }
            },
            "61053": {
                "car": {
                    "popGroup2": 24.798750308184772,
                    "popGroup4": 0.0,
                    "popGroup6": 0.0,
                    "popGroup10": 25.04143435680259,
                    "popGroup12": 0.0,
                    "popGroup14": 0.0
                },
                "publicTransport": {
                    "popGroup0": 0.0,
                    "popGroup1": 0.0,
                    "popGroup2": 4.852262439417913,
                    "popGroup3": 10.848063799531058,
                    "popGroup4": 0.0,
                    "popGroup5": 0.0,
                    "popGroup6": 0.0,
                    "popGroup7": 0.0,
                    "popGroup8": 0.0,
                    "popGroup9": 0.0,
                    "popGroup10": 4.8998486770665695,
                    "popGroup11": 12.847592642388179,
                    "popGroup12": 0.0,
                    "popGroup13": 0.0,
                    "popGroup14": 0.0,
                    "popGroup15": 0.0
                }
            },
            "61027": {
                "car": {
                    "popGroup2": 1.916123293846769,
                    "popGroup4": 0.0,
                    "popGroup6": 0.0,
                    "popGroup10": 1.9348640063630187,
                    "popGroup12": 0.0,
                    "popGroup14": 0.0
                },
                "publicTransport": {
                    "popGroup0": 0.0,
                    "popGroup1": 0.0,
                    "popGroup2": 0.8792479182566953,
                    "popGroup3": 3.9400953285119775,
                    "popGroup4": 0.0,
                    "popGroup5": 0.0,
                    "popGroup6": 0.0,
                    "popGroup7": 0.0,
                    "popGroup8": 0.0,
                    "popGroup9": 0.0,
                    "popGroup10": 0.887881105258764,
                    "popGroup11": 4.666141498598418,
                    "popGroup12": 0.0,
                    "popGroup13": 0.0,
                    "popGroup14": 0.0,
                    "popGroup15": 0.0
                }
            },
            "61016": {
                "car": {
                    "popGroup2": 1.1973962311993236,
                    "popGroup4": 0.0,
                    "popGroup6": 0.0,
                    "popGroup10": 1.2091289315739173,
                    "popGroup12": 0.0,
                    "popGroup14": 0.0
                },
                "publicTransport": {
                    "popGroup0": 0.0,
                    "popGroup1": 0.0,
                    "popGroup2": 0.2597442900216111,
                    "popGroup3": 0.6493425031658009,
                    "popGroup4": 0.0,
                    "popGroup5": 0.0,
                    "popGroup6": 0.0,
                    "popGroup7": 0.0,
                    "popGroup8": 0.0,
                    "popGroup9": 0.0,
                    "popGroup10": 0.26230386874674677,
                    "popGroup11": 0.7689813508460335,
                    "popGroup12": 0.0,
                    "popGroup13": 0.0,
                    "popGroup14": 0.0,
                    "popGroup15": 0.0
                }
            },
            "61045": {
                "car": {
                    "popGroup2": 5.801694491220228,
                    "popGroup4": 0.0,
                    "popGroup6": 0.0,
                    "popGroup10": 5.8585030163037635,
                    "popGroup12": 0.0,
                    "popGroup14": 0.0
                },
                "publicTransport": {
                    "popGroup0": 0.0,
                    "popGroup1": 0.0,
                    "popGroup2": 0.9994242364304186,
                    "popGroup3": 2.463459451397841,
                    "popGroup4": 0.0,
                    "popGroup5": 0.0,
                    "popGroup6": 0.0,
                    "popGroup7": 0.0,
                    "popGroup8": 0.0,
                    "popGroup9": 0.0,
                    "popGroup10": 1.0092303928540132,
                    "popGroup11": 2.917498256839615,
                    "popGroup12": 0.0,
                    "popGroup13": 0.0,
                    "popGroup14": 0.0,
                    "popGroup15": 0.0
                }
            },
            "61008": {
                "car": {
                    "popGroup2": 2.267106425877045,
                    "popGroup4": 0.0,
                    "popGroup6": 0.0,
                    "popGroup10": 2.2893105674804386,
                    "popGroup12": 0.0,
                    "popGroup14": 0.0
                },
                "publicTransport": {
                    "popGroup0": 0.0,
                    "popGroup1": 0.0,
                    "popGroup2": 0.9652453511734836,
                    "popGroup3": 4.513980512334624,
                    "popGroup4": 0.0,
                    "popGroup5": 0.0,
                    "popGroup6": 0.0,
                    "popGroup7": 0.0,
                    "popGroup8": 0.0,
                    "popGroup9": 0.0,
                    "popGroup10": 0.9747707311473603,
                    "popGroup11": 5.345334451095261,
                    "popGroup12": 0.0,
                    "popGroup13": 0.0,
                    "popGroup14": 0.0,
                    "popGroup15": 0.0
                }
            },
            "61050": {
                "car": {
                    "popGroup2": 2.6241659421315853,
                    "popGroup4": 0.0,
                    "popGroup6": 0.0,
                    "popGroup10": 2.6499051350973146,
                    "popGroup12": 0.0,
                    "popGroup14": 0.0
                },
                "publicTransport": {
                    "popGroup0": 0.0,
                    "popGroup1": 0.0,
                    "popGroup2": 0.4676974303769234,
                    "popGroup3": 1.3263449486843193,
                    "popGroup4": 0.0,
                    "popGroup5": 0.0,
                    "popGroup6": 0.0,
                    "popGroup7": 0.0,
                    "popGroup8": 0.0,
                    "popGroup9": 0.0,
                    "popGroup10": 0.47229487709490153,
                    "popGroup11": 1.570757990558322,
                    "popGroup12": 0.0,
                    "popGroup13": 0.0,
                    "popGroup14": 0.0,
                    "popGroup15": 0.0
                }
            },
            "61049": {
                "car": {
                    "popGroup2": 2.056122308499133,
                    "popGroup4": 0.0,
                    "popGroup6": 0.0,
                    "popGroup10": 2.0762823346817516,
                    "popGroup12": 0.0,
                    "popGroup14": 0.0
                },
                "publicTransport": {
                    "popGroup0": 0.0,
                    "popGroup1": 0.0,
                    "popGroup2": 0.4326207145535534,
                    "popGroup3": 1.1399449187138178,
                    "popGroup4": 0.0,
                    "popGroup5": 0.0,
                    "popGroup6": 0.0,
                    "popGroup7": 0.0,
                    "popGroup8": 0.0,
                    "popGroup9": 0.0,
                    "popGroup10": 0.4368753790282933,
                    "popGroup11": 1.350004367525072,
                    "popGroup12": 0.0,
                    "popGroup13": 0.0,
                    "popGroup14": 0.0,
                    "popGroup15": 0.0
                }
            },
            "61058": {
                "car": {
                    "popGroup2": 4.971202144513216,
                    "popGroup4": 0.0,
                    "popGroup6": 0.0,
                    "popGroup10": 5.019954569267392,
                    "popGroup12": 0.0,
                    "popGroup14": 0.0
                },
                "publicTransport": {
                    "popGroup0": 0.0,
                    "popGroup1": 0.0,
                    "popGroup2": 1.8642036815614578,
                    "popGroup3": 8.86797241652199,
                    "popGroup4": 0.0,
                    "popGroup5": 0.0,
                    "popGroup6": 0.0,
                    "popGroup7": 0.0,
                    "popGroup8": 0.0,
                    "popGroup9": 0.0,
                    "popGroup10": 1.8827067645663556,
                    "popGroup11": 10.50018229701061,
                    "popGroup12": 0.0,
                    "popGroup13": 0.0,
                    "popGroup14": 0.0,
                    "popGroup15": 0.0
                }
            },
            "62347": {
                "car": {
                    "popGroup2": 0.5905704047759149,
                    "popGroup4": 0.0,
                    "popGroup6": 0.0,
                    "popGroup10": 0.5963662110015437,
                    "popGroup12": 0.0,
                    "popGroup14": 0.0
                },
                "publicTransport": {
                    "popGroup0": 0.0,
                    "popGroup1": 0.0,
                    "popGroup2": 0.188763687246488,
                    "popGroup3": 0.9021063800136857,
                    "popGroup4": 0.0,
                    "popGroup5": 0.0,
                    "popGroup6": 0.0,
                    "popGroup7": 0.0,
                    "popGroup8": 0.0,
                    "popGroup9": 0.0,
                    "popGroup10": 0.1906410028068275,
                    "popGroup11": 1.0681062917507707,
                    "popGroup12": 0.0,
                    "popGroup13": 0.0,
                    "popGroup14": 0.0,
                    "popGroup15": 0.0
                }
            }
        }
    }
}