{
    "Sum_Trips_per_Mode": {
        "work": {
            "60101": {
                "car": 1437.7396015750705,
                "publicTransport": 257.8186190211062
            },
            "60669": {
                "car": 67.96645064511863,
                "publicTransport": 11.331807464747712
            },
            "60608": {
                "car": 30.230319197992742,
                "publicTransport": 3.990396103597665
            },
            "60611": {
                "car": 22.31520853527752,
                "publicTransport": 55.4639130690537
            },
            "60670": {
                "car": 64.95896664692104,
                "publicTransport": 81.63843220064575
            },
            "60662": {
                "car": 9.539046221718332,
                "publicTransport": 31.041811053513086
            },
            "60656": {
                "car": 13.843566879275755,
                "publicTransport": 16.23793781526257
            },
            "60655": {
                "car": 18.350796075946857,
                "publicTransport": 13.675603183027215
            },
            "60624": {
                "car": 56.302126406995555,
                "publicTransport": 37.84163851737903
            },
            "60660": {
                "car": 14.564954393713531,
                "publicTransport": 18.844413134155253
            },
            "60629": {
                "car": 21.86474103041088,
                "publicTransport": 28.455142676339705
            },
            "60618": {
                "car": 5.915590752160156,
                "publicTransport": 8.694939985638594
            },
            "61059": {
                "car": 18.710327354804086,
                "publicTransport": 32.91138144715081
            },
            "61001": {
                "car": 4.038389777312938,
                "publicTransport": 7.398030528063618
            },
            "61055": {
                "car": 4.1550240024651135,
                "publicTransport": 7.990866484404055
            },
            "61021": {
                "car": 16.49031169408142,
                "publicTransport": 9.204721911942782
            },
            "61017": {
                "car": 2.7429263594428352,
                "publicTransport": 4.805443465190424
            },
            "61020": {
                "car": 4.110521210678125,
                "publicTransport": 2.7325734337002627
            },
            "61012": {
                "car": 8.080018487339988,
                "publicTransport": 5.556437170092952
            },
            "61043": {
                "car": 8.11353098296509,
                "publicTransport": 5.979463047620296
            },
            "61053": {
                "car": 57.29608501515713,
                "publicTransport": 40.49171030864902
            },
            "61027": {
                "car": 4.5615902333259974,
                "publicTransport": 8.024104403439743
            },
            "61016": {
                "car": 2.773481640786702,
                "publicTransport": 2.46519356097087
            },
            "61045": {
                "car": 13.339678715201494,
                "publicTransport": 9.0969032770276
            },
            "61008": {
                "car": 5.335315278238641,
                "publicTransport": 8.50712236829249
            },
            "61050": {
                "car": 5.986892984054441,
                "publicTransport": 4.7085246844803175
            },
            "61049": {
                "car": 4.699047037739332,
                "publicTransport": 4.185168226553508
            },
            "61058": {
                "car": 11.56870709774277,
                "publicTransport": 16.061859857165942
            },
            "62347": {
                "car": 1.3654318671090095,
                "publicTransport": 1.6100989893538635
            }
        }
    },
    "Trips_per_group": {
        "work": {
            "60101": {
                "car": {
                    "popGroup2": 715.4160232853314,
                    "popGroup4": 0.0,
                    "popGroup6": 0.0,
                    "popGroup10": 722.3235782897392,
                    "popGroup12": 0.0,
                    "popGroup14": 0.0
                },
                "publicTransport": {
                    "popGroup0": 0.0,
                    "popGroup1": 0.0,
                    "popGroup2": 36.51892373147725,
                    "popGroup3": 84.36969084730555,
                    "popGroup4": 0.0,
                    "popGroup5": 0.0,
                    "popGroup6": 0.0,
                    "popGroup7": 0.0,
                    "popGroup8": 0.0,
                    "popGroup9": 0.0,
                    "popGroup10": 36.87218765769538,
                    "popGroup11": 100.05781678462802,
                    "popGroup12": 0.0,
                    "popGroup13": 0.0,
                    "popGroup14": 0.0,
                    "popGroup15": 0.0
                }
            },
            "60669": {
                "car": {
                    "popGroup2": 33.82002228375917,
                    "popGroup4": 0.0,
                    "popGroup6": 0.0,
                    "popGroup10": 34.146428361359455,
                    "popGroup12": 0.0,
                    "popGroup14": 0.0
                },
                "publicTransport": {
                    "popGroup0": 0.0,
                    "popGroup1": 0.0,
                    "popGroup2": 1.5823993687974753,
                    "popGroup3": 3.729040268175868,
                    "popGroup4": 0.0,
                    "popGroup5": 0.0,
                    "popGroup6": 0.0,
                    "popGroup7": 0.0,
                    "popGroup8": 0.0,
                    "popGroup9": 0.0,
                    "popGroup10": 1.5976921373794664,
                    "popGroup11": 4.422675690394902,
                    "popGroup12": 0.0,
                    "popGroup13": 0.0,
                    "popGroup14": 0.0,
                    "popGroup15": 0.0
                }
            },
            "60608": {
                "car": {
                    "popGroup2": 15.04261730330025,
                    "popGroup4": 0.0,
                    "popGroup6": 0.0,
                    "popGroup10": 15.18770189469249,
                    "popGroup12": 0.0,
                    "popGroup14": 0.0
                },
                "publicTransport": {
                    "popGroup0": 0.0,
                    "popGroup1": 0.0,
                    "popGroup2": 0.5962184977531141,
                    "popGroup3": 1.2774075196670702,
                    "popGroup4": 0.0,
                    "popGroup5": 0.0,
                    "popGroup6": 0.0,
                    "popGroup7": 0.0,
                    "popGroup8": 0.0,
                    "popGroup9": 0.0,
                    "popGroup10": 0.6019879356826346,
                    "popGroup11": 1.5147821504948462,
                    "popGroup12": 0.0,
                    "popGroup13": 0.0,
                    "popGroup14": 0.0,
                    "popGroup15": 0.0
                }
            },
            "60611": {
                "car": {
                    "popGroup2": 11.104057520029125,
                    "popGroup4": 0.0,
                    "popGroup6": 0.0,
                    "popGroup10": 11.211151015248396,
                    "popGroup12": 0.0,
                    "popGroup14": 0.0
                },
                "publicTransport": {
                    "popGroup0": 0.0,
                    "popGroup1": 0.0,
                    "popGroup2": 7.073748697667327,
                    "popGroup3": 18.866256354857626,
                    "popGroup4": 0.0,
                    "popGroup5": 0.0,
                    "popGroup6": 0.0,
                    "popGroup7": 0.0,
                    "popGroup8": 0.0,
                    "popGroup9": 0.0,
                    "popGroup10": 7.1420463056605605,
                    "popGroup11": 22.381861710868193,
                    "popGroup12": 0.0,
                    "popGroup13": 0.0,
                    "popGroup14": 0.0,
                    "popGroup15": 0.0
                }
            },
            "60670": {
                "car": {
                    "popGroup2": 32.32351474912842,
                    "popGroup4": 0.0,
                    "popGroup6": 0.0,
                    "popGroup10": 32.63545189779262,
                    "popGroup12": 0.0,
                    "popGroup14": 0.0
                },
                "publicTransport": {
                    "popGroup0": 0.0,
                    "popGroup1": 0.0,
                    "popGroup2": 10.425298490686604,
                    "popGroup3": 27.757307756642657,
                    "popGroup4": 0.0,
                    "popGroup5": 0.0,
                    "popGroup6": 0.0,
                    "popGroup7": 0.0,
                    "popGroup8": 0.0,
                    "popGroup9": 0.0,
                    "popGroup10": 10.525920801949615,
                    "popGroup11": 32.92990515136688,
                    "popGroup12": 0.0,
                    "popGroup13": 0.0,
                    "popGroup14": 0.0,
                    "popGroup15": 0.0
                }
            },
            "60662": {
                "car": {
                    "popGroup2": 4.746637251779083,
                    "popGroup4": 0.0,
                    "popGroup6": 0.0,
                    "popGroup10": 4.792408969939249,
                    "popGroup12": 0.0,
                    "popGroup14": 0.0
                },
                "publicTransport": {
                    "popGroup0": 0.0,
                    "popGroup1": 0.0,
                    "popGroup2": 3.9588678413981966,
                    "popGroup3": 10.559173762341553,
                    "popGroup4": 0.0,
                    "popGroup5": 0.0,
                    "popGroup6": 0.0,
                    "popGroup7": 0.0,
                    "popGroup8": 0.0,
                    "popGroup9": 0.0,
                    "popGroup10": 3.997120290157989,
                    "popGroup11": 12.526649159615348,
                    "popGroup12": 0.0,
                    "popGroup13": 0.0,
                    "popGroup14": 0.0,
                    "popGroup15": 0.0
                }
            },
            "60656": {
                "car": {
                    "popGroup2": 6.888551188125515,
                    "popGroup4": 0.0,
                    "popGroup6": 0.0,
                    "popGroup10": 6.955015691150241,
                    "popGroup12": 0.0,
                    "popGroup14": 0.0
                },
                "publicTransport": {
                    "popGroup0": 0.0,
                    "popGroup1": 0.0,
                    "popGroup2": 2.0739655753705426,
                    "popGroup3": 5.520595892103925,
                    "popGroup4": 0.0,
                    "popGroup5": 0.0,
                    "popGroup6": 0.0,
                    "popGroup7": 0.0,
                    "popGroup8": 0.0,
                    "popGroup9": 0.0,
                    "popGroup10": 2.093975237620313,
                    "popGroup11": 6.54940111016779,
                    "popGroup12": 0.0,
                    "popGroup13": 0.0,
                    "popGroup14": 0.0,
                    "popGroup15": 0.0
                }
            },
            "60655": {
                "car": {
                    "popGroup2": 9.131366313346131,
                    "popGroup4": 0.0,
                    "popGroup6": 0.0,
                    "popGroup10": 9.219429762600726,
                    "popGroup12": 0.0,
                    "popGroup14": 0.0
                },
                "publicTransport": {
                    "popGroup0": 0.0,
                    "popGroup1": 0.0,
                    "popGroup2": 1.7497226805151351,
                    "popGroup3": 4.646473624683692,
                    "popGroup4": 0.0,
                    "popGroup5": 0.0,
                    "popGroup6": 0.0,
                    "popGroup7": 0.0,
                    "popGroup8": 0.0,
                    "popGroup9": 0.0,
                    "popGroup10": 1.766586619065409,
                    "popGroup11": 5.51282025876298,
                    "popGroup12": 0.0,
                    "popGroup13": 0.0,
                    "popGroup14": 0.0,
                    "popGroup15": 0.0
                }
            },
            "60624": {
                "car": {
                    "popGroup2": 28.016058200306055,
                    "popGroup4": 0.0,
                    "popGroup6": 0.0,
                    "popGroup10": 28.2860682066895,
                    "popGroup12": 0.0,
                    "popGroup14": 0.0
                },
                "publicTransport": {
                    "popGroup0": 0.0,
                    "popGroup1": 0.0,
                    "popGroup2": 4.8530143534182475,
                    "popGroup3": 12.847264621010732,
                    "popGroup4": 0.0,
                    "popGroup5": 0.0,
                    "popGroup6": 0.0,
                    "popGroup7": 0.0,
                    "popGroup8": 0.0,
                    "popGroup9": 0.0,
                    "popGroup10": 4.899780043390731,
                    "popGroup11": 15.241579499559323,
                    "popGroup12": 0.0,
                    "popGroup13": 0.0,
                    "popGroup14": 0.0,
                    "popGroup15": 0.0
                }
            },
            "60660": {
                "car": {
                    "popGroup2": 7.2474825635121904,
                    "popGroup4": 0.0,
                    "popGroup6": 0.0,
                    "popGroup10": 7.317471830201342,
                    "popGroup12": 0.0,
                    "popGroup14": 0.0
                },
                "publicTransport": {
                    "popGroup0": 0.0,
                    "popGroup1": 0.0,
                    "popGroup2": 2.4054033231419454,
                    "popGroup3": 6.408169776615394,
                    "popGroup4": 0.0,
                    "popGroup5": 0.0,
                    "popGroup6": 0.0,
                    "popGroup7": 0.0,
                    "popGroup8": 0.0,
                    "popGroup9": 0.0,
                    "popGroup10": 2.428645935459806,
                    "popGroup11": 7.602194098938105,
                    "popGroup12": 0.0,
                    "popGroup13": 0.0,
                    "popGroup14": 0.0,
                    "popGroup15": 0.0
                }
            },
            "60629": {
                "car": {
                    "popGroup2": 10.879769934011433,
                    "popGroup4": 0.0,
                    "popGroup6": 0.0,
                    "popGroup10": 10.984971096399446,
                    "popGroup12": 0.0,
                    "popGroup14": 0.0
                },
                "publicTransport": {
                    "popGroup0": 0.0,
                    "popGroup1": 0.0,
                    "popGroup2": 3.630924794561599,
                    "popGroup3": 9.67768980288031,
                    "popGroup4": 0.0,
                    "popGroup5": 0.0,
                    "popGroup6": 0.0,
                    "popGroup7": 0.0,
                    "popGroup8": 0.0,
                    "popGroup9": 0.0,
                    "popGroup10": 3.666108128991841,
                    "popGroup11": 11.480419949905954,
                    "popGroup12": 0.0,
                    "popGroup13": 0.0,
                    "popGroup14": 0.0,
                    "popGroup15": 0.0
                }
            },
            "60618": {
                "car": {
                    "popGroup2": 2.943569828190351,
                    "popGroup4": 0.0,
                    "popGroup6": 0.0,
                    "popGroup10": 2.9720209239698048,
                    "popGroup12": 0.0,
                    "popGroup14": 0.0
                },
                "publicTransport": {
                    "popGroup0": 0.0,
                    "popGroup1": 0.0,
                    "popGroup2": 1.1095915873430942,
                    "popGroup3": 2.9570796880767736,
                    "popGroup4": 0.0,
                    "popGroup5": 0.0,
                    "popGroup6": 0.0,
                    "popGroup7": 0.0,
                    "popGroup8": 0.0,
                    "popGroup9": 0.0,
                    "popGroup10": 1.1203393337065242,
                    "popGroup11": 3.507929376512203,
                    "popGroup12": 0.0,
                    "popGroup13": 0.0,
                    "popGroup14": 0.0,
                    "popGroup15": 0.0
                }
            },
            "61059": {
                "car": {
                    "popGroup2": 9.31022977018651,
                    "popGroup4": 0.0,
                    "popGroup6": 0.0,
                    "popGroup10": 9.400097584617578,
                    "popGroup12": 0.0,
                    "popGroup14": 0.0
                },
                "publicTransport": {
                    "popGroup0": 0.0,
                    "popGroup1": 0.0,
                    "popGroup2": 4.197594413619294,
                    "popGroup3": 11.194847419063528,
                    "popGroup4": 0.0,
                    "popGroup5": 0.0,
                    "popGroup6": 0.0,
                    "popGroup7": 0.0,
                    "popGroup8": 0.0,
                    "popGroup9": 0.0,
                    "popGroup10": 4.238157088534045,
                    "popGroup11": 13.280782525933944,
                    "popGroup12": 0.0,
                    "popGroup13": 0.0,
                    "popGroup14": 0.0,
                    "popGroup15": 0.0
                }
            },
            "61001": {
                "car": {
                    "popGroup2": 2.009500768733946,
                    "popGroup4": 0.0,
                    "popGroup6": 0.0,
                    "popGroup10": 2.0288890085789926,
                    "popGroup12": 0.0,
                    "popGroup14": 0.0
                },
                "publicTransport": {
                    "popGroup0": 0.0,
                    "popGroup1": 0.0,
                    "popGroup2": 0.9436373483607841,
                    "popGroup3": 2.516365448273313,
                    "popGroup4": 0.0,
                    "popGroup5": 0.0,
                    "popGroup6": 0.0,
                    "popGroup7": 0.0,
                    "popGroup8": 0.0,
                    "popGroup9": 0.0,
                    "popGroup10": 0.9527489537362615,
                    "popGroup11": 2.9852787776932592,
                    "popGroup12": 0.0,
                    "popGroup13": 0.0,
                    "popGroup14": 0.0,
                    "popGroup15": 0.0
                }
            },
            "61055": {
                "car": {
                    "popGroup2": 2.067524703690444,
                    "popGroup4": 0.0,
                    "popGroup6": 0.0,
                    "popGroup10": 2.08749929877467,
                    "popGroup12": 0.0,
                    "popGroup14": 0.0
                },
                "publicTransport": {
                    "popGroup0": 0.0,
                    "popGroup1": 0.0,
                    "popGroup2": 1.0190767724730276,
                    "popGroup3": 2.7182449265353377,
                    "popGroup4": 0.0,
                    "popGroup5": 0.0,
                    "popGroup6": 0.0,
                    "popGroup7": 0.0,
                    "popGroup8": 0.0,
                    "popGroup9": 0.0,
                    "popGroup10": 1.0289502915828956,
                    "popGroup11": 3.2245944938127944,
                    "popGroup12": 0.0,
                    "popGroup13": 0.0,
                    "popGroup14": 0.0,
                    "popGroup15": 0.0
                }
            },
            "61021": {
                "car": {
                    "popGroup2": 8.2055256390434,
                    "popGroup4": 0.0,
                    "popGroup6": 0.0,
                    "popGroup10": 8.284786055038019,
                    "popGroup12": 0.0,
                    "popGroup14": 0.0
                },
                "publicTransport": {
                    "popGroup0": 0.0,
                    "popGroup1": 0.0,
                    "popGroup2": 1.1764406192636452,
                    "popGroup3": 3.1285941060504046,
                    "popGroup4": 0.0,
                    "popGroup5": 0.0,
                    "popGroup6": 0.0,
                    "popGroup7": 0.0,
                    "popGroup8": 0.0,
                    "popGroup9": 0.0,
                    "popGroup10": 1.1877888061440829,
                    "popGroup11": 3.7118983804846493,
                    "popGroup12": 0.0,
                    "popGroup13": 0.0,
                    "popGroup14": 0.0,
                    "popGroup15": 0.0
                }
            },
            "61017": {
                "car": {
                    "popGroup2": 1.3648657778154583,
                    "popGroup4": 0.0,
                    "popGroup6": 0.0,
                    "popGroup10": 1.3780605816273772,
                    "popGroup12": 0.0,
                    "popGroup14": 0.0
                },
                "publicTransport": {
                    "popGroup0": 0.0,
                    "popGroup1": 0.0,
                    "popGroup2": 0.6127917515613328,
                    "popGroup3": 1.6347238968920532,
                    "popGroup4": 0.0,
                    "popGroup5": 0.0,
                    "popGroup6": 0.0,
                    "popGroup7": 0.0,
                    "popGroup8": 0.0,
                    "popGroup9": 0.0,
                    "popGroup10": 0.6187375341341277,
                    "popGroup11": 1.9391902826029108,
                    "popGroup12": 0.0,
                    "popGroup13": 0.0,
                    "popGroup14": 0.0,
                    "popGroup15": 0.0
                }
            },
            "61020": {
                "car": {
                    "popGroup2": 2.0453732883929434,
                    "popGroup4": 0.0,
                    "popGroup6": 0.0,
                    "popGroup10": 2.0651479222851816,
                    "popGroup12": 0.0,
                    "popGroup14": 0.0
                },
                "publicTransport": {
                    "popGroup0": 0.0,
                    "popGroup1": 0.0,
                    "popGroup2": 0.3489505022092192,
                    "popGroup3": 0.9290626873969983,
                    "popGroup4": 0.0,
                    "popGroup5": 0.0,
                    "popGroup6": 0.0,
                    "popGroup7": 0.0,
                    "popGroup8": 0.0,
                    "popGroup9": 0.0,
                    "popGroup10": 0.3523211047764183,
                    "popGroup11": 1.1022391393176272,
                    "popGroup12": 0.0,
                    "popGroup13": 0.0,
                    "popGroup14": 0.0,
                    "popGroup15": 0.0
                }
            },
            "61012": {
                "car": {
                    "popGroup2": 4.0205716528204745,
                    "popGroup4": 0.0,
                    "popGroup6": 0.0,
                    "popGroup10": 4.0594468345195125,
                    "popGroup12": 0.0,
                    "popGroup14": 0.0
                },
                "publicTransport": {
                    "popGroup0": 0.0,
                    "popGroup1": 0.0,
                    "popGroup2": 0.7095188309010715,
                    "popGroup3": 1.8892002978821618,
                    "popGroup4": 0.0,
                    "popGroup5": 0.0,
                    "popGroup6": 0.0,
                    "popGroup7": 0.0,
                    "popGroup8": 0.0,
                    "popGroup9": 0.0,
                    "popGroup10": 0.7163743296409333,
                    "popGroup11": 2.2413437116687858,
                    "popGroup12": 0.0,
                    "popGroup13": 0.0,
                    "popGroup14": 0.0,
                    "popGroup15": 0.0
                }
            },
            "61043": {
                "car": {
                    "popGroup2": 4.037241783147968,
                    "popGroup4": 0.0,
                    "popGroup6": 0.0,
                    "popGroup10": 4.076289199817122,
                    "popGroup12": 0.0,
                    "popGroup14": 0.0
                },
                "publicTransport": {
                    "popGroup0": 0.0,
                    "popGroup1": 0.0,
                    "popGroup2": 0.7634454712906342,
                    "popGroup3": 2.0331335627513085,
                    "popGroup4": 0.0,
                    "popGroup5": 0.0,
                    "popGroup6": 0.0,
                    "popGroup7": 0.0,
                    "popGroup8": 0.0,
                    "popGroup9": 0.0,
                    "popGroup10": 0.7708269370804983,
                    "popGroup11": 2.412057076497855,
                    "popGroup12": 0.0,
                    "popGroup13": 0.0,
                    "popGroup14": 0.0,
                    "popGroup15": 0.0
                }
            },
            "61053": {
                "car": {
                    "popGroup2": 28.51012520818583,
                    "popGroup4": 0.0,
                    "popGroup6": 0.0,
                    "popGroup10": 28.785959806971306,
                    "popGroup12": 0.0,
                    "popGroup14": 0.0
                },
                "publicTransport": {
                    "popGroup0": 0.0,
                    "popGroup1": 0.0,
                    "popGroup2": 5.168644611223941,
                    "popGroup3": 13.769132555527827,
                    "popGroup4": 0.0,
                    "popGroup5": 0.0,
                    "popGroup6": 0.0,
                    "popGroup7": 0.0,
                    "popGroup8": 0.0,
                    "popGroup9": 0.0,
                    "popGroup10": 5.218640392893311,
                    "popGroup11": 16.33529274900394,
                    "popGroup12": 0.0,
                    "popGroup13": 0.0,
                    "popGroup14": 0.0,
                    "popGroup15": 0.0
                }
            },
            "61027": {
                "car": {
                    "popGroup2": 2.2698209528397753,
                    "popGroup4": 0.0,
                    "popGroup6": 0.0,
                    "popGroup10": 2.291769280486222,
                    "popGroup12": 0.0,
                    "popGroup14": 0.0
                },
                "publicTransport": {
                    "popGroup0": 0.0,
                    "popGroup1": 0.0,
                    "popGroup2": 1.0232185296025782,
                    "popGroup3": 2.7296853686193403,
                    "popGroup4": 0.0,
                    "popGroup5": 0.0,
                    "popGroup6": 0.0,
                    "popGroup7": 0.0,
                    "popGroup8": 0.0,
                    "popGroup9": 0.0,
                    "popGroup10": 1.0331543879761325,
                    "popGroup11": 3.2380461172416934,
                    "popGroup12": 0.0,
                    "popGroup13": 0.0,
                    "popGroup14": 0.0,
                    "popGroup15": 0.0
                }
            },
            "61016": {
                "car": {
                    "popGroup2": 1.3800557577083183,
                    "popGroup4": 0.0,
                    "popGroup6": 0.0,
                    "popGroup10": 1.3934258830783834,
                    "popGroup12": 0.0,
                    "popGroup14": 0.0
                },
                "publicTransport": {
                    "popGroup0": 0.0,
                    "popGroup1": 0.0,
                    "popGroup2": 0.31456508510038556,
                    "popGroup3": 0.8384216431380882,
                    "popGroup4": 0.0,
                    "popGroup5": 0.0,
                    "popGroup6": 0.0,
                    "popGroup7": 0.0,
                    "popGroup8": 0.0,
                    "popGroup9": 0.0,
                    "popGroup10": 0.31762225108351655,
                    "popGroup11": 0.9945845816488796,
                    "popGroup12": 0.0,
                    "popGroup13": 0.0,
                    "popGroup14": 0.0,
                    "popGroup15": 0.0
                }
            },
            "61045": {
                "car": {
                    "popGroup2": 6.637710471470562,
                    "popGroup4": 0.0,
                    "popGroup6": 0.0,
                    "popGroup10": 6.7019682437309305,
                    "popGroup12": 0.0,
                    "popGroup14": 0.0
                },
                "publicTransport": {
                    "popGroup0": 0.0,
                    "popGroup1": 0.0,
                    "popGroup2": 1.160906345261986,
                    "popGroup3": 3.0936741011662896,
                    "popGroup4": 0.0,
                    "popGroup5": 0.0,
                    "popGroup6": 0.0,
                    "popGroup7": 0.0,
                    "popGroup8": 0.0,
                    "popGroup9": 0.0,
                    "popGroup10": 1.172146920289701,
                    "popGroup11": 3.6701759103096236,
                    "popGroup12": 0.0,
                    "popGroup13": 0.0,
                    "popGroup14": 0.0,
                    "popGroup15": 0.0
                }
            },
            "61008": {
                "car": {
                    "popGroup2": 2.6548032766180003,
                    "popGroup4": 0.0,
                    "popGroup6": 0.0,
                    "popGroup10": 2.68051200162064,
                    "popGroup12": 0.0,
                    "popGroup14": 0.0
                },
                "publicTransport": {
                    "popGroup0": 0.0,
                    "popGroup1": 0.0,
                    "popGroup2": 1.084668254652569,
                    "popGroup3": 2.8942431172406238,
                    "popGroup4": 0.0,
                    "popGroup5": 0.0,
                    "popGroup6": 0.0,
                    "popGroup7": 0.0,
                    "popGroup8": 0.0,
                    "popGroup9": 0.0,
                    "popGroup10": 1.0952555203872139,
                    "popGroup11": 3.4329554760120833,
                    "popGroup12": 0.0,
                    "popGroup13": 0.0,
                    "popGroup14": 0.0,
                    "popGroup15": 0.0
                }
            },
            "61050": {
                "car": {
                    "popGroup2": 2.979001217867487,
                    "popGroup4": 0.0,
                    "popGroup6": 0.0,
                    "popGroup10": 3.0078917661869538,
                    "popGroup12": 0.0,
                    "popGroup14": 0.0
                },
                "publicTransport": {
                    "popGroup0": 0.0,
                    "popGroup1": 0.0,
                    "popGroup2": 0.6006888166818718,
                    "popGroup3": 1.601492744196593,
                    "popGroup4": 0.0,
                    "popGroup5": 0.0,
                    "popGroup6": 0.0,
                    "popGroup7": 0.0,
                    "popGroup8": 0.0,
                    "popGroup9": 0.0,
                    "popGroup10": 0.6065203320013226,
                    "popGroup11": 1.89982279160053,
                    "popGroup12": 0.0,
                    "popGroup13": 0.0,
                    "popGroup14": 0.0,
                    "popGroup15": 0.0
                }
            },
            "61049": {
                "car": {
                    "popGroup2": 2.3381899332108755,
                    "popGroup4": 0.0,
                    "popGroup6": 0.0,
                    "popGroup10": 2.3608571045284568,
                    "popGroup12": 0.0,
                    "popGroup14": 0.0
                },
                "publicTransport": {
                    "popGroup0": 0.0,
                    "popGroup1": 0.0,
                    "popGroup2": 0.5339969885359233,
                    "popGroup3": 1.4234133645966942,
                    "popGroup4": 0.0,
                    "popGroup5": 0.0,
                    "popGroup6": 0.0,
                    "popGroup7": 0.0,
                    "popGroup8": 0.0,
                    "popGroup9": 0.0,
                    "popGroup10": 0.5391802164132514,
                    "popGroup11": 1.6885776570076394,
                    "popGroup12": 0.0,
                    "popGroup13": 0.0,
                    "popGroup14": 0.0,
                    "popGroup15": 0.0
                }
            },
            "61058": {
                "car": {
                    "popGroup2": 5.756442786158576,
                    "popGroup4": 0.0,
                    "popGroup6": 0.0,
                    "popGroup10": 5.812264311584195,
                    "popGroup12": 0.0,
                    "popGroup14": 0.0
                },
                "publicTransport": {
                    "popGroup0": 0.0,
                    "popGroup1": 0.0,
                    "popGroup2": 2.0476800770722487,
                    "popGroup3": 5.464912394647734,
                    "popGroup4": 0.0,
                    "popGroup5": 0.0,
                    "popGroup6": 0.0,
                    "popGroup7": 0.0,
                    "popGroup8": 0.0,
                    "popGroup9": 0.0,
                    "popGroup10": 2.0677834382200437,
                    "popGroup11": 6.481483947225913,
                    "popGroup12": 0.0,
                    "popGroup13": 0.0,
                    "popGroup14": 0.0,
                    "popGroup15": 0.0
                }
            },
            "62347": {
                "car": {
                    "popGroup2": 0.6794192934790663,
                    "popGroup4": 0.0,
                    "popGroup6": 0.0,
                    "popGroup10": 0.6860125736299434,
                    "popGroup12": 0.0,
                    "popGroup14": 0.0
                },
                "publicTransport": {
                    "popGroup0": 0.0,
                    "popGroup1": 0.0,
                    "popGroup2": 0.2052594319227773,
                    "popGroup3": 0.5478371429725892,
                    "popGroup4": 0.0,
                    "popGroup5": 0.0,
                    "popGroup6": 0.0,
                    "popGroup7": 0.0,
                    "popGroup8": 0.0,
                    "popGroup9": 0.0,
                    "popGroup10": 0.2072784375661424,
                    "popGroup11": 0.6497239768923546,
                    "popGroup12": 0.0,
                    "popGroup13": 0.0,
                    "popGroup14": 0.0,
                    "popGroup15": 0.0
                }
            }
        }
    }
}