{
    "Sum_Trips_per_Mode": {
        "work": {
            "60101": {
                "car": 1190.96567131602,
                "publicTransport": 586.5908127485023
            },
            "60669": {
                "car": 50.26109643649227,
                "publicTransport": 23.567458100115175
            },
            "60608": {
                "car": 23.22945582373147,
                "publicTransport": 12.871948074527577
            },
            "60611": {
                "car": 14.080120299244351,
                "publicTransport": 66.07858600561553
            },
            "60670": {
                "car": 42.347932863282196,
                "publicTransport": 30.773184143396023
            },
            "60662": {
                "car": 8.229105395471652,
                "publicTransport": 42.232271223252084
            },
            "60656": {
                "car": 8.916355404389176,
                "publicTransport": 6.219644240810407
            },
            "60655": {
                "car": 13.304170218269153,
                "publicTransport": 8.363591307611491
            },
            "60624": {
                "car": 37.35205458250428,
                "publicTransport": 24.332981861017362
            },
            "60660": {
                "car": 9.54302897006875,
                "publicTransport": 6.8381667639740416
            },
            "60629": {
                "car": 14.80797904761899,
                "publicTransport": 11.109135222007044
            },
            "60618": {
                "car": 3.9479877399548355,
                "publicTransport": 3.2384145179811044
            },
            "61059": {
                "car": 12.23095839245024,
                "publicTransport": 31.29831590723553
            },
            "61001": {
                "car": 2.6282613202270384,
                "publicTransport": 6.3110199813459005
            },
            "61055": {
                "car": 2.7573433174785817,
                "publicTransport": 8.480833730378109
            },
            "61021": {
                "car": 11.422267889410438,
                "publicTransport": 7.083834458592445
            },
            "61017": {
                "car": 1.8429692502587427,
                "publicTransport": 5.734471231145752
            },
            "61020": {
                "car": 2.861224928817439,
                "publicTransport": 1.7139661025575208
            },
            "61012": {
                "car": 5.749251368613795,
                "publicTransport": 3.5248769890240625
            },
            "61043": {
                "car": 5.716289697374098,
                "publicTransport": 3.6016477635117763
            },
            "61053": {
                "car": 41.25015011297115,
                "publicTransport": 23.7291482153911
            },
            "61027": {
                "car": 3.07452350212551,
                "publicTransport": 9.717896348143125
            },
            "61016": {
                "car": 1.9975081956940413,
                "publicTransport": 1.3428115082421193
            },
            "61045": {
                "car": 9.725443596372106,
                "publicTransport": 5.19384324004151
            },
            "61008": {
                "car": 3.7122259408539864,
                "publicTransport": 11.775838077888398
            },
            "61050": {
                "car": 4.467073278109976,
                "publicTransport": 2.730405337781553
            },
            "61049": {
                "car": 3.488691325863066,
                "publicTransport": 2.3452423921887164
            },
            "61058": {
                "car": 8.289506290597277,
                "publicTransport": 23.865428795677943
            },
            "62347": {
                "car": 0.9946206946749274,
                "publicTransport": 2.45697513871903
            }
        }
    },
    "Trips_per_group": {
        "work": {
            "60101": {
                "car": {
                    "popGroup2": 592.5895003838747,
                    "popGroup4": 0.0,
                    "popGroup6": 0.0,
                    "popGroup10": 598.3761709321453,
                    "popGroup12": 0.0,
                    "popGroup14": 0.0
                },
                "publicTransport": {
                    "popGroup0": 0.0,
                    "popGroup1": 0.0,
                    "popGroup2": 176.59023403936342,
                    "popGroup3": 106.06498837992528,
                    "popGroup4": 0.0,
                    "popGroup5": 0.0,
                    "popGroup6": 0.0,
                    "popGroup7": 0.0,
                    "popGroup8": 0.0,
                    "popGroup9": 0.0,
                    "popGroup10": 178.31999213183653,
                    "popGroup11": 125.61559819737715,
                    "popGroup12": 0.0,
                    "popGroup13": 0.0,
                    "popGroup14": 0.0,
                    "popGroup15": 0.0
                }
            },
            "60669": {
                "car": {
                    "popGroup2": 25.008513190886756,
                    "popGroup4": 0.0,
                    "popGroup6": 0.0,
                    "popGroup10": 25.252583245605507,
                    "popGroup12": 0.0,
                    "popGroup14": 0.0
                },
                "publicTransport": {
                    "popGroup0": 0.0,
                    "popGroup1": 0.0,
                    "popGroup2": 7.08412976017313,
                    "popGroup3": 4.271236625657124,
                    "popGroup4": 0.0,
                    "popGroup5": 0.0,
                    "popGroup6": 0.0,
                    "popGroup7": 0.0,
                    "popGroup8": 0.0,
                    "popGroup9": 0.0,
                    "popGroup10": 7.1533586316496605,
                    "popGroup11": 5.058733082635259,
                    "popGroup12": 0.0,
                    "popGroup13": 0.0,
                    "popGroup14": 0.0,
                    "popGroup15": 0.0
                }
            },
            "60608": {
                "car": {
                    "popGroup2": 11.55835694199558,
                    "popGroup4": 0.0,
                    "popGroup6": 0.0,
                    "popGroup10": 11.671098881735892,
                    "popGroup12": 0.0,
                    "popGroup14": 0.0
                },
                "publicTransport": {
                    "popGroup0": 0.0,
                    "popGroup1": 0.0,
                    "popGroup2": 3.883707095260654,
                    "popGroup3": 2.31946527743965,
                    "popGroup4": 0.0,
                    "popGroup5": 0.0,
                    "popGroup6": 0.0,
                    "popGroup7": 0.0,
                    "popGroup8": 0.0,
                    "popGroup9": 0.0,
                    "popGroup10": 3.92162482778049,
                    "popGroup11": 2.747150874046783,
                    "popGroup12": 0.0,
                    "popGroup13": 0.0,
                    "popGroup14": 0.0,
                    "popGroup15": 0.0
                }
            },
            "60611": {
                "car": {
                    "popGroup2": 7.005897979303997,
                    "popGroup4": 0.0,
                    "popGroup6": 0.0,
                    "popGroup10": 7.074222319940354,
                    "popGroup12": 0.0,
                    "popGroup14": 0.0
                },
                "publicTransport": {
                    "popGroup0": 0.0,
                    "popGroup1": 0.0,
                    "popGroup2": 5.504988543777136,
                    "popGroup3": 25.1857562155502,
                    "popGroup4": 0.0,
                    "popGroup5": 0.0,
                    "popGroup6": 0.0,
                    "popGroup7": 0.0,
                    "popGroup8": 0.0,
                    "popGroup9": 0.0,
                    "popGroup10": 5.558736436843898,
                    "popGroup11": 29.829104809444306,
                    "popGroup12": 0.0,
                    "popGroup13": 0.0,
                    "popGroup14": 0.0,
                    "popGroup15": 0.0
                }
            },
            "60670": {
                "car": {
                    "popGroup2": 21.071166385500263,
                    "popGroup4": 0.0,
                    "popGroup6": 0.0,
                    "popGroup10": 21.276766477781933,
                    "popGroup12": 0.0,
                    "popGroup14": 0.0
                },
                "publicTransport": {
                    "popGroup0": 0.0,
                    "popGroup1": 0.0,
                    "popGroup2": 7.137344367242461,
                    "popGroup3": 7.521002123592858,
                    "popGroup4": 0.0,
                    "popGroup5": 0.0,
                    "popGroup6": 0.0,
                    "popGroup7": 0.0,
                    "popGroup8": 0.0,
                    "popGroup9": 0.0,
                    "popGroup10": 7.207054033527101,
                    "popGroup11": 8.907783619033603,
                    "popGroup12": 0.0,
                    "popGroup13": 0.0,
                    "popGroup14": 0.0,
                    "popGroup15": 0.0
                }
            },
            "60662": {
                "car": {
                    "popGroup2": 4.094584861444181,
                    "popGroup4": 0.0,
                    "popGroup6": 0.0,
                    "popGroup10": 4.134520534027472,
                    "popGroup12": 0.0,
                    "popGroup14": 0.0
                },
                "publicTransport": {
                    "popGroup0": 0.0,
                    "popGroup1": 0.0,
                    "popGroup2": 3.4150324686748776,
                    "popGroup3": 16.191932862693037,
                    "popGroup4": 0.0,
                    "popGroup5": 0.0,
                    "popGroup6": 0.0,
                    "popGroup7": 0.0,
                    "popGroup8": 0.0,
                    "popGroup9": 0.0,
                    "popGroup10": 3.448406849310598,
                    "popGroup11": 19.17689904257357,
                    "popGroup12": 0.0,
                    "popGroup13": 0.0,
                    "popGroup14": 0.0,
                    "popGroup15": 0.0
                }
            },
            "60656": {
                "car": {
                    "popGroup2": 4.436536828310061,
                    "popGroup4": 0.0,
                    "popGroup6": 0.0,
                    "popGroup10": 4.479818576079116,
                    "popGroup12": 0.0,
                    "popGroup14": 0.0
                },
                "publicTransport": {
                    "popGroup0": 0.0,
                    "popGroup1": 0.0,
                    "popGroup2": 1.4792747594608577,
                    "popGroup3": 1.4862949700482078,
                    "popGroup4": 0.0,
                    "popGroup5": 0.0,
                    "popGroup6": 0.0,
                    "popGroup7": 0.0,
                    "popGroup8": 0.0,
                    "popGroup9": 0.0,
                    "popGroup10": 1.4937162409804114,
                    "popGroup11": 1.7603582703209302,
                    "popGroup12": 0.0,
                    "popGroup13": 0.0,
                    "popGroup14": 0.0,
                    "popGroup15": 0.0
                }
            },
            "60655": {
                "car": {
                    "popGroup2": 6.619804067094364,
                    "popGroup4": 0.0,
                    "popGroup6": 0.0,
                    "popGroup10": 6.68436615117479,
                    "popGroup12": 0.0,
                    "popGroup14": 0.0
                },
                "publicTransport": {
                    "popGroup0": 0.0,
                    "popGroup1": 0.0,
                    "popGroup2": 2.2448978910758135,
                    "popGroup3": 1.7633625896262903,
                    "popGroup4": 0.0,
                    "popGroup5": 0.0,
                    "popGroup6": 0.0,
                    "popGroup7": 0.0,
                    "popGroup8": 0.0,
                    "popGroup9": 0.0,
                    "popGroup10": 2.2668051627081205,
                    "popGroup11": 2.088525664201267,
                    "popGroup12": 0.0,
                    "popGroup13": 0.0,
                    "popGroup14": 0.0,
                    "popGroup15": 0.0
                }
            },
            "60624": {
                "car": {
                    "popGroup2": 18.585450331838533,
                    "popGroup4": 0.0,
                    "popGroup6": 0.0,
                    "popGroup10": 18.766604250665747,
                    "popGroup12": 0.0,
                    "popGroup14": 0.0
                },
                "publicTransport": {
                    "popGroup0": 0.0,
                    "popGroup1": 0.0,
                    "popGroup2": 6.732049036259526,
                    "popGroup3": 4.945602383422287,
                    "popGroup4": 0.0,
                    "popGroup5": 0.0,
                    "popGroup6": 0.0,
                    "popGroup7": 0.0,
                    "popGroup8": 0.0,
                    "popGroup9": 0.0,
                    "popGroup10": 6.797662209786892,
                    "popGroup11": 5.857668231548657,
                    "popGroup12": 0.0,
                    "popGroup13": 0.0,
                    "popGroup14": 0.0,
                    "popGroup15": 0.0
                }
            },
            "60660": {
                "car": {
                    "popGroup2": 4.748336023230464,
                    "popGroup4": 0.0,
                    "popGroup6": 0.0,
                    "popGroup10": 4.794692946838287,
                    "popGroup12": 0.0,
                    "popGroup14": 0.0
                },
                "publicTransport": {
                    "popGroup0": 0.0,
                    "popGroup1": 0.0,
                    "popGroup2": 1.4321260095580604,
                    "popGroup3": 1.8128351469881303,
                    "popGroup4": 0.0,
                    "popGroup5": 0.0,
                    "popGroup6": 0.0,
                    "popGroup7": 0.0,
                    "popGroup8": 0.0,
                    "popGroup9": 0.0,
                    "popGroup10": 1.446125905201616,
                    "popGroup11": 2.147079702226235,
                    "popGroup12": 0.0,
                    "popGroup13": 0.0,
                    "popGroup14": 0.0,
                    "popGroup15": 0.0
                }
            },
            "60629": {
                "car": {
                    "popGroup2": 7.367984132402286,
                    "popGroup4": 0.0,
                    "popGroup6": 0.0,
                    "popGroup10": 7.439994915216704,
                    "popGroup12": 0.0,
                    "popGroup14": 0.0
                },
                "publicTransport": {
                    "popGroup0": 0.0,
                    "popGroup1": 0.0,
                    "popGroup2": 2.019367679638203,
                    "popGroup3": 3.22778806678254,
                    "popGroup4": 0.0,
                    "popGroup5": 0.0,
                    "popGroup6": 0.0,
                    "popGroup7": 0.0,
                    "popGroup8": 0.0,
                    "popGroup9": 0.0,
                    "popGroup10": 2.0391580706075505,
                    "popGroup11": 3.8228214049787503,
                    "popGroup12": 0.0,
                    "popGroup13": 0.0,
                    "popGroup14": 0.0,
                    "popGroup15": 0.0
                }
            },
            "60618": {
                "car": {
                    "popGroup2": 1.9643978400944302,
                    "popGroup4": 0.0,
                    "popGroup6": 0.0,
                    "popGroup10": 1.9835898998604051,
                    "popGroup12": 0.0,
                    "popGroup14": 0.0
                },
                "publicTransport": {
                    "popGroup0": 0.0,
                    "popGroup1": 0.0,
                    "popGroup2": 0.6220113311419827,
                    "popGroup3": 0.9102468967105593,
                    "popGroup4": 0.0,
                    "popGroup5": 0.0,
                    "popGroup6": 0.0,
                    "popGroup7": 0.0,
                    "popGroup8": 0.0,
                    "popGroup9": 0.0,
                    "popGroup10": 0.628105855536243,
                    "popGroup11": 1.0780504345923196,
                    "popGroup12": 0.0,
                    "popGroup13": 0.0,
                    "popGroup14": 0.0,
                    "popGroup15": 0.0
                }
            },
            "61059": {
                "car": {
                    "popGroup2": 6.08578321646819,
                    "popGroup4": 0.0,
                    "popGroup6": 0.0,
                    "popGroup10": 6.145175175982049,
                    "popGroup12": 0.0,
                    "popGroup14": 0.0
                },
                "publicTransport": {
                    "popGroup0": 0.0,
                    "popGroup1": 0.0,
                    "popGroup2": 2.9482502003137743,
                    "popGroup3": 11.615692982861693,
                    "popGroup4": 0.0,
                    "popGroup5": 0.0,
                    "popGroup6": 0.0,
                    "popGroup7": 0.0,
                    "popGroup8": 0.0,
                    "popGroup9": 0.0,
                    "popGroup10": 2.977056881867265,
                    "popGroup11": 13.757315842192796,
                    "popGroup12": 0.0,
                    "popGroup13": 0.0,
                    "popGroup14": 0.0,
                    "popGroup15": 0.0
                }
            },
            "61001": {
                "car": {
                    "popGroup2": 1.307751699579101,
                    "popGroup4": 0.0,
                    "popGroup6": 0.0,
                    "popGroup10": 1.3205096206479374,
                    "popGroup12": 0.0,
                    "popGroup14": 0.0
                },
                "publicTransport": {
                    "popGroup0": 0.0,
                    "popGroup1": 0.0,
                    "popGroup2": 0.6661102121600603,
                    "popGroup3": 2.2762916773031274,
                    "popGroup4": 0.0,
                    "popGroup5": 0.0,
                    "popGroup6": 0.0,
                    "popGroup7": 0.0,
                    "popGroup8": 0.0,
                    "popGroup9": 0.0,
                    "popGroup10": 0.6726147786800697,
                    "popGroup11": 2.696003313202643,
                    "popGroup12": 0.0,
                    "popGroup13": 0.0,
                    "popGroup14": 0.0,
                    "popGroup15": 0.0
                }
            },
            "61055": {
                "car": {
                    "popGroup2": 1.3719721508890712,
                    "popGroup4": 0.0,
                    "popGroup6": 0.0,
                    "popGroup10": 1.3853711665895103,
                    "popGroup12": 0.0,
                    "popGroup14": 0.0
                },
                "publicTransport": {
                    "popGroup0": 0.0,
                    "popGroup1": 0.0,
                    "popGroup2": 0.7233078695890776,
                    "popGroup3": 3.217055310641057,
                    "popGroup4": 0.0,
                    "popGroup5": 0.0,
                    "popGroup6": 0.0,
                    "popGroup7": 0.0,
                    "popGroup8": 0.0,
                    "popGroup9": 0.0,
                    "popGroup10": 0.7303908966921074,
                    "popGroup11": 3.810079653455867,
                    "popGroup12": 0.0,
                    "popGroup13": 0.0,
                    "popGroup14": 0.0,
                    "popGroup15": 0.0
                }
            },
            "61021": {
                "car": {
                    "popGroup2": 5.683383454959365,
                    "popGroup4": 0.0,
                    "popGroup6": 0.0,
                    "popGroup10": 5.738884434451073,
                    "popGroup12": 0.0,
                    "popGroup14": 0.0
                },
                "publicTransport": {
                    "popGroup0": 0.0,
                    "popGroup1": 0.0,
                    "popGroup2": 1.6938893640462773,
                    "popGroup3": 1.6844634681509751,
                    "popGroup4": 0.0,
                    "popGroup5": 0.0,
                    "popGroup6": 0.0,
                    "popGroup7": 0.0,
                    "popGroup8": 0.0,
                    "popGroup9": 0.0,
                    "popGroup10": 1.7104674126232797,
                    "popGroup11": 1.9950142137719131,
                    "popGroup12": 0.0,
                    "popGroup13": 0.0,
                    "popGroup14": 0.0,
                    "popGroup15": 0.0
                }
            },
            "61017": {
                "car": {
                    "popGroup2": 0.9170042947281255,
                    "popGroup4": 0.0,
                    "popGroup6": 0.0,
                    "popGroup10": 0.9259649555306173,
                    "popGroup12": 0.0,
                    "popGroup14": 0.0
                },
                "publicTransport": {
                    "popGroup0": 0.0,
                    "popGroup1": 0.0,
                    "popGroup2": 0.4502218506865055,
                    "popGroup3": 2.2110463367755027,
                    "popGroup4": 0.0,
                    "popGroup5": 0.0,
                    "popGroup6": 0.0,
                    "popGroup7": 0.0,
                    "popGroup8": 0.0,
                    "popGroup9": 0.0,
                    "popGroup10": 0.4546362160409114,
                    "popGroup11": 2.6185668276428324,
                    "popGroup12": 0.0,
                    "popGroup13": 0.0,
                    "popGroup14": 0.0,
                    "popGroup15": 0.0
                }
            },
            "61020": {
                "car": {
                    "popGroup2": 1.4236559039920529,
                    "popGroup4": 0.0,
                    "popGroup6": 0.0,
                    "popGroup10": 1.4375690248253858,
                    "popGroup12": 0.0,
                    "popGroup14": 0.0
                },
                "publicTransport": {
                    "popGroup0": 0.0,
                    "popGroup1": 0.0,
                    "popGroup2": 0.3714650612148184,
                    "popGroup3": 0.44287626250447265,
                    "popGroup4": 0.0,
                    "popGroup5": 0.0,
                    "popGroup6": 0.0,
                    "popGroup7": 0.0,
                    "popGroup8": 0.0,
                    "popGroup9": 0.0,
                    "popGroup10": 0.37510585945602387,
                    "popGroup11": 0.5245189193822057,
                    "popGroup12": 0.0,
                    "popGroup13": 0.0,
                    "popGroup14": 0.0,
                    "popGroup15": 0.0
                }
            },
            "61012": {
                "car": {
                    "popGroup2": 2.8606453979379123,
                    "popGroup4": 0.0,
                    "popGroup6": 0.0,
                    "popGroup10": 2.8886059706758824,
                    "popGroup12": 0.0,
                    "popGroup14": 0.0
                },
                "publicTransport": {
                    "popGroup0": 0.0,
                    "popGroup1": 0.0,
                    "popGroup2": 0.7572138084952581,
                    "popGroup3": 0.9169927587452167,
                    "popGroup4": 0.0,
                    "popGroup5": 0.0,
                    "popGroup6": 0.0,
                    "popGroup7": 0.0,
                    "popGroup8": 0.0,
                    "popGroup9": 0.0,
                    "popGroup10": 0.7646404427559622,
                    "popGroup11": 1.0860299790276253,
                    "popGroup12": 0.0,
                    "popGroup13": 0.0,
                    "popGroup14": 0.0,
                    "popGroup15": 0.0
                }
            },
            "61043": {
                "car": {
                    "popGroup2": 2.844241724014731,
                    "popGroup4": 0.0,
                    "popGroup6": 0.0,
                    "popGroup10": 2.8720479733593667,
                    "popGroup12": 0.0,
                    "popGroup14": 0.0
                },
                "publicTransport": {
                    "popGroup0": 0.0,
                    "popGroup1": 0.0,
                    "popGroup2": 0.7569245825957088,
                    "popGroup3": 0.952405920576786,
                    "popGroup4": 0.0,
                    "popGroup5": 0.0,
                    "popGroup6": 0.0,
                    "popGroup7": 0.0,
                    "popGroup8": 0.0,
                    "popGroup9": 0.0,
                    "popGroup10": 0.7643536488152838,
                    "popGroup11": 1.1279636115239977,
                    "popGroup12": 0.0,
                    "popGroup13": 0.0,
                    "popGroup14": 0.0,
                    "popGroup15": 0.0
                }
            },
            "61053": {
                "car": {
                    "popGroup2": 20.52471328112155,
                    "popGroup4": 0.0,
                    "popGroup6": 0.0,
                    "popGroup10": 20.7254368318496,
                    "popGroup12": 0.0,
                    "popGroup14": 0.0
                },
                "publicTransport": {
                    "popGroup0": 0.0,
                    "popGroup1": 0.0,
                    "popGroup2": 4.656284864803504,
                    "popGroup3": 6.57907143549232,
                    "popGroup4": 0.0,
                    "popGroup5": 0.0,
                    "popGroup6": 0.0,
                    "popGroup7": 0.0,
                    "popGroup8": 0.0,
                    "popGroup9": 0.0,
                    "popGroup10": 4.701980816933467,
                    "popGroup11": 7.7918110981618085,
                    "popGroup12": 0.0,
                    "popGroup13": 0.0,
                    "popGroup14": 0.0,
                    "popGroup15": 0.0
                }
            },
            "61027": {
                "car": {
                    "popGroup2": 1.5297860675345325,
                    "popGroup4": 0.0,
                    "popGroup6": 0.0,
                    "popGroup10": 1.544737434590978,
                    "popGroup12": 0.0,
                    "popGroup14": 0.0
                },
                "publicTransport": {
                    "popGroup0": 0.0,
                    "popGroup1": 0.0,
                    "popGroup2": 0.7570961113741378,
                    "popGroup3": 3.752359560165945,
                    "popGroup4": 0.0,
                    "popGroup5": 0.0,
                    "popGroup6": 0.0,
                    "popGroup7": 0.0,
                    "popGroup8": 0.0,
                    "popGroup9": 0.0,
                    "popGroup10": 0.764524621238718,
                    "popGroup11": 4.4439160553643235,
                    "popGroup12": 0.0,
                    "popGroup13": 0.0,
                    "popGroup14": 0.0,
                    "popGroup15": 0.0
                }
            },
            "61016": {
                "car": {
                    "popGroup2": 0.9938885101514187,
                    "popGroup4": 0.0,
                    "popGroup6": 0.0,
                    "popGroup10": 1.0036196855426227,
                    "popGroup12": 0.0,
                    "popGroup14": 0.0
                },
                "publicTransport": {
                    "popGroup0": 0.0,
                    "popGroup1": 0.0,
                    "popGroup2": 0.2373527284305802,
                    "popGroup3": 0.3963623499918073,
                    "popGroup4": 0.0,
                    "popGroup5": 0.0,
                    "popGroup6": 0.0,
                    "popGroup7": 0.0,
                    "popGroup8": 0.0,
                    "popGroup9": 0.0,
                    "popGroup10": 0.23969378174890793,
                    "popGroup11": 0.46940264807082366,
                    "popGroup12": 0.0,
                    "popGroup13": 0.0,
                    "popGroup14": 0.0,
                    "popGroup15": 0.0
                }
            },
            "61045": {
                "car": {
                    "popGroup2": 4.83904680252511,
                    "popGroup4": 0.0,
                    "popGroup6": 0.0,
                    "popGroup10": 4.886396793846995,
                    "popGroup12": 0.0,
                    "popGroup14": 0.0
                },
                "publicTransport": {
                    "popGroup0": 0.0,
                    "popGroup1": 0.0,
                    "popGroup2": 0.9252881313727238,
                    "popGroup3": 1.5264102577298666,
                    "popGroup4": 0.0,
                    "popGroup5": 0.0,
                    "popGroup6": 0.0,
                    "popGroup7": 0.0,
                    "popGroup8": 0.0,
                    "popGroup9": 0.0,
                    "popGroup10": 0.93437178327816,
                    "popGroup11": 1.8077730676607595,
                    "popGroup12": 0.0,
                    "popGroup13": 0.0,
                    "popGroup14": 0.0,
                    "popGroup15": 0.0
                }
            },
            "61008": {
                "car": {
                    "popGroup2": 1.8470750595367944,
                    "popGroup4": 0.0,
                    "popGroup6": 0.0,
                    "popGroup10": 1.865150881317192,
                    "popGroup12": 0.0,
                    "popGroup14": 0.0
                },
                "publicTransport": {
                    "popGroup0": 0.0,
                    "popGroup1": 0.0,
                    "popGroup2": 0.8513313091683143,
                    "popGroup3": 4.607988863387267,
                    "popGroup4": 0.0,
                    "popGroup5": 0.0,
                    "popGroup6": 0.0,
                    "popGroup7": 0.0,
                    "popGroup8": 0.0,
                    "popGroup9": 0.0,
                    "popGroup10": 0.8597252625876127,
                    "popGroup11": 5.456792642745203,
                    "popGroup12": 0.0,
                    "popGroup13": 0.0,
                    "popGroup14": 0.0,
                    "popGroup15": 0.0
                }
            },
            "61050": {
                "car": {
                    "popGroup2": 2.2226442878504247,
                    "popGroup4": 0.0,
                    "popGroup6": 0.0,
                    "popGroup10": 2.2444289902595513,
                    "popGroup12": 0.0,
                    "popGroup14": 0.0
                },
                "publicTransport": {
                    "popGroup0": 0.0,
                    "popGroup1": 0.0,
                    "popGroup2": 0.4134631556462435,
                    "popGroup3": 0.8695707595599933,
                    "popGroup4": 0.0,
                    "popGroup5": 0.0,
                    "popGroup6": 0.0,
                    "popGroup7": 0.0,
                    "popGroup8": 0.0,
                    "popGroup9": 0.0,
                    "popGroup10": 0.4175284138094779,
                    "popGroup11": 1.0298430087658383,
                    "popGroup12": 0.0,
                    "popGroup13": 0.0,
                    "popGroup14": 0.0,
                    "popGroup15": 0.0
                }
            },
            "61049": {
                "car": {
                    "popGroup2": 1.735842043733054,
                    "popGroup4": 0.0,
                    "popGroup6": 0.0,
                    "popGroup10": 1.7528492821300121,
                    "popGroup12": 0.0,
                    "popGroup14": 0.0
                },
                "publicTransport": {
                    "popGroup0": 0.0,
                    "popGroup1": 0.0,
                    "popGroup2": 0.389502334365316,
                    "popGroup3": 0.7152875746926943,
                    "popGroup4": 0.0,
                    "popGroup5": 0.0,
                    "popGroup6": 0.0,
                    "popGroup7": 0.0,
                    "popGroup8": 0.0,
                    "popGroup9": 0.0,
                    "popGroup10": 0.39333495578364974,
                    "popGroup11": 0.8471175273470561,
                    "popGroup12": 0.0,
                    "popGroup13": 0.0,
                    "popGroup14": 0.0,
                    "popGroup15": 0.0
                }
            },
            "61058": {
                "car": {
                    "popGroup2": 4.124545528852394,
                    "popGroup4": 0.0,
                    "popGroup6": 0.0,
                    "popGroup10": 4.164960761744883,
                    "popGroup12": 0.0,
                    "popGroup14": 0.0
                },
                "publicTransport": {
                    "popGroup0": 0.0,
                    "popGroup1": 0.0,
                    "popGroup2": 1.6761631392197263,
                    "popGroup3": 9.384476403979328,
                    "popGroup4": 0.0,
                    "popGroup5": 0.0,
                    "popGroup6": 0.0,
                    "popGroup7": 0.0,
                    "popGroup8": 0.0,
                    "popGroup9": 0.0,
                    "popGroup10": 1.692785609941072,
                    "popGroup11": 11.112003642537816,
                    "popGroup12": 0.0,
                    "popGroup13": 0.0,
                    "popGroup14": 0.0,
                    "popGroup15": 0.0
                }
            },
            "62347": {
                "car": {
                    "popGroup2": 0.4948840217392989,
                    "popGroup4": 0.0,
                    "popGroup6": 0.0,
                    "popGroup10": 0.4997366729356285,
                    "popGroup12": 0.0,
                    "popGroup14": 0.0
                },
                "publicTransport": {
                    "popGroup0": 0.0,
                    "popGroup1": 0.0,
                    "popGroup2": 0.1713155811789185,
                    "popGroup3": 0.9673109514240357,
                    "popGroup4": 0.0,
                    "popGroup5": 0.0,
                    "popGroup6": 0.0,
                    "popGroup7": 0.0,
                    "popGroup8": 0.0,
                    "popGroup9": 0.0,
                    "popGroup10": 0.17301811440517617,
                    "popGroup11": 1.1453304917108995,
                    "popGroup12": 0.0,
                    "popGroup13": 0.0,
                    "popGroup14": 0.0,
                    "popGroup15": 0.0
                }
            }
        }
    }
}