{
    "Sum_Trips_per_Mode": {
        "work": {
            "60101": {
                "car": 356.80591340928936,
                "publicTransport": 136.12946966879852
            },
            "60669": {
                "car": 15.427524511127974,
                "publicTransport": 5.66978504446258
            },
            "60608": {
                "car": 7.300020174503093,
                "publicTransport": 3.086087694976464
            },
            "60611": {
                "car": 4.373157275463198,
                "publicTransport": 12.64107216185577
            },
            "60670": {
                "car": 13.021117892550429,
                "publicTransport": 12.983416909304754
            },
            "60662": {
                "car": 3.5297823692089203,
                "publicTransport": 8.36777030726588
            },
            "60656": {
                "car": 3.3618940916643494,
                "publicTransport": 1.5633002219661583
            },
            "60655": {
                "car": 4.689459305052001,
                "publicTransport": 2.699998518554707
            },
            "60624": {
                "car": 11.913645829641421,
                "publicTransport": 10.496453788754144
            },
            "60660": {
                "car": 3.6316514461672926,
                "publicTransport": 1.6519583116431866
            },
            "60629": {
                "car": 4.3922677740533045,
                "publicTransport": 2.6721722971664095
            },
            "60618": {
                "car": 1.1800084859631368,
                "publicTransport": 1.2762983306229696
            },
            "61059": {
                "car": 5.846719269601808,
                "publicTransport": 23.544254861693133
            },
            "61001": {
                "car": 0.7956073011714144,
                "publicTransport": 3.9263550060571464
            },
            "61055": {
                "car": 1.3069346482877933,
                "publicTransport": 5.331170629003292
            },
            "61021": {
                "car": 4.978038025559371,
                "publicTransport": 2.906376711586005
            },
            "61017": {
                "car": 0.8719322589418605,
                "publicTransport": 3.174829246831873
            },
            "61020": {
                "car": 1.2939106255765804,
                "publicTransport": 0.7681093395526681
            },
            "61012": {
                "car": 2.5454376543027535,
                "publicTransport": 1.6012146234633051
            },
            "61043": {
                "car": 2.5834835642912264,
                "publicTransport": 1.668083051102165
            },
            "61053": {
                "car": 18.407082112293857,
                "publicTransport": 11.357840652459604
            },
            "61027": {
                "car": 1.4556806735535885,
                "publicTransport": 5.262941079896169
            },
            "61016": {
                "car": 0.9196026493103351,
                "publicTransport": 0.6899053315749285
            },
            "61045": {
                "car": 4.358943789087985,
                "publicTransport": 2.568560471907798
            },
            "61008": {
                "car": 1.7471568021096862,
                "publicTransport": 5.532658254671874
            },
            "61050": {
                "car": 2.0377355869362814,
                "publicTransport": 1.404094981436712
            },
            "61049": {
                "car": 1.5865183411198882,
                "publicTransport": 1.2083137169481528
            },
            "61058": {
                "car": 3.8910564316232494,
                "publicTransport": 10.554986560798636
            },
            "62347": {
                "car": 0.46601742124253787,
                "publicTransport": 1.061755488171433
            }
        }
    },
    "Trips_per_group": {
        "work": {
            "60101": {
                "car": {
                    "popGroup2": 169.48339585545477,
                    "popGroup4": 0.0,
                    "popGroup6": 0.0,
                    "popGroup10": 187.32251755383462,
                    "popGroup12": 0.0,
                    "popGroup14": 0.0
                },
                "publicTransport": {
                    "popGroup0": 0.0,
                    "popGroup1": 0.0,
                    "popGroup2": 33.24846761826162,
                    "popGroup3": 34.077612558836314,
                    "popGroup4": 0.0,
                    "popGroup5": 0.0,
                    "popGroup6": 0.0,
                    "popGroup7": 0.0,
                    "popGroup8": 0.0,
                    "popGroup9": 0.0,
                    "popGroup10": 36.752734585120976,
                    "popGroup11": 32.05065490657962,
                    "popGroup12": 0.0,
                    "popGroup13": 0.0,
                    "popGroup14": 0.0,
                    "popGroup15": 0.0
                }
            },
            "60669": {
                "car": {
                    "popGroup2": 7.32814676357762,
                    "popGroup4": 0.0,
                    "popGroup6": 0.0,
                    "popGroup10": 8.099377747550353,
                    "popGroup12": 0.0,
                    "popGroup14": 0.0
                },
                "publicTransport": {
                    "popGroup0": 0.0,
                    "popGroup1": 0.0,
                    "popGroup2": 1.3659530260801087,
                    "popGroup3": 1.439925515287205,
                    "popGroup4": 0.0,
                    "popGroup5": 0.0,
                    "popGroup6": 0.0,
                    "popGroup7": 0.0,
                    "popGroup8": 0.0,
                    "popGroup9": 0.0,
                    "popGroup10": 1.5098041461957834,
                    "popGroup11": 1.3541023568994837,
                    "popGroup12": 0.0,
                    "popGroup13": 0.0,
                    "popGroup14": 0.0,
                    "popGroup15": 0.0
                }
            },
            "60608": {
                "car": {
                    "popGroup2": 3.467568566223639,
                    "popGroup4": 0.0,
                    "popGroup6": 0.0,
                    "popGroup10": 3.832451608279454,
                    "popGroup12": 0.0,
                    "popGroup14": 0.0
                },
                "publicTransport": {
                    "popGroup0": 0.0,
                    "popGroup1": 0.0,
                    "popGroup2": 0.7576609188784375,
                    "popGroup3": 0.7684094066461128,
                    "popGroup4": 0.0,
                    "popGroup5": 0.0,
                    "popGroup6": 0.0,
                    "popGroup7": 0.0,
                    "popGroup8": 0.0,
                    "popGroup9": 0.0,
                    "popGroup10": 0.8374338041257309,
                    "popGroup11": 0.7225835653261827,
                    "popGroup12": 0.0,
                    "popGroup13": 0.0,
                    "popGroup14": 0.0,
                    "popGroup15": 0.0
                }
            },
            "60611": {
                "car": {
                    "popGroup2": 2.0772891307903403,
                    "popGroup4": 0.0,
                    "popGroup6": 0.0,
                    "popGroup10": 2.2958681446728577,
                    "popGroup12": 0.0,
                    "popGroup14": 0.0
                },
                "publicTransport": {
                    "popGroup0": 0.0,
                    "popGroup1": 0.0,
                    "popGroup2": 1.0459308914647647,
                    "popGroup3": 5.379552873509973,
                    "popGroup4": 0.0,
                    "popGroup5": 0.0,
                    "popGroup6": 0.0,
                    "popGroup7": 0.0,
                    "popGroup8": 0.0,
                    "popGroup9": 0.0,
                    "popGroup10": 1.15605498842115,
                    "popGroup11": 5.059533408459883,
                    "popGroup12": 0.0,
                    "popGroup13": 0.0,
                    "popGroup14": 0.0,
                    "popGroup15": 0.0
                }
            },
            "60670": {
                "car": {
                    "popGroup2": 6.185107217667046,
                    "popGroup4": 0.0,
                    "popGroup6": 0.0,
                    "popGroup10": 6.836010674883384,
                    "popGroup12": 0.0,
                    "popGroup14": 0.0
                },
                "publicTransport": {
                    "popGroup0": 0.0,
                    "popGroup1": 0.0,
                    "popGroup2": 1.8209688242804334,
                    "popGroup3": 4.715238707692167,
                    "popGroup4": 0.0,
                    "popGroup5": 0.0,
                    "popGroup6": 0.0,
                    "popGroup7": 0.0,
                    "popGroup8": 0.0,
                    "popGroup9": 0.0,
                    "popGroup10": 2.012707678639056,
                    "popGroup11": 4.434501698693098,
                    "popGroup12": 0.0,
                    "popGroup13": 0.0,
                    "popGroup14": 0.0,
                    "popGroup15": 0.0
                }
            },
            "60662": {
                "car": {
                    "popGroup2": 1.6767014821405661,
                    "popGroup4": 0.0,
                    "popGroup6": 0.0,
                    "popGroup10": 1.853080887068354,
                    "popGroup12": 0.0,
                    "popGroup14": 0.0
                },
                "publicTransport": {
                    "popGroup0": 0.0,
                    "popGroup1": 0.0,
                    "popGroup2": 0.7902063322321375,
                    "popGroup3": 3.455079113020896,
                    "popGroup4": 0.0,
                    "popGroup5": 0.0,
                    "popGroup6": 0.0,
                    "popGroup7": 0.0,
                    "popGroup8": 0.0,
                    "popGroup9": 0.0,
                    "popGroup10": 0.8733439757057606,
                    "popGroup11": 3.249140886307086,
                    "popGroup12": 0.0,
                    "popGroup13": 0.0,
                    "popGroup14": 0.0,
                    "popGroup15": 0.0
                }
            },
            "60656": {
                "car": {
                    "popGroup2": 1.5969618666428886,
                    "popGroup4": 0.0,
                    "popGroup6": 0.0,
                    "popGroup10": 1.7649322250214607,
                    "popGroup12": 0.0,
                    "popGroup14": 0.0
                },
                "publicTransport": {
                    "popGroup0": 0.0,
                    "popGroup1": 0.0,
                    "popGroup2": 0.31984939634674586,
                    "popGroup3": 0.45866175489238964,
                    "popGroup4": 0.0,
                    "popGroup5": 0.0,
                    "popGroup6": 0.0,
                    "popGroup7": 0.0,
                    "popGroup8": 0.0,
                    "popGroup9": 0.0,
                    "popGroup10": 0.35350504782519593,
                    "popGroup11": 0.43128402290182677,
                    "popGroup12": 0.0,
                    "popGroup13": 0.0,
                    "popGroup14": 0.0,
                    "popGroup15": 0.0
                }
            },
            "60655": {
                "car": {
                    "popGroup2": 2.227566002253041,
                    "popGroup4": 0.0,
                    "popGroup6": 0.0,
                    "popGroup10": 2.46189330279896,
                    "popGroup12": 0.0,
                    "popGroup14": 0.0
                },
                "publicTransport": {
                    "popGroup0": 0.0,
                    "popGroup1": 0.0,
                    "popGroup2": 0.5926141864456308,
                    "popGroup3": 0.7485698045206844,
                    "popGroup4": 0.0,
                    "popGroup5": 0.0,
                    "popGroup6": 0.0,
                    "popGroup7": 0.0,
                    "popGroup8": 0.0,
                    "popGroup9": 0.0,
                    "popGroup10": 0.6549581932874041,
                    "popGroup11": 0.7038563343009878,
                    "popGroup12": 0.0,
                    "popGroup13": 0.0,
                    "popGroup14": 0.0,
                    "popGroup15": 0.0
                }
            },
            "60624": {
                "car": {
                    "popGroup2": 5.65913009200119,
                    "popGroup4": 0.0,
                    "popGroup6": 0.0,
                    "popGroup10": 6.254515737640231,
                    "popGroup12": 0.0,
                    "popGroup14": 0.0
                },
                "publicTransport": {
                    "popGroup0": 0.0,
                    "popGroup1": 0.0,
                    "popGroup2": 1.6960056029292345,
                    "popGroup3": 3.5694348412717214,
                    "popGroup4": 0.0,
                    "popGroup5": 0.0,
                    "popGroup6": 0.0,
                    "popGroup7": 0.0,
                    "popGroup8": 0.0,
                    "popGroup9": 0.0,
                    "popGroup10": 1.8744672684013997,
                    "popGroup11": 3.3565460761517874,
                    "popGroup12": 0.0,
                    "popGroup13": 0.0,
                    "popGroup14": 0.0,
                    "popGroup15": 0.0
                }
            },
            "60660": {
                "car": {
                    "popGroup2": 1.7250866182425386,
                    "popGroup4": 0.0,
                    "popGroup6": 0.0,
                    "popGroup10": 1.906564827924754,
                    "popGroup12": 0.0,
                    "popGroup14": 0.0
                },
                "publicTransport": {
                    "popGroup0": 0.0,
                    "popGroup1": 0.0,
                    "popGroup2": 0.3072998282831365,
                    "popGroup3": 0.5179519683542216,
                    "popGroup4": 0.0,
                    "popGroup5": 0.0,
                    "popGroup6": 0.0,
                    "popGroup7": 0.0,
                    "popGroup8": 0.0,
                    "popGroup9": 0.0,
                    "popGroup10": 0.33964451007535096,
                    "popGroup11": 0.4870620049304775,
                    "popGroup12": 0.0,
                    "popGroup13": 0.0,
                    "popGroup14": 0.0,
                    "popGroup15": 0.0
                }
            },
            "60629": {
                "car": {
                    "popGroup2": 2.0863103785045207,
                    "popGroup4": 0.0,
                    "popGroup6": 0.0,
                    "popGroup10": 2.3059573955487838,
                    "popGroup12": 0.0,
                    "popGroup14": 0.0
                },
                "publicTransport": {
                    "popGroup0": 0.0,
                    "popGroup1": 0.0,
                    "popGroup2": 0.4325302328390236,
                    "popGroup3": 0.9077980781200882,
                    "popGroup4": 0.0,
                    "popGroup5": 0.0,
                    "popGroup6": 0.0,
                    "popGroup7": 0.0,
                    "popGroup8": 0.0,
                    "popGroup9": 0.0,
                    "popGroup10": 0.4780889687620792,
                    "popGroup11": 0.8537550174452186,
                    "popGroup12": 0.0,
                    "popGroup13": 0.0,
                    "popGroup14": 0.0,
                    "popGroup15": 0.0
                }
            },
            "60618": {
                "car": {
                    "popGroup2": 0.5605019483200009,
                    "popGroup4": 0.0,
                    "popGroup6": 0.0,
                    "popGroup10": 0.6195065376431358,
                    "popGroup12": 0.0,
                    "popGroup14": 0.0
                },
                "publicTransport": {
                    "popGroup0": 0.0,
                    "popGroup1": 0.0,
                    "popGroup2": 0.15865344698387587,
                    "popGroup3": 0.48555316800110704,
                    "popGroup4": 0.0,
                    "popGroup5": 0.0,
                    "popGroup6": 0.0,
                    "popGroup7": 0.0,
                    "popGroup8": 0.0,
                    "popGroup9": 0.0,
                    "popGroup10": 0.1753758256390222,
                    "popGroup11": 0.4567158899989644,
                    "popGroup12": 0.0,
                    "popGroup13": 0.0,
                    "popGroup14": 0.0,
                    "popGroup15": 0.0
                }
            },
            "61059": {
                "car": {
                    "popGroup2": 2.777318380587937,
                    "popGroup4": 0.0,
                    "popGroup6": 0.0,
                    "popGroup10": 3.069400889013871,
                    "popGroup12": 0.0,
                    "popGroup14": 0.0
                },
                "publicTransport": {
                    "popGroup0": 0.0,
                    "popGroup1": 0.0,
                    "popGroup2": 1.9131826561308507,
                    "popGroup3": 10.058278903467144,
                    "popGroup4": 0.0,
                    "popGroup5": 0.0,
                    "popGroup6": 0.0,
                    "popGroup7": 0.0,
                    "popGroup8": 0.0,
                    "popGroup9": 0.0,
                    "popGroup10": 2.114395398642409,
                    "popGroup11": 9.458397903452733,
                    "popGroup12": 0.0,
                    "popGroup13": 0.0,
                    "popGroup14": 0.0,
                    "popGroup15": 0.0
                }
            },
            "61001": {
                "car": {
                    "popGroup2": 0.37792754164520626,
                    "popGroup4": 0.0,
                    "popGroup6": 0.0,
                    "popGroup10": 0.4176797595262081,
                    "popGroup12": 0.0,
                    "popGroup14": 0.0
                },
                "publicTransport": {
                    "popGroup0": 0.0,
                    "popGroup1": 0.0,
                    "popGroup2": 0.31521292956986496,
                    "popGroup3": 1.6814372773385446,
                    "popGroup4": 0.0,
                    "popGroup5": 0.0,
                    "popGroup6": 0.0,
                    "popGroup7": 0.0,
                    "popGroup8": 0.0,
                    "popGroup9": 0.0,
                    "popGroup10": 0.3483841157309594,
                    "popGroup11": 1.5813206834177773,
                    "popGroup12": 0.0,
                    "popGroup13": 0.0,
                    "popGroup14": 0.0,
                    "popGroup15": 0.0
                }
            },
            "61055": {
                "car": {
                    "popGroup2": 0.6208167533299391,
                    "popGroup4": 0.0,
                    "popGroup6": 0.0,
                    "popGroup10": 0.6861178949578541,
                    "popGroup12": 0.0,
                    "popGroup14": 0.0
                },
                "publicTransport": {
                    "popGroup0": 0.0,
                    "popGroup1": 0.0,
                    "popGroup2": 0.4300180604280905,
                    "popGroup3": 2.280892888644608,
                    "popGroup4": 0.0,
                    "popGroup5": 0.0,
                    "popGroup6": 0.0,
                    "popGroup7": 0.0,
                    "popGroup8": 0.0,
                    "popGroup9": 0.0,
                    "popGroup10": 0.4752604674433101,
                    "popGroup11": 2.1449992124872845,
                    "popGroup12": 0.0,
                    "popGroup13": 0.0,
                    "popGroup14": 0.0,
                    "popGroup15": 0.0
                }
            },
            "61021": {
                "car": {
                    "popGroup2": 2.364659355196168,
                    "popGroup4": 0.0,
                    "popGroup6": 0.0,
                    "popGroup10": 2.613378670363203,
                    "popGroup12": 0.0,
                    "popGroup14": 0.0
                },
                "publicTransport": {
                    "popGroup0": 0.0,
                    "popGroup1": 0.0,
                    "popGroup2": 0.618798054804892,
                    "popGroup3": 0.8265477926590407,
                    "popGroup4": 0.0,
                    "popGroup5": 0.0,
                    "popGroup6": 0.0,
                    "popGroup7": 0.0,
                    "popGroup8": 0.0,
                    "popGroup9": 0.0,
                    "popGroup10": 0.6838776924804592,
                    "popGroup11": 0.7771531716416133,
                    "popGroup12": 0.0,
                    "popGroup13": 0.0,
                    "popGroup14": 0.0,
                    "popGroup15": 0.0
                }
            },
            "61017": {
                "car": {
                    "popGroup2": 0.4141801971813604,
                    "popGroup4": 0.0,
                    "popGroup6": 0.0,
                    "popGroup10": 0.4577520617605002,
                    "popGroup12": 0.0,
                    "popGroup14": 0.0
                },
                "publicTransport": {
                    "popGroup0": 0.0,
                    "popGroup1": 0.0,
                    "popGroup2": 0.2601787112368351,
                    "popGroup3": 1.3538413689315176,
                    "popGroup4": 0.0,
                    "popGroup5": 0.0,
                    "popGroup6": 0.0,
                    "popGroup7": 0.0,
                    "popGroup8": 0.0,
                    "popGroup9": 0.0,
                    "popGroup10": 0.28755994469602386,
                    "popGroup11": 1.2732492219674965,
                    "popGroup12": 0.0,
                    "popGroup13": 0.0,
                    "popGroup14": 0.0,
                    "popGroup15": 0.0
                }
            },
            "61020": {
                "car": {
                    "popGroup2": 0.6146255776084633,
                    "popGroup4": 0.0,
                    "popGroup6": 0.0,
                    "popGroup10": 0.6792850479681172,
                    "popGroup12": 0.0,
                    "popGroup14": 0.0
                },
                "publicTransport": {
                    "popGroup0": 0.0,
                    "popGroup1": 0.0,
                    "popGroup2": 0.14439516647212414,
                    "popGroup3": 0.23920431853541893,
                    "popGroup4": 0.0,
                    "popGroup5": 0.0,
                    "popGroup6": 0.0,
                    "popGroup7": 0.0,
                    "popGroup8": 0.0,
                    "popGroup9": 0.0,
                    "popGroup10": 0.15958557494087225,
                    "popGroup11": 0.22492427960425293,
                    "popGroup12": 0.0,
                    "popGroup13": 0.0,
                    "popGroup14": 0.0,
                    "popGroup15": 0.0
                }
            },
            "61012": {
                "car": {
                    "popGroup2": 1.2091167793402238,
                    "popGroup4": 0.0,
                    "popGroup6": 0.0,
                    "popGroup10": 1.3363208749625297,
                    "popGroup12": 0.0,
                    "popGroup14": 0.0
                },
                "publicTransport": {
                    "popGroup0": 0.0,
                    "popGroup1": 0.0,
                    "popGroup2": 0.2970564181175359,
                    "popGroup3": 0.5029327521526902,
                    "popGroup4": 0.0,
                    "popGroup5": 0.0,
                    "popGroup6": 0.0,
                    "popGroup7": 0.0,
                    "popGroup8": 0.0,
                    "popGroup9": 0.0,
                    "popGroup10": 0.32830998213282225,
                    "popGroup11": 0.47291547106025666,
                    "popGroup12": 0.0,
                    "popGroup13": 0.0,
                    "popGroup14": 0.0,
                    "popGroup15": 0.0
                }
            },
            "61043": {
                "car": {
                    "popGroup2": 1.2271854501235695,
                    "popGroup4": 0.0,
                    "popGroup6": 0.0,
                    "popGroup10": 1.356298114167657,
                    "popGroup12": 0.0,
                    "popGroup14": 0.0
                },
                "publicTransport": {
                    "popGroup0": 0.0,
                    "popGroup1": 0.0,
                    "popGroup2": 0.30117024251848756,
                    "popGroup3": 0.5329255030588946,
                    "popGroup4": 0.0,
                    "popGroup5": 0.0,
                    "popGroup6": 0.0,
                    "popGroup7": 0.0,
                    "popGroup8": 0.0,
                    "popGroup9": 0.0,
                    "popGroup10": 0.33286004569828154,
                    "popGroup11": 0.5011272598265012,
                    "popGroup12": 0.0,
                    "popGroup13": 0.0,
                    "popGroup14": 0.0,
                    "popGroup15": 0.0
                }
            },
            "61053": {
                "car": {
                    "popGroup2": 8.743551077801543,
                    "popGroup4": 0.0,
                    "popGroup6": 0.0,
                    "popGroup10": 9.663531034492314,
                    "popGroup12": 0.0,
                    "popGroup14": 0.0
                },
                "publicTransport": {
                    "popGroup0": 0.0,
                    "popGroup1": 0.0,
                    "popGroup2": 1.921897712363649,
                    "popGroup3": 3.7682902226625754,
                    "popGroup4": 0.0,
                    "popGroup5": 0.0,
                    "popGroup6": 0.0,
                    "popGroup7": 0.0,
                    "popGroup8": 0.0,
                    "popGroup9": 0.0,
                    "popGroup10": 2.1241361409931914,
                    "popGroup11": 3.5435165764401875,
                    "popGroup12": 0.0,
                    "popGroup13": 0.0,
                    "popGroup14": 0.0,
                    "popGroup15": 0.0
                }
            },
            "61027": {
                "car": {
                    "popGroup2": 0.69146735439255,
                    "popGroup4": 0.0,
                    "popGroup6": 0.0,
                    "popGroup10": 0.7642133191610385,
                    "popGroup12": 0.0,
                    "popGroup14": 0.0
                },
                "publicTransport": {
                    "popGroup0": 0.0,
                    "popGroup1": 0.0,
                    "popGroup2": 0.4272745065626238,
                    "popGroup3": 2.2486200845160655,
                    "popGroup4": 0.0,
                    "popGroup5": 0.0,
                    "popGroup6": 0.0,
                    "popGroup7": 0.0,
                    "popGroup8": 0.0,
                    "popGroup9": 0.0,
                    "popGroup10": 0.4722459401042674,
                    "popGroup11": 2.1148005487132124,
                    "popGroup12": 0.0,
                    "popGroup13": 0.0,
                    "popGroup14": 0.0,
                    "popGroup15": 0.0
                }
            },
            "61016": {
                "car": {
                    "popGroup2": 0.43681403405195496,
                    "popGroup4": 0.0,
                    "popGroup6": 0.0,
                    "popGroup10": 0.4827886152583801,
                    "popGroup12": 0.0,
                    "popGroup14": 0.0
                },
                "publicTransport": {
                    "popGroup0": 0.0,
                    "popGroup1": 0.0,
                    "popGroup2": 0.10474783453301215,
                    "popGroup3": 0.2418898245250728,
                    "popGroup4": 0.0,
                    "popGroup5": 0.0,
                    "popGroup6": 0.0,
                    "popGroup7": 0.0,
                    "popGroup8": 0.0,
                    "popGroup9": 0.0,
                    "popGroup10": 0.11577929749112481,
                    "popGroup11": 0.22748837502571873,
                    "popGroup12": 0.0,
                    "popGroup13": 0.0,
                    "popGroup14": 0.0,
                    "popGroup15": 0.0
                }
            },
            "61045": {
                "car": {
                    "popGroup2": 2.0705288575544047,
                    "popGroup4": 0.0,
                    "popGroup6": 0.0,
                    "popGroup10": 2.2884149315335804,
                    "popGroup12": 0.0,
                    "popGroup14": 0.0
                },
                "publicTransport": {
                    "popGroup0": 0.0,
                    "popGroup1": 0.0,
                    "popGroup2": 0.39903461940054863,
                    "popGroup3": 0.8908022678264901,
                    "popGroup4": 0.0,
                    "popGroup5": 0.0,
                    "popGroup6": 0.0,
                    "popGroup7": 0.0,
                    "popGroup8": 0.0,
                    "popGroup9": 0.0,
                    "popGroup10": 0.4410299503261751,
                    "popGroup11": 0.837693634354584,
                    "popGroup12": 0.0,
                    "popGroup13": 0.0,
                    "popGroup14": 0.0,
                    "popGroup15": 0.0
                }
            },
            "61008": {
                "car": {
                    "popGroup2": 0.8299090669996281,
                    "popGroup4": 0.0,
                    "popGroup6": 0.0,
                    "popGroup10": 0.9172477351100581,
                    "popGroup12": 0.0,
                    "popGroup14": 0.0
                },
                "publicTransport": {
                    "popGroup0": 0.0,
                    "popGroup1": 0.0,
                    "popGroup2": 0.45268615086475217,
                    "popGroup3": 2.3598343203811023,
                    "popGroup4": 0.0,
                    "popGroup5": 0.0,
                    "popGroup6": 0.0,
                    "popGroup7": 0.0,
                    "popGroup8": 0.0,
                    "popGroup9": 0.0,
                    "popGroup10": 0.5003756699127301,
                    "popGroup11": 2.2197621135132897,
                    "popGroup12": 0.0,
                    "popGroup13": 0.0,
                    "popGroup14": 0.0,
                    "popGroup15": 0.0
                }
            },
            "61050": {
                "car": {
                    "popGroup2": 0.9679185882883544,
                    "popGroup4": 0.0,
                    "popGroup6": 0.0,
                    "popGroup10": 1.069816998647927,
                    "popGroup12": 0.0,
                    "popGroup14": 0.0
                },
                "publicTransport": {
                    "popGroup0": 0.0,
                    "popGroup1": 0.0,
                    "popGroup2": 0.19042190152312544,
                    "popGroup3": 0.5169960086509121,
                    "popGroup4": 0.0,
                    "popGroup5": 0.0,
                    "popGroup6": 0.0,
                    "popGroup7": 0.0,
                    "popGroup8": 0.0,
                    "popGroup9": 0.0,
                    "popGroup10": 0.2104694984374043,
                    "popGroup11": 0.4862075728252703,
                    "popGroup12": 0.0,
                    "popGroup13": 0.0,
                    "popGroup14": 0.0,
                    "popGroup15": 0.0
                }
            },
            "61049": {
                "car": {
                    "popGroup2": 0.7535951452872611,
                    "popGroup4": 0.0,
                    "popGroup6": 0.0,
                    "popGroup10": 0.8329231958326271,
                    "popGroup12": 0.0,
                    "popGroup14": 0.0
                },
                "publicTransport": {
                    "popGroup0": 0.0,
                    "popGroup1": 0.0,
                    "popGroup2": 0.17485810944026403,
                    "popGroup3": 0.4329885316694554,
                    "popGroup4": 0.0,
                    "popGroup5": 0.0,
                    "popGroup6": 0.0,
                    "popGroup7": 0.0,
                    "popGroup8": 0.0,
                    "popGroup9": 0.0,
                    "popGroup10": 0.19326772636110326,
                    "popGroup11": 0.4071993494773302,
                    "popGroup12": 0.0,
                    "popGroup13": 0.0,
                    "popGroup14": 0.0,
                    "popGroup15": 0.0
                }
            },
            "61058": {
                "car": {
                    "popGroup2": 1.8482438239094332,
                    "popGroup4": 0.0,
                    "popGroup6": 0.0,
                    "popGroup10": 2.0428126077138162,
                    "popGroup12": 0.0,
                    "popGroup14": 0.0
                },
                "publicTransport": {
                    "popGroup0": 0.0,
                    "popGroup1": 0.0,
                    "popGroup2": 0.8694711150694975,
                    "popGroup3": 4.495156495747548,
                    "popGroup4": 0.0,
                    "popGroup5": 0.0,
                    "popGroup6": 0.0,
                    "popGroup7": 0.0,
                    "popGroup8": 0.0,
                    "popGroup9": 0.0,
                    "popGroup10": 0.9611705228703012,
                    "popGroup11": 4.229188427111288,
                    "popGroup12": 0.0,
                    "popGroup13": 0.0,
                    "popGroup14": 0.0,
                    "popGroup15": 0.0
                }
            },
            "62347": {
                "car": {
                    "popGroup2": 0.22135538132986618,
                    "popGroup4": 0.0,
                    "popGroup6": 0.0,
                    "popGroup10": 0.2446620399126717,
                    "popGroup12": 0.0,
                    "popGroup14": 0.0
                },
                "publicTransport": {
                    "popGroup0": 0.0,
                    "popGroup1": 0.0,
                    "popGroup2": 0.08782632622534711,
                    "popGroup3": 0.45176645798167064,
                    "popGroup4": 0.0,
                    "popGroup5": 0.0,
                    "popGroup6": 0.0,
                    "popGroup7": 0.0,
                    "popGroup8": 0.0,
                    "popGroup9": 0.0,
                    "popGroup10": 0.0970930689279399,
                    "popGroup11": 0.42506963503647544,
                    "popGroup12": 0.0,
                    "popGroup13": 0.0,
                    "popGroup14": 0.0,
                    "popGroup15": 0.0
                }
            }
        }
    }
}