{
    "Sum_Trips_per_Mode": {
        "work": {
            "60101": {
                "car": 1424.2234066872222,
                "publicTransport": 470.1681605689018
            },
            "60669": {
                "car": 62.886518498998065,
                "publicTransport": 21.73429818158635
            },
            "60608": {
                "car": 26.051479871611992,
                "publicTransport": 8.599347586460024
            },
            "60611": {
                "car": 11.656701859860323,
                "publicTransport": 3.672525227322015
            },
            "60670": {
                "car": 47.275589949557556,
                "publicTransport": 16.34629013613624
            },
            "60662": {
                "car": 8.264971966340315,
                "publicTransport": 2.6049821870732326
            },
            "60656": {
                "car": 9.2980622513865,
                "publicTransport": 3.215171825483133
            },
            "60655": {
                "car": 13.450675979405162,
                "publicTransport": 4.444078561288475
            },
            "60624": {
                "car": 32.528528742715594,
                "publicTransport": 10.744475645409727
            },
            "60660": {
                "car": 11.894884400057162,
                "publicTransport": 4.287457038103261,
                "bicycle": 3.0611955293342428
            },
            "60629": {
                "car": 22.032634682247185,
                "publicTransport": 7.544306904460499,
                "bicycle": 5.0313098510220104,
                "walk": 1.982550592273837
            },
            "60618": {
                "car": 5.991332806363854,
                "publicTransport": 2.152543691043802,
                "bicycle": 2.0734386152158724
            },
            "61059": {
                "car": 12.075322833425371,
                "publicTransport": 3.3566789914768957
            },
            "61001": {
                "car": 1.9848011645386292,
                "publicTransport": 0.6253208909400133
            },
            "61055": {
                "car": 2.0498830100352388,
                "publicTransport": 0.6417812290237549
            },
            "61021": {
                "car": 11.277180824018355,
                "publicTransport": 3.026009141203205
            },
            "61017": {
                "car": 1.827023735251644,
                "publicTransport": 0.476073962994604
            },
            "61020": {
                "car": 2.8107784997371787,
                "publicTransport": 0.7130739629510514
            },
            "61012": {
                "car": 5.687680554205952,
                "publicTransport": 1.4397577260056953
            },
            "61043": {
                "car": 5.622851277752792,
                "publicTransport": 1.4197918110650618
            },
            "61053": {
                "car": 42.343523026969876,
                "publicTransport": 9.767736366493201
            },
            "61027": {
                "car": 2.8318193999874164,
                "publicTransport": 0.715045409510487
            },
            "61016": {
                "car": 1.8677209122073108,
                "publicTransport": 0.46121743498805434
            },
            "61045": {
                "car": 9.984189141821446,
                "publicTransport": 2.1745922759951544
            },
            "61008": {
                "car": 3.451229131245688,
                "publicTransport": 0.8075042289939405
            },
            "61050": {
                "car": 5.406318738199241,
                "publicTransport": 1.052582021827288
            },
            "61049": {
                "car": 4.171047860185418,
                "publicTransport": 0.8675715213412714
            },
            "61058": {
                "car": 8.575241757343733,
                "publicTransport": 1.68261059360127
            },
            "62347": {
                "car": 1.0301037511349938,
                "publicTransport": 0.19071697660911324
            }
        }
    },
    "Trips_per_group": {
        "work": {
            "60101": {
                "car": {
                    "popGroup2": 697.8986329595988,
                    "popGroup4": 0.0,
                    "popGroup6": 0.0,
                    "popGroup10": 726.3247737276234,
                    "popGroup12": 0.0,
                    "popGroup14": 0.0
                },
                "publicTransport": {
                    "popGroup0": 0.0,
                    "popGroup1": 0.0,
                    "popGroup2": 55.82436207035829,
                    "popGroup3": 166.48451338364288,
                    "popGroup4": 0.0,
                    "popGroup5": 0.0,
                    "popGroup6": 0.0,
                    "popGroup7": 0.0,
                    "popGroup8": 0.0,
                    "popGroup9": 0.0,
                    "popGroup10": 58.096140668165766,
                    "popGroup11": 189.76314444673483,
                    "popGroup12": 0.0,
                    "popGroup13": 0.0,
                    "popGroup14": 0.0,
                    "popGroup15": 0.0
                }
            },
            "60669": {
                "car": {
                    "popGroup2": 30.815354816582392,
                    "popGroup4": 0.0,
                    "popGroup6": 0.0,
                    "popGroup10": 32.07116368241567,
                    "popGroup12": 0.0,
                    "popGroup14": 0.0
                },
                "publicTransport": {
                    "popGroup0": 0.0,
                    "popGroup1": 0.0,
                    "popGroup2": 2.58053260699553,
                    "popGroup3": 7.696328383991681,
                    "popGroup4": 0.0,
                    "popGroup5": 0.0,
                    "popGroup6": 0.0,
                    "popGroup7": 0.0,
                    "popGroup8": 0.0,
                    "popGroup9": 0.0,
                    "popGroup10": 2.685661842780541,
                    "popGroup11": 8.771775347818597,
                    "popGroup12": 0.0,
                    "popGroup13": 0.0,
                    "popGroup14": 0.0,
                    "popGroup15": 0.0
                }
            },
            "60608": {
                "car": {
                    "popGroup2": 12.765672196103129,
                    "popGroup4": 0.0,
                    "popGroup6": 0.0,
                    "popGroup10": 13.285807675508863,
                    "popGroup12": 0.0,
                    "popGroup14": 0.0
                },
                "publicTransport": {
                    "popGroup0": 0.0,
                    "popGroup1": 0.0,
                    "popGroup2": 1.021013206462629,
                    "popGroup3": 3.0450755241176437,
                    "popGroup4": 0.0,
                    "popGroup5": 0.0,
                    "popGroup6": 0.0,
                    "popGroup7": 0.0,
                    "popGroup8": 0.0,
                    "popGroup9": 0.0,
                    "popGroup10": 1.062594551033035,
                    "popGroup11": 3.4706643048467156,
                    "popGroup12": 0.0,
                    "popGroup13": 0.0,
                    "popGroup14": 0.0,
                    "popGroup15": 0.0
                }
            },
            "60611": {
                "car": {
                    "popGroup2": 5.712046813094044,
                    "popGroup4": 0.0,
                    "popGroup6": 0.0,
                    "popGroup10": 5.944655046766279,
                    "popGroup12": 0.0,
                    "popGroup14": 0.0
                },
                "publicTransport": {
                    "popGroup0": 0.0,
                    "popGroup1": 0.0,
                    "popGroup2": 0.4360516893447296,
                    "popGroup3": 1.3004052720925316,
                    "popGroup4": 0.0,
                    "popGroup5": 0.0,
                    "popGroup6": 0.0,
                    "popGroup7": 0.0,
                    "popGroup8": 0.0,
                    "popGroup9": 0.0,
                    "popGroup10": 0.4537894176977903,
                    "popGroup11": 1.4822788481869635,
                    "popGroup12": 0.0,
                    "popGroup13": 0.0,
                    "popGroup14": 0.0,
                    "popGroup15": 0.0
                }
            },
            "60670": {
                "car": {
                    "popGroup2": 23.165790537504204,
                    "popGroup4": 0.0,
                    "popGroup6": 0.0,
                    "popGroup10": 24.10979941205335,
                    "popGroup12": 0.0,
                    "popGroup14": 0.0
                },
                "publicTransport": {
                    "popGroup0": 0.0,
                    "popGroup1": 0.0,
                    "popGroup2": 1.940813108588201,
                    "popGroup3": 5.788355284361312,
                    "popGroup4": 0.0,
                    "popGroup5": 0.0,
                    "popGroup6": 0.0,
                    "popGroup7": 0.0,
                    "popGroup8": 0.0,
                    "popGroup9": 0.0,
                    "popGroup10": 2.019870721401142,
                    "popGroup11": 6.597251021785585,
                    "popGroup12": 0.0,
                    "popGroup13": 0.0,
                    "popGroup14": 0.0,
                    "popGroup15": 0.0
                }
            },
            "60662": {
                "car": {
                    "popGroup2": 4.050016896750099,
                    "popGroup4": 0.0,
                    "popGroup6": 0.0,
                    "popGroup10": 4.214955069590217,
                    "popGroup12": 0.0,
                    "popGroup14": 0.0
                },
                "publicTransport": {
                    "popGroup0": 0.0,
                    "popGroup1": 0.0,
                    "popGroup2": 0.3092978136912987,
                    "popGroup3": 0.9224046236613669,
                    "popGroup4": 0.0,
                    "popGroup5": 0.0,
                    "popGroup6": 0.0,
                    "popGroup7": 0.0,
                    "popGroup8": 0.0,
                    "popGroup9": 0.0,
                    "popGroup10": 0.32188163578744394,
                    "popGroup11": 1.0513981139331232,
                    "popGroup12": 0.0,
                    "popGroup13": 0.0,
                    "popGroup14": 0.0,
                    "popGroup15": 0.0
                }
            },
            "60656": {
                "car": {
                    "popGroup2": 4.556210063502091,
                    "popGroup4": 0.0,
                    "popGroup6": 0.0,
                    "popGroup10": 4.74185218788441,
                    "popGroup12": 0.0,
                    "popGroup14": 0.0
                },
                "publicTransport": {
                    "popGroup0": 0.0,
                    "popGroup1": 0.0,
                    "popGroup2": 0.3817423837608609,
                    "popGroup3": 1.138507495992208,
                    "popGroup4": 0.0,
                    "popGroup5": 0.0,
                    "popGroup6": 0.0,
                    "popGroup7": 0.0,
                    "popGroup8": 0.0,
                    "popGroup9": 0.0,
                    "popGroup10": 0.3972882241842893,
                    "popGroup11": 1.297633721545775,
                    "popGroup12": 0.0,
                    "popGroup13": 0.0,
                    "popGroup14": 0.0,
                    "popGroup15": 0.0
                }
            },
            "60655": {
                "car": {
                    "popGroup2": 6.591088491817811,
                    "popGroup4": 0.0,
                    "popGroup6": 0.0,
                    "popGroup10": 6.85958748758735,
                    "popGroup12": 0.0,
                    "popGroup14": 0.0
                },
                "publicTransport": {
                    "popGroup0": 0.0,
                    "popGroup1": 0.0,
                    "popGroup2": 0.5276552801494506,
                    "popGroup3": 1.5736473611069852,
                    "popGroup4": 0.0,
                    "popGroup5": 0.0,
                    "popGroup6": 0.0,
                    "popGroup7": 0.0,
                    "popGroup8": 0.0,
                    "popGroup9": 0.0,
                    "popGroup10": 0.5491350877691995,
                    "popGroup11": 1.7936408322628392,
                    "popGroup12": 0.0,
                    "popGroup13": 0.0,
                    "popGroup14": 0.0,
                    "popGroup15": 0.0
                }
            },
            "60624": {
                "car": {
                    "popGroup2": 15.939623080566614,
                    "popGroup4": 0.0,
                    "popGroup6": 0.0,
                    "popGroup10": 16.58890566214898,
                    "popGroup12": 0.0,
                    "popGroup14": 0.0
                },
                "publicTransport": {
                    "popGroup0": 0.0,
                    "popGroup1": 0.0,
                    "popGroup2": 1.2757182365876987,
                    "popGroup3": 3.80459498888109,
                    "popGroup4": 0.0,
                    "popGroup5": 0.0,
                    "popGroup6": 0.0,
                    "popGroup7": 0.0,
                    "popGroup8": 0.0,
                    "popGroup9": 0.0,
                    "popGroup10": 1.3276421291712146,
                    "popGroup11": 4.336520290769723,
                    "popGroup12": 0.0,
                    "popGroup13": 0.0,
                    "popGroup14": 0.0,
                    "popGroup15": 0.0
                }
            },
            "60660": {
                "car": {
                    "popGroup2": 5.828667855857705,
                    "popGroup4": 0.0,
                    "popGroup6": 0.0,
                    "popGroup10": 6.066216544199457,
                    "popGroup12": 0.0,
                    "popGroup14": 0.0
                },
                "publicTransport": {
                    "popGroup0": 0.0,
                    "popGroup1": 0.0,
                    "popGroup2": 0.5090529391883186,
                    "popGroup3": 1.5182356271734703,
                    "popGroup4": 0.0,
                    "popGroup5": 0.0,
                    "popGroup6": 0.0,
                    "popGroup7": 0.0,
                    "popGroup8": 0.0,
                    "popGroup9": 0.0,
                    "popGroup10": 0.5297932830821436,
                    "popGroup11": 1.7303751886593284,
                    "popGroup12": 0.0,
                    "popGroup13": 0.0,
                    "popGroup14": 0.0,
                    "popGroup15": 0.0
                },
                "bicycle": {
                    "popGroup0": 0.0,
                    "popGroup1": 0.0,
                    "popGroup2": 0.3634713195935036,
                    "popGroup3": 1.0839020204631593,
                    "popGroup4": 0.0,
                    "popGroup5": 0.0,
                    "popGroup6": 0.0,
                    "popGroup7": 0.0,
                    "popGroup8": 0.0,
                    "popGroup9": 0.0,
                    "popGroup10": 0.37824273328101354,
                    "popGroup11": 1.235579455996566,
                    "popGroup12": 0.0,
                    "popGroup13": 0.0,
                    "popGroup14": 0.0,
                    "popGroup15": 0.0
                }
            },
            "60629": {
                "car": {
                    "popGroup2": 10.796332121796484,
                    "popGroup4": 0.0,
                    "popGroup6": 0.0,
                    "popGroup10": 11.236302560450703,
                    "popGroup12": 0.0,
                    "popGroup14": 0.0
                },
                "publicTransport": {
                    "popGroup0": 0.0,
                    "popGroup1": 0.0,
                    "popGroup2": 0.8957432756792234,
                    "popGroup3": 2.6715056551730703,
                    "popGroup4": 0.0,
                    "popGroup5": 0.0,
                    "popGroup6": 0.0,
                    "popGroup7": 0.0,
                    "popGroup8": 0.0,
                    "popGroup9": 0.0,
                    "popGroup10": 0.9322324958404157,
                    "popGroup11": 3.04482547776779,
                    "popGroup12": 0.0,
                    "popGroup13": 0.0,
                    "popGroup14": 0.0,
                    "popGroup15": 0.0
                },
                "bicycle": {
                    "popGroup0": 0.0,
                    "popGroup1": 0.0,
                    "popGroup2": 0.5973988728089327,
                    "popGroup3": 1.7814317766850438,
                    "popGroup4": 0.0,
                    "popGroup5": 0.0,
                    "popGroup6": 0.0,
                    "popGroup7": 0.0,
                    "popGroup8": 0.0,
                    "popGroup9": 0.0,
                    "popGroup10": 0.6216605687027337,
                    "popGroup11": 2.0308186328253006,
                    "popGroup12": 0.0,
                    "popGroup13": 0.0,
                    "popGroup14": 0.0,
                    "popGroup15": 0.0
                },
                "walk": {
                    "popGroup0": 0.0,
                    "popGroup1": 0.0,
                    "popGroup2": 0.23542281202304172,
                    "popGroup3": 0.7017918285406749,
                    "popGroup4": 0.0,
                    "popGroup5": 0.0,
                    "popGroup6": 0.0,
                    "popGroup7": 0.0,
                    "popGroup8": 0.0,
                    "popGroup9": 0.0,
                    "popGroup10": 0.2449213576933681,
                    "popGroup11": 0.8004145940167523,
                    "popGroup12": 0.0,
                    "popGroup13": 0.0,
                    "popGroup14": 0.0,
                    "popGroup15": 0.0
                }
            },
            "60618": {
                "car": {
                    "popGroup2": 2.9358237840836794,
                    "popGroup4": 0.0,
                    "popGroup6": 0.0,
                    "popGroup10": 3.055509022280174,
                    "popGroup12": 0.0,
                    "popGroup14": 0.0
                },
                "publicTransport": {
                    "popGroup0": 0.0,
                    "popGroup1": 0.0,
                    "popGroup2": 0.2555711443154662,
                    "popGroup3": 0.7622541993008477,
                    "popGroup4": 0.0,
                    "popGroup5": 0.0,
                    "popGroup6": 0.0,
                    "popGroup7": 0.0,
                    "popGroup8": 0.0,
                    "popGroup9": 0.0,
                    "popGroup10": 0.26598939118043263,
                    "popGroup11": 0.8687289562470554,
                    "popGroup12": 0.0,
                    "popGroup13": 0.0,
                    "popGroup14": 0.0,
                    "popGroup15": 0.0
                },
                "bicycle": {
                    "popGroup0": 0.0,
                    "popGroup1": 0.0,
                    "popGroup2": 0.24618067399770655,
                    "popGroup3": 0.7342290803115403,
                    "popGroup4": 0.0,
                    "popGroup5": 0.0,
                    "popGroup6": 0.0,
                    "popGroup7": 0.0,
                    "popGroup8": 0.0,
                    "popGroup9": 0.0,
                    "popGroup10": 0.25621144239527205,
                    "popGroup11": 0.8368174185113535,
                    "popGroup12": 0.0,
                    "popGroup13": 0.0,
                    "popGroup14": 0.0,
                    "popGroup15": 0.0
                }
            },
            "61059": {
                "car": {
                    "popGroup2": 5.917142173081199,
                    "popGroup4": 0.0,
                    "popGroup6": 0.0,
                    "popGroup10": 6.158180660344173,
                    "popGroup12": 0.0,
                    "popGroup14": 0.0
                },
                "publicTransport": {
                    "popGroup0": 0.0,
                    "popGroup1": 0.0,
                    "popGroup2": 0.3985522763347129,
                    "popGroup3": 1.1885512218560301,
                    "popGroup4": 0.0,
                    "popGroup5": 0.0,
                    "popGroup6": 0.0,
                    "popGroup7": 0.0,
                    "popGroup8": 0.0,
                    "popGroup9": 0.0,
                    "popGroup10": 0.4147586632161363,
                    "popGroup11": 1.354816830070016,
                    "popGroup12": 0.0,
                    "popGroup13": 0.0,
                    "popGroup14": 0.0,
                    "popGroup15": 0.0
                }
            },
            "61001": {
                "car": {
                    "popGroup2": 0.9726058488133118,
                    "popGroup4": 0.0,
                    "popGroup6": 0.0,
                    "popGroup10": 1.0121953157253174,
                    "popGroup12": 0.0,
                    "popGroup14": 0.0
                },
                "publicTransport": {
                    "popGroup0": 0.0,
                    "popGroup1": 0.0,
                    "popGroup2": 0.07424718798732959,
                    "popGroup3": 0.22141497606366264,
                    "popGroup4": 0.0,
                    "popGroup5": 0.0,
                    "popGroup6": 0.0,
                    "popGroup7": 0.0,
                    "popGroup8": 0.0,
                    "popGroup9": 0.0,
                    "popGroup10": 0.0772655469780576,
                    "popGroup11": 0.2523931799109635,
                    "popGroup12": 0.0,
                    "popGroup13": 0.0,
                    "popGroup14": 0.0,
                    "popGroup15": 0.0
                }
            },
            "61055": {
                "car": {
                    "popGroup2": 1.0045066852585463,
                    "popGroup4": 0.0,
                    "popGroup6": 0.0,
                    "popGroup10": 1.0453763247766925,
                    "popGroup12": 0.0,
                    "popGroup14": 0.0
                },
                "publicTransport": {
                    "popGroup0": 0.0,
                    "popGroup1": 0.0,
                    "popGroup2": 0.07620299475978626,
                    "popGroup3": 0.2272327036494067,
                    "popGroup4": 0.0,
                    "popGroup5": 0.0,
                    "popGroup6": 0.0,
                    "popGroup7": 0.0,
                    "popGroup8": 0.0,
                    "popGroup9": 0.0,
                    "popGroup10": 0.07929693083929268,
                    "popGroup11": 0.2590485997752693,
                    "popGroup12": 0.0,
                    "popGroup13": 0.0,
                    "popGroup14": 0.0,
                    "popGroup15": 0.0
                }
            },
            "61021": {
                "car": {
                    "popGroup2": 5.526061332423944,
                    "popGroup4": 0.0,
                    "popGroup6": 0.0,
                    "popGroup10": 5.7511194915944115,
                    "popGroup12": 0.0,
                    "popGroup14": 0.0
                },
                "publicTransport": {
                    "popGroup0": 0.0,
                    "popGroup1": 0.0,
                    "popGroup2": 0.3592938831600446,
                    "popGroup3": 1.071440093728329,
                    "popGroup4": 0.0,
                    "popGroup5": 0.0,
                    "popGroup6": 0.0,
                    "popGroup7": 0.0,
                    "popGroup8": 0.0,
                    "popGroup9": 0.0,
                    "popGroup10": 0.3738943375663991,
                    "popGroup11": 1.2213808267484316,
                    "popGroup12": 0.0,
                    "popGroup13": 0.0,
                    "popGroup14": 0.0,
                    "popGroup15": 0.0
                }
            },
            "61017": {
                "car": {
                    "popGroup2": 0.8952856359595013,
                    "popGroup4": 0.0,
                    "popGroup6": 0.0,
                    "popGroup10": 0.9317380992921427,
                    "popGroup12": 0.0,
                    "popGroup14": 0.0
                },
                "publicTransport": {
                    "popGroup0": 0.0,
                    "popGroup1": 0.0,
                    "popGroup2": 0.056527274959641445,
                    "popGroup3": 0.16856283933348545,
                    "popGroup4": 0.0,
                    "popGroup5": 0.0,
                    "popGroup6": 0.0,
                    "popGroup7": 0.0,
                    "popGroup8": 0.0,
                    "popGroup9": 0.0,
                    "popGroup10": 0.05882286898474099,
                    "popGroup11": 0.1921609797167361,
                    "popGroup12": 0.0,
                    "popGroup13": 0.0,
                    "popGroup14": 0.0,
                    "popGroup15": 0.0
                }
            },
            "61020": {
                "car": {
                    "popGroup2": 1.3773493615504389,
                    "popGroup4": 0.0,
                    "popGroup6": 0.0,
                    "popGroup10": 1.4334291381867401,
                    "popGroup12": 0.0,
                    "popGroup14": 0.0
                },
                "publicTransport": {
                    "popGroup0": 0.0,
                    "popGroup1": 0.0,
                    "popGroup2": 0.08466783358672433,
                    "popGroup3": 0.25247672866844245,
                    "popGroup4": 0.0,
                    "popGroup5": 0.0,
                    "popGroup6": 0.0,
                    "popGroup7": 0.0,
                    "popGroup8": 0.0,
                    "popGroup9": 0.0,
                    "popGroup10": 0.08810608973612381,
                    "popGroup11": 0.2878233109597609,
                    "popGroup12": 0.0,
                    "popGroup13": 0.0,
                    "popGroup14": 0.0,
                    "popGroup15": 0.0
                }
            },
            "61012": {
                "car": {
                    "popGroup2": 2.787104644681068,
                    "popGroup4": 0.0,
                    "popGroup6": 0.0,
                    "popGroup10": 2.9005759095248838,
                    "popGroup12": 0.0,
                    "popGroup14": 0.0
                },
                "publicTransport": {
                    "popGroup0": 0.0,
                    "popGroup1": 0.0,
                    "popGroup2": 0.17095220095614502,
                    "popGroup3": 0.5097680441751871,
                    "popGroup4": 0.0,
                    "popGroup5": 0.0,
                    "popGroup6": 0.0,
                    "popGroup7": 0.0,
                    "popGroup8": 0.0,
                    "popGroup9": 0.0,
                    "popGroup10": 0.17789279516408932,
                    "popGroup11": 0.5811446857102738,
                    "popGroup12": 0.0,
                    "popGroup13": 0.0,
                    "popGroup14": 0.0,
                    "popGroup15": 0.0
                }
            },
            "61043": {
                "car": {
                    "popGroup2": 2.7553404400903068,
                    "popGroup4": 0.0,
                    "popGroup6": 0.0,
                    "popGroup10": 2.867510837662485,
                    "popGroup12": 0.0,
                    "popGroup14": 0.0
                },
                "publicTransport": {
                    "popGroup0": 0.0,
                    "popGroup1": 0.0,
                    "popGroup2": 0.16858207227028668,
                    "popGroup3": 0.502694564882569,
                    "popGroup4": 0.0,
                    "popGroup5": 0.0,
                    "popGroup6": 0.0,
                    "popGroup7": 0.0,
                    "popGroup8": 0.0,
                    "popGroup9": 0.0,
                    "popGroup10": 0.17542486342521266,
                    "popGroup11": 0.5730903104869933,
                    "popGroup12": 0.0,
                    "popGroup13": 0.0,
                    "popGroup14": 0.0,
                    "popGroup15": 0.0
                }
            },
            "61053": {
                "car": {
                    "popGroup2": 20.74934970102431,
                    "popGroup4": 0.0,
                    "popGroup6": 0.0,
                    "popGroup10": 21.59417332594556,
                    "popGroup12": 0.0,
                    "popGroup14": 0.0
                },
                "publicTransport": {
                    "popGroup0": 0.0,
                    "popGroup1": 0.0,
                    "popGroup2": 1.1597976051094252,
                    "popGroup3": 3.458354376085481,
                    "popGroup4": 0.0,
                    "popGroup5": 0.0,
                    "popGroup6": 0.0,
                    "popGroup7": 0.0,
                    "popGroup8": 0.0,
                    "popGroup9": 0.0,
                    "popGroup10": 1.2068623873714068,
                    "popGroup11": 3.9427219979268884,
                    "popGroup12": 0.0,
                    "popGroup13": 0.0,
                    "popGroup14": 0.0,
                    "popGroup15": 0.0
                }
            },
            "61027": {
                "car": {
                    "popGroup2": 1.3876636827812323,
                    "popGroup4": 0.0,
                    "popGroup6": 0.0,
                    "popGroup10": 1.444155717206184,
                    "popGroup12": 0.0,
                    "popGroup14": 0.0
                },
                "publicTransport": {
                    "popGroup0": 0.0,
                    "popGroup1": 0.0,
                    "popGroup2": 0.08490247370296303,
                    "popGroup3": 0.25317052697712805,
                    "popGroup4": 0.0,
                    "popGroup5": 0.0,
                    "popGroup6": 0.0,
                    "popGroup7": 0.0,
                    "popGroup8": 0.0,
                    "popGroup9": 0.0,
                    "popGroup10": 0.0883486876939413,
                    "popGroup11": 0.2886237211364547,
                    "popGroup12": 0.0,
                    "popGroup13": 0.0,
                    "popGroup14": 0.0,
                    "popGroup15": 0.0
                }
            },
            "61016": {
                "car": {
                    "popGroup2": 0.9152389285446433,
                    "popGroup4": 0.0,
                    "popGroup6": 0.0,
                    "popGroup10": 0.9524819836626675,
                    "popGroup12": 0.0,
                    "popGroup14": 0.0
                },
                "publicTransport": {
                    "popGroup0": 0.0,
                    "popGroup1": 0.0,
                    "popGroup2": 0.0547650437061966,
                    "popGroup3": 0.16328912593868986,
                    "popGroup4": 0.0,
                    "popGroup5": 0.0,
                    "popGroup6": 0.0,
                    "popGroup7": 0.0,
                    "popGroup8": 0.0,
                    "popGroup9": 0.0,
                    "popGroup10": 0.05698406407804003,
                    "popGroup11": 0.18617920126512785,
                    "popGroup12": 0.0,
                    "popGroup13": 0.0,
                    "popGroup14": 0.0,
                    "popGroup15": 0.0
                }
            },
            "61045": {
                "car": {
                    "popGroup2": 4.892512835406861,
                    "popGroup4": 0.0,
                    "popGroup6": 0.0,
                    "popGroup10": 5.091676306414585,
                    "popGroup12": 0.0,
                    "popGroup14": 0.0
                },
                "publicTransport": {
                    "popGroup0": 0.0,
                    "popGroup1": 0.0,
                    "popGroup2": 0.25820761997208,
                    "popGroup3": 0.7699206037964075,
                    "popGroup4": 0.0,
                    "popGroup5": 0.0,
                    "popGroup6": 0.0,
                    "popGroup7": 0.0,
                    "popGroup8": 0.0,
                    "popGroup9": 0.0,
                    "popGroup10": 0.26868081387389636,
                    "popGroup11": 0.8777832383527705,
                    "popGroup12": 0.0,
                    "popGroup13": 0.0,
                    "popGroup14": 0.0,
                    "popGroup15": 0.0
                }
            },
            "61008": {
                "car": {
                    "popGroup2": 1.6911987068494572,
                    "popGroup4": 0.0,
                    "popGroup6": 0.0,
                    "popGroup10": 1.760030424396231,
                    "popGroup12": 0.0,
                    "popGroup14": 0.0
                },
                "publicTransport": {
                    "popGroup0": 0.0,
                    "popGroup1": 0.0,
                    "popGroup2": 0.09588283964903964,
                    "popGroup3": 0.2858910272568517,
                    "popGroup4": 0.0,
                    "popGroup5": 0.0,
                    "popGroup6": 0.0,
                    "popGroup7": 0.0,
                    "popGroup8": 0.0,
                    "popGroup9": 0.0,
                    "popGroup10": 0.0997689287287061,
                    "popGroup11": 0.32596143335934297,
                    "popGroup12": 0.0,
                    "popGroup13": 0.0,
                    "popGroup14": 0.0,
                    "popGroup15": 0.0
                }
            },
            "61050": {
                "car": {
                    "popGroup2": 2.649294403269932,
                    "popGroup4": 0.0,
                    "popGroup6": 0.0,
                    "popGroup10": 2.757024334929309,
                    "popGroup12": 0.0,
                    "popGroup14": 0.0
                },
                "publicTransport": {
                    "popGroup0": 0.0,
                    "popGroup1": 0.0,
                    "popGroup2": 0.12498366988229474,
                    "popGroup3": 0.37265633549019694,
                    "popGroup4": 0.0,
                    "popGroup5": 0.0,
                    "popGroup6": 0.0,
                    "popGroup7": 0.0,
                    "popGroup8": 0.0,
                    "popGroup9": 0.0,
                    "popGroup10": 0.1300481959115733,
                    "popGroup11": 0.424893820543223,
                    "popGroup12": 0.0,
                    "popGroup13": 0.0,
                    "popGroup14": 0.0,
                    "popGroup15": 0.0
                }
            },
            "61049": {
                "car": {
                    "popGroup2": 2.043951853665383,
                    "popGroup4": 0.0,
                    "popGroup6": 0.0,
                    "popGroup10": 2.127096006520034,
                    "popGroup12": 0.0,
                    "popGroup14": 0.0
                },
                "publicTransport": {
                    "popGroup0": 0.0,
                    "popGroup1": 0.0,
                    "popGroup2": 0.10301519099141869,
                    "popGroup3": 0.3071575932729364,
                    "popGroup4": 0.0,
                    "popGroup5": 0.0,
                    "popGroup6": 0.0,
                    "popGroup7": 0.0,
                    "popGroup8": 0.0,
                    "popGroup9": 0.0,
                    "popGroup10": 0.10719041646569424,
                    "popGroup11": 0.350208320611222,
                    "popGroup12": 0.0,
                    "popGroup13": 0.0,
                    "popGroup14": 0.0,
                    "popGroup15": 0.0
                }
            },
            "61058": {
                "car": {
                    "popGroup2": 4.20210153415315,
                    "popGroup4": 0.0,
                    "popGroup6": 0.0,
                    "popGroup10": 4.373140223190584,
                    "popGroup12": 0.0,
                    "popGroup14": 0.0
                },
                "publicTransport": {
                    "popGroup0": 0.0,
                    "popGroup1": 0.0,
                    "popGroup2": 0.1997973943880907,
                    "popGroup3": 0.5956808015555971,
                    "popGroup4": 0.0,
                    "popGroup5": 0.0,
                    "popGroup6": 0.0,
                    "popGroup7": 0.0,
                    "popGroup8": 0.0,
                    "popGroup9": 0.0,
                    "popGroup10": 0.20788198180156095,
                    "popGroup11": 0.6792504158560213,
                    "popGroup12": 0.0,
                    "popGroup13": 0.0,
                    "popGroup14": 0.0,
                    "popGroup15": 0.0
                }
            },
            "62347": {
                "car": {
                    "popGroup2": 0.5047811409372057,
                    "popGroup4": 0.0,
                    "popGroup6": 0.0,
                    "popGroup10": 0.5253226101977879,
                    "popGroup12": 0.0,
                    "popGroup14": 0.0
                },
                "publicTransport": {
                    "popGroup0": 0.0,
                    "popGroup1": 0.0,
                    "popGroup2": 0.022646479272914646,
                    "popGroup3": 0.06751593177410792,
                    "popGroup4": 0.0,
                    "popGroup5": 0.0,
                    "popGroup6": 0.0,
                    "popGroup7": 0.0,
                    "popGroup8": 0.0,
                    "popGroup9": 0.0,
                    "popGroup10": 0.023562089899617143,
                    "popGroup11": 0.07699247566247355,
                    "popGroup12": 0.0,
                    "popGroup13": 0.0,
                    "popGroup14": 0.0,
                    "popGroup15": 0.0
                }
            }
        }
    }
}