{
    "Sum_Trips_per_Mode": {
        "work": {
            "60101": {
                "car": 1487.4502631127466,
                "publicTransport": 227.61945815344114
            },
            "60669": {
                "car": 69.591490150678,
                "publicTransport": 55.16990924419112
            },
            "60608": {
                "car": 28.65080545384009,
                "publicTransport": 21.7980328983099
            },
            "60611": {
                "car": 12.429676558823228,
                "publicTransport": 9.255002632322572
            },
            "60670": {
                "car": 54.30962629001252,
                "publicTransport": 42.81588191652039
            },
            "60662": {
                "car": 8.912586680199407,
                "publicTransport": 6.435632906298525
            },
            "60656": {
                "car": 10.591957314960798,
                "publicTransport": 8.409405620993487
            },
            "60655": {
                "car": 15.028371600180094,
                "publicTransport": 11.425097887458666
            },
            "60624": {
                "car": 35.92861508475548,
                "publicTransport": 27.609615773540927
            },
            "60660": {
                "car": 13.99400312420897,
                "publicTransport": 11.44437951994356,
                "bicycle": 7.233488060401987
            },
            "60629": {
                "car": 19.00231662624961,
                "publicTransport": 17.826862102133983,
                "bicycle": 11.888801865218253,
                "walk": 4.68472872975429
            },
            "60618": {
                "car": 6.936109884243841,
                "publicTransport": 5.575429199974199,
                "bicycle": 4.899442104756381
            },
            "61059": {
                "car": 13.076074297196769,
                "publicTransport": 5.5986251236738855
            },
            "61001": {
                "car": 2.0804066281428986,
                "publicTransport": 1.1010310610337894
            },
            "61055": {
                "car": 2.083173766952079,
                "publicTransport": 1.2472130302941156
            },
            "61021": {
                "car": 11.81963973343101,
                "publicTransport": 4.818769684220092
            },
            "61017": {
                "car": 1.9111535910906685,
                "publicTransport": 0.9117474250297616
            },
            "61020": {
                "car": 2.894798215758054,
                "publicTransport": 1.2452804234870531
            },
            "61012": {
                "car": 5.783186160273381,
                "publicTransport": 2.542539072567056
            },
            "61043": {
                "car": 5.724047205240911,
                "publicTransport": 2.559430188280511
            },
            "61053": {
                "car": 42.90374639019603,
                "publicTransport": 18.22484750160379
            },
            "61027": {
                "car": 2.8892089559012333,
                "publicTransport": 1.2906607594092319
            },
            "61016": {
                "car": 1.8316417552679356,
                "publicTransport": 0.9288975112649536
            },
            "61045": {
                "car": 9.96287084100463,
                "publicTransport": 4.2480454338964675
            },
            "61008": {
                "car": 3.4081115877009376,
                "publicTransport": 1.61042981676653
            },
            "61050": {
                "car": 5.239658613683582,
                "publicTransport": 2.1991421353114347
            },
            "61049": {
                "car": 4.082913238120366,
                "publicTransport": 1.769948296849888
            },
            "61058": {
                "car": 8.393970833285216,
                "publicTransport": 3.592357086506963
            },
            "62347": {
                "car": 0.994960964646497,
                "publicTransport": 0.4197142982399072
            }
        }
    },
    "Trips_per_group": {
        "work": {
            "60101": {
                "car": {
                    "popGroup2": 728.947169340865,
                    "popGroup4": 0.0,
                    "popGroup6": 0.0,
                    "popGroup10": 758.5030937718816,
                    "popGroup12": 0.0,
                    "popGroup14": 0.0
                },
                "publicTransport": {
                    "popGroup0": 0.0,
                    "popGroup1": 0.0,
                    "popGroup2": 22.223345739148314,
                    "popGroup3": 85.18940442740133,
                    "popGroup4": 0.0,
                    "popGroup5": 0.0,
                    "popGroup6": 0.0,
                    "popGroup7": 0.0,
                    "popGroup8": 0.0,
                    "popGroup9": 0.0,
                    "popGroup10": 23.12718353444538,
                    "popGroup11": 97.07952445244612,
                    "popGroup12": 0.0,
                    "popGroup13": 0.0,
                    "popGroup14": 0.0,
                    "popGroup15": 0.0
                }
            },
            "60669": {
                "car": {
                    "popGroup2": 34.103972013449564,
                    "popGroup4": 0.0,
                    "popGroup6": 0.0,
                    "popGroup10": 35.48751813722844,
                    "popGroup12": 0.0,
                    "popGroup14": 0.0
                },
                "publicTransport": {
                    "popGroup0": 0.0,
                    "popGroup1": 0.0,
                    "popGroup2": 2.380408480521041,
                    "popGroup3": 23.518352423255333,
                    "popGroup4": 0.0,
                    "popGroup5": 0.0,
                    "popGroup6": 0.0,
                    "popGroup7": 0.0,
                    "popGroup8": 0.0,
                    "popGroup9": 0.0,
                    "popGroup10": 2.477108076056087,
                    "popGroup11": 26.794040264358653,
                    "popGroup12": 0.0,
                    "popGroup13": 0.0,
                    "popGroup14": 0.0,
                    "popGroup15": 0.0
                }
            },
            "60608": {
                "car": {
                    "popGroup2": 14.040663335440463,
                    "popGroup4": 0.0,
                    "popGroup6": 0.0,
                    "popGroup10": 14.610142118399626,
                    "popGroup12": 0.0,
                    "popGroup14": 0.0
                },
                "publicTransport": {
                    "popGroup0": 0.0,
                    "popGroup1": 0.0,
                    "popGroup2": 0.9556595394063762,
                    "popGroup3": 9.277705585818783,
                    "popGroup4": 0.0,
                    "popGroup5": 0.0,
                    "popGroup6": 0.0,
                    "popGroup7": 0.0,
                    "popGroup8": 0.0,
                    "popGroup9": 0.0,
                    "popGroup10": 0.9944644584326227,
                    "popGroup11": 10.570203314652115,
                    "popGroup12": 0.0,
                    "popGroup13": 0.0,
                    "popGroup14": 0.0,
                    "popGroup15": 0.0
                }
            },
            "60611": {
                "car": {
                    "popGroup2": 6.091381951459672,
                    "popGroup4": 0.0,
                    "popGroup6": 0.0,
                    "popGroup10": 6.338294607363556,
                    "popGroup12": 0.0,
                    "popGroup14": 0.0
                },
                "publicTransport": {
                    "popGroup0": 0.0,
                    "popGroup1": 0.0,
                    "popGroup2": 0.4133181665690381,
                    "popGroup3": 3.9317296566172812,
                    "popGroup4": 0.0,
                    "popGroup5": 0.0,
                    "popGroup6": 0.0,
                    "popGroup7": 0.0,
                    "popGroup8": 0.0,
                    "popGroup9": 0.0,
                    "popGroup10": 0.430080295114688,
                    "popGroup11": 4.479874514021566,
                    "popGroup12": 0.0,
                    "popGroup13": 0.0,
                    "popGroup14": 0.0,
                    "popGroup15": 0.0
                }
            },
            "60670": {
                "car": {
                    "popGroup2": 26.615014835816314,
                    "popGroup4": 0.0,
                    "popGroup6": 0.0,
                    "popGroup10": 27.694611454196203,
                    "popGroup12": 0.0,
                    "popGroup14": 0.0
                },
                "publicTransport": {
                    "popGroup0": 0.0,
                    "popGroup1": 0.0,
                    "popGroup2": 1.8886150741495684,
                    "popGroup3": 18.2125531971364,
                    "popGroup4": 0.0,
                    "popGroup5": 0.0,
                    "popGroup6": 0.0,
                    "popGroup7": 0.0,
                    "popGroup8": 0.0,
                    "popGroup9": 0.0,
                    "popGroup10": 1.965297737184318,
                    "popGroup11": 20.7494159080501,
                    "popGroup12": 0.0,
                    "popGroup13": 0.0,
                    "popGroup14": 0.0,
                    "popGroup15": 0.0
                }
            },
            "60662": {
                "car": {
                    "popGroup2": 4.367764620378696,
                    "popGroup4": 0.0,
                    "popGroup6": 0.0,
                    "popGroup10": 4.544822059820712,
                    "popGroup12": 0.0,
                    "popGroup14": 0.0
                },
                "publicTransport": {
                    "popGroup0": 0.0,
                    "popGroup1": 0.0,
                    "popGroup2": 0.2809955499954895,
                    "popGroup3": 2.7401386963661762,
                    "popGroup4": 0.0,
                    "popGroup5": 0.0,
                    "popGroup6": 0.0,
                    "popGroup7": 0.0,
                    "popGroup8": 0.0,
                    "popGroup9": 0.0,
                    "popGroup10": 0.292392156504444,
                    "popGroup11": 3.1221065034324154,
                    "popGroup12": 0.0,
                    "popGroup13": 0.0,
                    "popGroup14": 0.0,
                    "popGroup15": 0.0
                }
            },
            "60656": {
                "car": {
                    "popGroup2": 5.190717969059703,
                    "popGroup4": 0.0,
                    "popGroup6": 0.0,
                    "popGroup10": 5.401239345901095,
                    "popGroup12": 0.0,
                    "popGroup14": 0.0
                },
                "publicTransport": {
                    "popGroup0": 0.0,
                    "popGroup1": 0.0,
                    "popGroup2": 0.371424394011896,
                    "popGroup3": 3.5766005145259863,
                    "popGroup4": 0.0,
                    "popGroup5": 0.0,
                    "popGroup6": 0.0,
                    "popGroup7": 0.0,
                    "popGroup8": 0.0,
                    "popGroup9": 0.0,
                    "popGroup10": 0.3865003202042274,
                    "popGroup11": 4.074880392251377,
                    "popGroup12": 0.0,
                    "popGroup13": 0.0,
                    "popGroup14": 0.0,
                    "popGroup15": 0.0
                }
            },
            "60655": {
                "car": {
                    "popGroup2": 7.364869056021816,
                    "popGroup4": 0.0,
                    "popGroup6": 0.0,
                    "popGroup10": 7.663502544158278,
                    "popGroup12": 0.0,
                    "popGroup14": 0.0
                },
                "publicTransport": {
                    "popGroup0": 0.0,
                    "popGroup1": 0.0,
                    "popGroup2": 0.507327297534167,
                    "popGroup3": 4.856550879035317,
                    "popGroup4": 0.0,
                    "popGroup5": 0.0,
                    "popGroup6": 0.0,
                    "popGroup7": 0.0,
                    "popGroup8": 0.0,
                    "popGroup9": 0.0,
                    "popGroup10": 0.5279107037395848,
                    "popGroup11": 5.533309007149597,
                    "popGroup12": 0.0,
                    "popGroup13": 0.0,
                    "popGroup14": 0.0,
                    "popGroup15": 0.0
                }
            },
            "60624": {
                "car": {
                    "popGroup2": 17.60735574656014,
                    "popGroup4": 0.0,
                    "popGroup6": 0.0,
                    "popGroup10": 18.32125933819534,
                    "popGroup12": 0.0,
                    "popGroup14": 0.0
                },
                "publicTransport": {
                    "popGroup0": 0.0,
                    "popGroup1": 0.0,
                    "popGroup2": 1.22709313628164,
                    "popGroup3": 11.7350977465147,
                    "popGroup4": 0.0,
                    "popGroup5": 0.0,
                    "popGroup6": 0.0,
                    "popGroup7": 0.0,
                    "popGroup8": 0.0,
                    "popGroup9": 0.0,
                    "popGroup10": 1.2768750540624,
                    "popGroup11": 13.370549836682187,
                    "popGroup12": 0.0,
                    "popGroup13": 0.0,
                    "popGroup14": 0.0,
                    "popGroup15": 0.0
                }
            },
            "60660": {
                "car": {
                    "popGroup2": 6.857893306034019,
                    "popGroup4": 0.0,
                    "popGroup6": 0.0,
                    "popGroup10": 7.136109818174949,
                    "popGroup12": 0.0,
                    "popGroup14": 0.0
                },
                "publicTransport": {
                    "popGroup0": 0.0,
                    "popGroup1": 0.0,
                    "popGroup2": 0.5019332964624695,
                    "popGroup3": 4.870875266017068,
                    "popGroup4": 0.0,
                    "popGroup5": 0.0,
                    "popGroup6": 0.0,
                    "popGroup7": 0.0,
                    "popGroup8": 0.0,
                    "popGroup9": 0.0,
                    "popGroup10": 0.5223169805731999,
                    "popGroup11": 5.549253976890822,
                    "popGroup12": 0.0,
                    "popGroup13": 0.0,
                    "popGroup14": 0.0,
                    "popGroup15": 0.0
                },
                "bicycle": {
                    "popGroup0": 0.0,
                    "popGroup1": 0.0,
                    "popGroup2": 0.3135074618314282,
                    "popGroup3": 3.0819638537979115,
                    "popGroup4": 0.0,
                    "popGroup5": 0.0,
                    "popGroup6": 0.0,
                    "popGroup7": 0.0,
                    "popGroup8": 0.0,
                    "popGroup9": 0.0,
                    "popGroup10": 0.32619294379488567,
                    "popGroup11": 3.511823800977762,
                    "popGroup12": 0.0,
                    "popGroup13": 0.0,
                    "popGroup14": 0.0,
                    "popGroup15": 0.0
                }
            },
            "60629": {
                "car": {
                    "popGroup2": 9.312235926562032,
                    "popGroup4": 0.0,
                    "popGroup6": 0.0,
                    "popGroup10": 9.690080699687577,
                    "popGroup12": 0.0,
                    "popGroup14": 0.0
                },
                "publicTransport": {
                    "popGroup0": 0.0,
                    "popGroup1": 0.0,
                    "popGroup2": 0.7726117183738914,
                    "popGroup3": 7.596151413152528,
                    "popGroup4": 0.0,
                    "popGroup5": 0.0,
                    "popGroup6": 0.0,
                    "popGroup7": 0.0,
                    "popGroup8": 0.0,
                    "popGroup9": 0.0,
                    "popGroup10": 0.803948457863745,
                    "popGroup11": 8.654150512743819,
                    "popGroup12": 0.0,
                    "popGroup13": 0.0,
                    "popGroup14": 0.0,
                    "popGroup15": 0.0
                },
                "bicycle": {
                    "popGroup0": 0.0,
                    "popGroup1": 0.0,
                    "popGroup2": 0.5152786319557308,
                    "popGroup3": 5.065317934737541,
                    "popGroup4": 0.0,
                    "popGroup5": 0.0,
                    "popGroup6": 0.0,
                    "popGroup7": 0.0,
                    "popGroup8": 0.0,
                    "popGroup9": 0.0,
                    "popGroup10": 0.5361141751154067,
                    "popGroup11": 5.772091123409575,
                    "popGroup12": 0.0,
                    "popGroup13": 0.0,
                    "popGroup14": 0.0,
                    "popGroup15": 0.0
                },
                "walk": {
                    "popGroup0": 0.0,
                    "popGroup1": 0.0,
                    "popGroup2": 0.2030608861714448,
                    "popGroup3": 1.995472844979918,
                    "popGroup4": 0.0,
                    "popGroup5": 0.0,
                    "popGroup6": 0.0,
                    "popGroup7": 0.0,
                    "popGroup8": 0.0,
                    "popGroup9": 0.0,
                    "popGroup10": 0.21121785465970822,
                    "popGroup11": 2.2749771439432185,
                    "popGroup12": 0.0,
                    "popGroup13": 0.0,
                    "popGroup14": 0.0,
                    "popGroup15": 0.0
                }
            },
            "60618": {
                "car": {
                    "popGroup2": 3.399079181580509,
                    "popGroup4": 0.0,
                    "popGroup6": 0.0,
                    "popGroup10": 3.5370307026633316,
                    "popGroup12": 0.0,
                    "popGroup14": 0.0
                },
                "publicTransport": {
                    "popGroup0": 0.0,
                    "popGroup1": 0.0,
                    "popGroup2": 0.24491831727898988,
                    "popGroup3": 2.3726555155919926,
                    "popGroup4": 0.0,
                    "popGroup5": 0.0,
                    "popGroup6": 0.0,
                    "popGroup7": 0.0,
                    "popGroup8": 0.0,
                    "popGroup9": 0.0,
                    "popGroup10": 0.25487062444876124,
                    "popGroup11": 2.702984742654455,
                    "popGroup12": 0.0,
                    "popGroup13": 0.0,
                    "popGroup14": 0.0,
                    "popGroup15": 0.0
                },
                "bicycle": {
                    "popGroup0": 0.0,
                    "popGroup1": 0.0,
                    "popGroup2": 0.21233994017268457,
                    "popGroup3": 2.0877048323616103,
                    "popGroup4": 0.0,
                    "popGroup5": 0.0,
                    "popGroup6": 0.0,
                    "popGroup7": 0.0,
                    "popGroup8": 0.0,
                    "popGroup9": 0.0,
                    "popGroup10": 0.220954316567812,
                    "popGroup11": 2.378443015654274,
                    "popGroup12": 0.0,
                    "popGroup13": 0.0,
                    "popGroup14": 0.0,
                    "popGroup15": 0.0
                }
            },
            "61059": {
                "car": {
                    "popGroup2": 6.408114347938628,
                    "popGroup4": 0.0,
                    "popGroup6": 0.0,
                    "popGroup10": 6.667959949258141,
                    "popGroup12": 0.0,
                    "popGroup14": 0.0
                },
                "publicTransport": {
                    "popGroup0": 0.0,
                    "popGroup1": 0.0,
                    "popGroup2": 0.2682716259903042,
                    "popGroup3": 2.361075549919077,
                    "popGroup4": 0.0,
                    "popGroup5": 0.0,
                    "popGroup6": 0.0,
                    "popGroup7": 0.0,
                    "popGroup8": 0.0,
                    "popGroup9": 0.0,
                    "popGroup10": 0.2791567471890869,
                    "popGroup11": 2.690121200575417,
                    "popGroup12": 0.0,
                    "popGroup13": 0.0,
                    "popGroup14": 0.0,
                    "popGroup15": 0.0
                }
            },
            "61001": {
                "car": {
                    "popGroup2": 1.0195493117577281,
                    "popGroup4": 0.0,
                    "popGroup6": 0.0,
                    "popGroup10": 1.0608573163851707,
                    "popGroup12": 0.0,
                    "popGroup14": 0.0
                },
                "publicTransport": {
                    "popGroup0": 0.0,
                    "popGroup1": 0.0,
                    "popGroup2": 0.05168213324583934,
                    "popGroup3": 0.4653531124885723,
                    "popGroup4": 0.0,
                    "popGroup5": 0.0,
                    "popGroup6": 0.0,
                    "popGroup7": 0.0,
                    "popGroup8": 0.0,
                    "popGroup9": 0.0,
                    "popGroup10": 0.05377845722312256,
                    "popGroup11": 0.5302173580762554,
                    "popGroup12": 0.0,
                    "popGroup13": 0.0,
                    "popGroup14": 0.0,
                    "popGroup15": 0.0
                }
            },
            "61055": {
                "car": {
                    "popGroup2": 1.0209139448837474,
                    "popGroup4": 0.0,
                    "popGroup6": 0.0,
                    "popGroup10": 1.0622598220683317,
                    "popGroup12": 0.0,
                    "popGroup14": 0.0
                },
                "publicTransport": {
                    "popGroup0": 0.0,
                    "popGroup1": 0.0,
                    "popGroup2": 0.05653112386217146,
                    "popGroup3": 0.5290321198004462,
                    "popGroup4": 0.0,
                    "popGroup5": 0.0,
                    "popGroup6": 0.0,
                    "popGroup7": 0.0,
                    "popGroup8": 0.0,
                    "popGroup9": 0.0,
                    "popGroup10": 0.05882114603059394,
                    "popGroup11": 0.6028286406009039,
                    "popGroup12": 0.0,
                    "popGroup13": 0.0,
                    "popGroup14": 0.0,
                    "popGroup15": 0.0
                }
            },
            "61021": {
                "car": {
                    "popGroup2": 5.79240313397504,
                    "popGroup4": 0.0,
                    "popGroup6": 0.0,
                    "popGroup10": 6.027236599455971,
                    "popGroup12": 0.0,
                    "popGroup14": 0.0
                },
                "publicTransport": {
                    "popGroup0": 0.0,
                    "popGroup1": 0.0,
                    "popGroup2": 0.23229644007784364,
                    "popGroup3": 2.030845092843069,
                    "popGroup4": 0.0,
                    "popGroup5": 0.0,
                    "popGroup6": 0.0,
                    "popGroup7": 0.0,
                    "popGroup8": 0.0,
                    "popGroup9": 0.0,
                    "popGroup10": 0.24171091387885088,
                    "popGroup11": 2.3139172374203287,
                    "popGroup12": 0.0,
                    "popGroup13": 0.0,
                    "popGroup14": 0.0,
                    "popGroup15": 0.0
                }
            },
            "61017": {
                "car": {
                    "popGroup2": 0.9365969418781968,
                    "popGroup4": 0.0,
                    "popGroup6": 0.0,
                    "popGroup10": 0.9745566492124719,
                    "popGroup12": 0.0,
                    "popGroup14": 0.0
                },
                "publicTransport": {
                    "popGroup0": 0.0,
                    "popGroup1": 0.0,
                    "popGroup2": 0.04152325920591844,
                    "popGroup3": 0.3865522299857284,
                    "popGroup4": 0.0,
                    "popGroup5": 0.0,
                    "popGroup6": 0.0,
                    "popGroup7": 0.0,
                    "popGroup8": 0.0,
                    "popGroup9": 0.0,
                    "popGroup10": 0.043205699975753055,
                    "popGroup11": 0.44046623586236167,
                    "popGroup12": 0.0,
                    "popGroup13": 0.0,
                    "popGroup14": 0.0,
                    "popGroup15": 0.0
                }
            },
            "61020": {
                "car": {
                    "popGroup2": 1.4186496945759788,
                    "popGroup4": 0.0,
                    "popGroup6": 0.0,
                    "popGroup10": 1.476148521182075,
                    "popGroup12": 0.0,
                    "popGroup14": 0.0
                },
                "publicTransport": {
                    "popGroup0": 0.0,
                    "popGroup1": 0.0,
                    "popGroup2": 0.05819463084219007,
                    "popGroup3": 0.5265540520394418,
                    "popGroup4": 0.0,
                    "popGroup5": 0.0,
                    "popGroup6": 0.0,
                    "popGroup7": 0.0,
                    "popGroup8": 0.0,
                    "popGroup9": 0.0,
                    "popGroup10": 0.06055151974140631,
                    "popGroup11": 0.599980220864015,
                    "popGroup12": 0.0,
                    "popGroup13": 0.0,
                    "popGroup14": 0.0,
                    "popGroup15": 0.0
                }
            },
            "61012": {
                "car": {
                    "popGroup2": 2.8341608570169528,
                    "popGroup4": 0.0,
                    "popGroup6": 0.0,
                    "popGroup10": 2.9490253032564278,
                    "popGroup12": 0.0,
                    "popGroup14": 0.0
                },
                "publicTransport": {
                    "popGroup0": 0.0,
                    "popGroup1": 0.0,
                    "popGroup2": 0.11812914313763018,
                    "popGroup3": 1.075736632372692,
                    "popGroup4": 0.0,
                    "popGroup5": 0.0,
                    "popGroup6": 0.0,
                    "popGroup7": 0.0,
                    "popGroup8": 0.0,
                    "popGroup9": 0.0,
                    "popGroup10": 0.12291178286885338,
                    "popGroup11": 1.2257615141878806,
                    "popGroup12": 0.0,
                    "popGroup13": 0.0,
                    "popGroup14": 0.0,
                    "popGroup15": 0.0
                }
            },
            "61043": {
                "car": {
                    "popGroup2": 2.8051829099167,
                    "popGroup4": 0.0,
                    "popGroup6": 0.0,
                    "popGroup10": 2.918864295324211,
                    "popGroup12": 0.0,
                    "popGroup14": 0.0
                },
                "publicTransport": {
                    "popGroup0": 0.0,
                    "popGroup1": 0.0,
                    "popGroup2": 0.118306291134888,
                    "popGroup3": 1.0834523979807642,
                    "popGroup4": 0.0,
                    "popGroup5": 0.0,
                    "popGroup6": 0.0,
                    "popGroup7": 0.0,
                    "popGroup8": 0.0,
                    "popGroup9": 0.0,
                    "popGroup10": 0.12309551036380839,
                    "popGroup11": 1.2345759888010504,
                    "popGroup12": 0.0,
                    "popGroup13": 0.0,
                    "popGroup14": 0.0,
                    "popGroup15": 0.0
                }
            },
            "61053": {
                "car": {
                    "popGroup2": 21.0257610258096,
                    "popGroup4": 0.0,
                    "popGroup6": 0.0,
                    "popGroup10": 21.877985364386426,
                    "popGroup12": 0.0,
                    "popGroup14": 0.0
                },
                "publicTransport": {
                    "popGroup0": 0.0,
                    "popGroup1": 0.0,
                    "popGroup2": 0.8317214901937096,
                    "popGroup3": 7.72502219960592,
                    "popGroup4": 0.0,
                    "popGroup5": 0.0,
                    "popGroup6": 0.0,
                    "popGroup7": 0.0,
                    "popGroup8": 0.0,
                    "popGroup9": 0.0,
                    "popGroup10": 0.8653762377280014,
                    "popGroup11": 8.802727574076158,
                    "popGroup12": 0.0,
                    "popGroup13": 0.0,
                    "popGroup14": 0.0,
                    "popGroup15": 0.0
                }
            },
            "61027": {
                "car": {
                    "popGroup2": 1.4159142851323794,
                    "popGroup4": 0.0,
                    "popGroup6": 0.0,
                    "popGroup10": 1.473294670768854,
                    "popGroup12": 0.0,
                    "popGroup14": 0.0
                },
                "publicTransport": {
                    "popGroup0": 0.0,
                    "popGroup1": 0.0,
                    "popGroup2": 0.05966014885196472,
                    "popGroup3": 0.5463585291160893,
                    "popGroup4": 0.0,
                    "popGroup5": 0.0,
                    "popGroup6": 0.0,
                    "popGroup7": 0.0,
                    "popGroup8": 0.0,
                    "popGroup9": 0.0,
                    "popGroup10": 0.06207533521047487,
                    "popGroup11": 0.622566746230703,
                    "popGroup12": 0.0,
                    "popGroup13": 0.0,
                    "popGroup14": 0.0,
                    "popGroup15": 0.0
                }
            },
            "61016": {
                "car": {
                    "popGroup2": 0.8976390979559117,
                    "popGroup4": 0.0,
                    "popGroup6": 0.0,
                    "popGroup10": 0.934002657312024,
                    "popGroup12": 0.0,
                    "popGroup14": 0.0
                },
                "publicTransport": {
                    "popGroup0": 0.0,
                    "popGroup1": 0.0,
                    "popGroup2": 0.04151676795708889,
                    "popGroup3": 0.3945459063757584,
                    "popGroup4": 0.0,
                    "popGroup5": 0.0,
                    "popGroup6": 0.0,
                    "popGroup7": 0.0,
                    "popGroup8": 0.0,
                    "popGroup9": 0.0,
                    "popGroup10": 0.04319451664612681,
                    "popGroup11": 0.44964032028597944,
                    "popGroup12": 0.0,
                    "popGroup13": 0.0,
                    "popGroup14": 0.0,
                    "popGroup15": 0.0
                }
            },
            "61045": {
                "car": {
                    "popGroup2": 4.882503496470305,
                    "popGroup4": 0.0,
                    "popGroup6": 0.0,
                    "popGroup10": 5.080367344534325,
                    "popGroup12": 0.0,
                    "popGroup14": 0.0
                },
                "publicTransport": {
                    "popGroup0": 0.0,
                    "popGroup1": 0.0,
                    "popGroup2": 0.19113400573289957,
                    "popGroup3": 1.8032011193546895,
                    "popGroup4": 0.0,
                    "popGroup5": 0.0,
                    "popGroup6": 0.0,
                    "popGroup7": 0.0,
                    "popGroup8": 0.0,
                    "popGroup9": 0.0,
                    "popGroup10": 0.19886386147218701,
                    "popGroup11": 2.054846447336691,
                    "popGroup12": 0.0,
                    "popGroup13": 0.0,
                    "popGroup14": 0.0,
                    "popGroup15": 0.0
                }
            },
            "61008": {
                "car": {
                    "popGroup2": 1.670219114548193,
                    "popGroup4": 0.0,
                    "popGroup6": 0.0,
                    "popGroup10": 1.7378924731527445,
                    "popGroup12": 0.0,
                    "popGroup14": 0.0
                },
                "publicTransport": {
                    "popGroup0": 0.0,
                    "popGroup1": 0.0,
                    "popGroup2": 0.07219259875619834,
                    "popGroup3": 0.6838260955214273,
                    "popGroup4": 0.0,
                    "popGroup5": 0.0,
                    "popGroup6": 0.0,
                    "popGroup7": 0.0,
                    "popGroup8": 0.0,
                    "popGroup9": 0.0,
                    "popGroup10": 0.07511076586436174,
                    "popGroup11": 0.7793003566245428,
                    "popGroup12": 0.0,
                    "popGroup13": 0.0,
                    "popGroup14": 0.0,
                    "popGroup15": 0.0
                }
            },
            "61050": {
                "car": {
                    "popGroup2": 2.5678581051007723,
                    "popGroup4": 0.0,
                    "popGroup6": 0.0,
                    "popGroup10": 2.6718005085828094,
                    "popGroup12": 0.0,
                    "popGroup14": 0.0
                },
                "publicTransport": {
                    "popGroup0": 0.0,
                    "popGroup1": 0.0,
                    "popGroup2": 0.09713134561402316,
                    "popGroup3": 0.9351780744665277,
                    "popGroup4": 0.0,
                    "popGroup5": 0.0,
                    "popGroup6": 0.0,
                    "popGroup7": 0.0,
                    "popGroup8": 0.0,
                    "popGroup9": 0.0,
                    "popGroup10": 0.10105579316018594,
                    "popGroup11": 1.0657769220706979,
                    "popGroup12": 0.0,
                    "popGroup13": 0.0,
                    "popGroup14": 0.0,
                    "popGroup15": 0.0
                }
            },
            "61049": {
                "car": {
                    "popGroup2": 2.0009443345199425,
                    "popGroup4": 0.0,
                    "popGroup6": 0.0,
                    "popGroup10": 2.081968903600423,
                    "popGroup12": 0.0,
                    "popGroup14": 0.0
                },
                "publicTransport": {
                    "popGroup0": 0.0,
                    "popGroup1": 0.0,
                    "popGroup2": 0.07869547931163749,
                    "popGroup3": 0.7521769180111735,
                    "popGroup4": 0.0,
                    "popGroup5": 0.0,
                    "popGroup6": 0.0,
                    "popGroup7": 0.0,
                    "popGroup8": 0.0,
                    "popGroup9": 0.0,
                    "popGroup10": 0.08187592803739402,
                    "popGroup11": 0.8571999714896831,
                    "popGroup12": 0.0,
                    "popGroup13": 0.0,
                    "popGroup14": 0.0,
                    "popGroup15": 0.0
                }
            },
            "61058": {
                "car": {
                    "popGroup2": 4.1136373812391565,
                    "popGroup4": 0.0,
                    "popGroup6": 0.0,
                    "popGroup10": 4.280333452046059,
                    "popGroup12": 0.0,
                    "popGroup14": 0.0
                },
                "publicTransport": {
                    "popGroup0": 0.0,
                    "popGroup1": 0.0,
                    "popGroup2": 0.1580227153986339,
                    "popGroup3": 1.5281737887767464,
                    "popGroup4": 0.0,
                    "popGroup5": 0.0,
                    "popGroup6": 0.0,
                    "popGroup7": 0.0,
                    "popGroup8": 0.0,
                    "popGroup9": 0.0,
                    "popGroup10": 0.16439982327249583,
                    "popGroup11": 1.741760759059087,
                    "popGroup12": 0.0,
                    "popGroup13": 0.0,
                    "popGroup14": 0.0,
                    "popGroup15": 0.0
                }
            },
            "62347": {
                "car": {
                    "popGroup2": 0.48760302161910724,
                    "popGroup4": 0.0,
                    "popGroup6": 0.0,
                    "popGroup10": 0.5073579430273898,
                    "popGroup12": 0.0,
                    "popGroup14": 0.0
                },
                "publicTransport": {
                    "popGroup0": 0.0,
                    "popGroup1": 0.0,
                    "popGroup2": 0.01832138764966977,
                    "popGroup3": 0.17867307155519224,
                    "popGroup4": 0.0,
                    "popGroup5": 0.0,
                    "popGroup6": 0.0,
                    "popGroup7": 0.0,
                    "popGroup8": 0.0,
                    "popGroup9": 0.0,
                    "popGroup10": 0.019060120624256504,
                    "popGroup11": 0.20365971841078867,
                    "popGroup12": 0.0,
                    "popGroup13": 0.0,
                    "popGroup14": 0.0,
                    "popGroup15": 0.0
                }
            }
        }
    }
}