{
    "Sum_Trips_per_Mode": {
        "work": {
            "60101": {
                "car": 1731.0893256031477,
                "publicTransport": 285.5626701464238
            },
            "60669": {
                "car": 78.32600221060461,
                "publicTransport": 79.31819310677864
            },
            "60608": {
                "car": 33.98223648496308,
                "publicTransport": 36.22988453982751
            },
            "60611": {
                "car": 16.16590035448566,
                "publicTransport": 23.347225586738254
            },
            "60670": {
                "car": 42.85134459851233,
                "publicTransport": 143.23058593263306
            },
            "60662": {
                "car": 13.271249283330476,
                "publicTransport": 16.55902992425493
            },
            "60656": {
                "car": 14.431372346755442,
                "publicTransport": 34.6596438275119
            },
            "60655": {
                "car": 20.496989813238493,
                "publicTransport": 40.3221426550084
            },
            "60624": {
                "car": 54.84968950523629,
                "publicTransport": 131.96305622635896
            },
            "60660": {
                "car": 15.86793743336219,
                "publicTransport": 40.90535901175683
            },
            "60629": {
                "car": 27.78644044443628,
                "publicTransport": 55.173605234659874
            },
            "60618": {
                "car": 7.6111225431952825,
                "publicTransport": 18.906603127106766
            },
            "61059": {
                "car": 16.87733019777255,
                "publicTransport": 7.281600966376558
            },
            "61001": {
                "car": 2.9729700714546476,
                "publicTransport": 4.218181075792165
            },
            "61055": {
                "car": 2.996333954401801,
                "publicTransport": 4.216539473598459
            },
            "61021": {
                "car": 15.023731082473919,
                "publicTransport": 5.837742479859441
            },
            "61017": {
                "car": 2.495117023530448,
                "publicTransport": 1.4650234719269766
            },
            "61020": {
                "car": 3.6990728846951213,
                "publicTransport": 1.6517421299191968
            },
            "61012": {
                "car": 7.299831246691956,
                "publicTransport": 3.4215347860225704
            },
            "61043": {
                "car": 7.285727890881354,
                "publicTransport": 3.5794279642416496
            },
            "61053": {
                "car": 53.64643258778369,
                "publicTransport": 24.902709582237
            },
            "61027": {
                "car": 3.2582644421794713,
                "publicTransport": 1.8065190705609115
            },
            "61016": {
                "car": 2.2884775987367916,
                "publicTransport": 1.465129100633534
            },
            "61045": {
                "car": 12.407815482627415,
                "publicTransport": 5.658820145570978
            },
            "61008": {
                "car": 3.7702860248175654,
                "publicTransport": 2.4933690695832063
            },
            "61050": {
                "car": 6.53587169926959,
                "publicTransport": 2.915430712645515
            },
            "61049": {
                "car": 5.213524915357391,
                "publicTransport": 2.558243416994743
            },
            "61058": {
                "car": 10.26300244566761,
                "publicTransport": 5.72176905884402
            },
            "62347": {
                "car": 1.2116103940895262,
                "publicTransport": 0.627942009827761
            }
        }
    },
    "Trips_per_group": {
        "work": {
            "60101": {
                "car": {
                    "popGroup2": 882.5749542177542,
                    "popGroup4": 0.0,
                    "popGroup6": 0.0,
                    "popGroup10": 848.5143713853935,
                    "popGroup12": 0.0,
                    "popGroup14": 0.0
                },
                "publicTransport": {
                    "popGroup0": 0.0,
                    "popGroup1": 0.0,
                    "popGroup2": 54.42991433358769,
                    "popGroup3": 86.58337186618775,
                    "popGroup4": 0.0,
                    "popGroup5": 0.0,
                    "popGroup6": 0.0,
                    "popGroup7": 0.0,
                    "popGroup8": 0.0,
                    "popGroup9": 0.0,
                    "popGroup10": 52.3450252259094,
                    "popGroup11": 92.20435872073895,
                    "popGroup12": 0.0,
                    "popGroup13": 0.0,
                    "popGroup14": 0.0,
                    "popGroup15": 0.0
                }
            },
            "60669": {
                "car": {
                    "popGroup2": 39.933599884252544,
                    "popGroup4": 0.0,
                    "popGroup6": 0.0,
                    "popGroup10": 38.39240232635207,
                    "popGroup12": 0.0,
                    "popGroup14": 0.0
                },
                "publicTransport": {
                    "popGroup0": 0.0,
                    "popGroup1": 0.0,
                    "popGroup2": 10.604078601782668,
                    "popGroup3": 28.338709420712767,
                    "popGroup4": 0.0,
                    "popGroup5": 0.0,
                    "popGroup6": 0.0,
                    "popGroup7": 0.0,
                    "popGroup8": 0.0,
                    "popGroup9": 0.0,
                    "popGroup10": 10.196109599149711,
                    "popGroup11": 30.179295485133487,
                    "popGroup12": 0.0,
                    "popGroup13": 0.0,
                    "popGroup14": 0.0,
                    "popGroup15": 0.0
                }
            },
            "60608": {
                "car": {
                    "popGroup2": 17.325441684812702,
                    "popGroup4": 0.0,
                    "popGroup6": 0.0,
                    "popGroup10": 16.65679480015038,
                    "popGroup12": 0.0,
                    "popGroup14": 0.0
                },
                "publicTransport": {
                    "popGroup0": 0.0,
                    "popGroup1": 0.0,
                    "popGroup2": 4.744445075786643,
                    "popGroup3": 13.0384388016267,
                    "popGroup4": 0.0,
                    "popGroup5": 0.0,
                    "popGroup6": 0.0,
                    "popGroup7": 0.0,
                    "popGroup8": 0.0,
                    "popGroup9": 0.0,
                    "popGroup10": 4.561880451454498,
                    "popGroup11": 13.88512021095967,
                    "popGroup12": 0.0,
                    "popGroup13": 0.0,
                    "popGroup14": 0.0,
                    "popGroup15": 0.0
                }
            },
            "60611": {
                "car": {
                    "popGroup2": 8.24198589154404,
                    "popGroup4": 0.0,
                    "popGroup6": 0.0,
                    "popGroup10": 7.923914462941621,
                    "popGroup12": 0.0,
                    "popGroup14": 0.0
                },
                "publicTransport": {
                    "popGroup0": 0.0,
                    "popGroup1": 0.0,
                    "popGroup2": 2.9945575109568594,
                    "popGroup3": 8.46145341665183,
                    "popGroup4": 0.0,
                    "popGroup5": 0.0,
                    "popGroup6": 0.0,
                    "popGroup7": 0.0,
                    "popGroup8": 0.0,
                    "popGroup9": 0.0,
                    "popGroup10": 2.879025974097383,
                    "popGroup11": 9.012188685032184,
                    "popGroup12": 0.0,
                    "popGroup13": 0.0,
                    "popGroup14": 0.0,
                    "popGroup15": 0.0
                }
            },
            "60670": {
                "car": {
                    "popGroup2": 21.847253855673305,
                    "popGroup4": 0.0,
                    "popGroup6": 0.0,
                    "popGroup10": 21.004090742839022,
                    "popGroup12": 0.0,
                    "popGroup14": 0.0
                },
                "publicTransport": {
                    "popGroup0": 0.0,
                    "popGroup1": 0.0,
                    "popGroup2": 18.221561814400534,
                    "popGroup3": 52.05105895621275,
                    "popGroup4": 0.0,
                    "popGroup5": 0.0,
                    "popGroup6": 0.0,
                    "popGroup7": 0.0,
                    "popGroup8": 0.0,
                    "popGroup9": 0.0,
                    "popGroup10": 17.518367439316187,
                    "popGroup11": 55.439597722703574,
                    "popGroup12": 0.0,
                    "popGroup13": 0.0,
                    "popGroup14": 0.0,
                    "popGroup15": 0.0
                }
            },
            "60662": {
                "car": {
                    "popGroup2": 6.766188686304572,
                    "popGroup4": 0.0,
                    "popGroup6": 0.0,
                    "popGroup10": 6.5050605970259054,
                    "popGroup12": 0.0,
                    "popGroup14": 0.0
                },
                "publicTransport": {
                    "popGroup0": 0.0,
                    "popGroup1": 0.0,
                    "popGroup2": 2.1321587610047117,
                    "popGroup3": 5.993451724955217,
                    "popGroup4": 0.0,
                    "popGroup5": 0.0,
                    "popGroup6": 0.0,
                    "popGroup7": 0.0,
                    "popGroup8": 0.0,
                    "popGroup9": 0.0,
                    "popGroup10": 2.0499162790968493,
                    "popGroup11": 6.383503159198154,
                    "popGroup12": 0.0,
                    "popGroup13": 0.0,
                    "popGroup14": 0.0,
                    "popGroup15": 0.0
                }
            },
            "60656": {
                "car": {
                    "popGroup2": 7.3576663949670245,
                    "popGroup4": 0.0,
                    "popGroup6": 0.0,
                    "popGroup10": 7.073705951788417,
                    "popGroup12": 0.0,
                    "popGroup14": 0.0
                },
                "publicTransport": {
                    "popGroup0": 0.0,
                    "popGroup1": 0.0,
                    "popGroup2": 4.409886939579563,
                    "popGroup3": 12.595039004324068,
                    "popGroup4": 0.0,
                    "popGroup5": 0.0,
                    "popGroup6": 0.0,
                    "popGroup7": 0.0,
                    "popGroup8": 0.0,
                    "popGroup9": 0.0,
                    "popGroup10": 4.23969902204764,
                    "popGroup11": 13.415018861560636,
                    "popGroup12": 0.0,
                    "popGroup13": 0.0,
                    "popGroup14": 0.0,
                    "popGroup15": 0.0
                }
            },
            "60655": {
                "car": {
                    "popGroup2": 10.450146457242724,
                    "popGroup4": 0.0,
                    "popGroup6": 0.0,
                    "popGroup10": 10.046843355995767,
                    "popGroup12": 0.0,
                    "popGroup14": 0.0
                },
                "publicTransport": {
                    "popGroup0": 0.0,
                    "popGroup1": 0.0,
                    "popGroup2": 5.127559126644748,
                    "popGroup3": 14.65542559187686,
                    "popGroup4": 0.0,
                    "popGroup5": 0.0,
                    "popGroup6": 0.0,
                    "popGroup7": 0.0,
                    "popGroup8": 0.0,
                    "popGroup9": 0.0,
                    "popGroup10": 4.929683165153947,
                    "popGroup11": 15.609474771332847,
                    "popGroup12": 0.0,
                    "popGroup13": 0.0,
                    "popGroup14": 0.0,
                    "popGroup15": 0.0
                }
            },
            "60624": {
                "car": {
                    "popGroup2": 27.96447260550894,
                    "popGroup4": 0.0,
                    "popGroup6": 0.0,
                    "popGroup10": 26.88521689972735,
                    "popGroup12": 0.0,
                    "popGroup14": 0.0
                },
                "publicTransport": {
                    "popGroup0": 0.0,
                    "popGroup1": 0.0,
                    "popGroup2": 16.789390977465036,
                    "popGroup3": 47.95509145981867,
                    "popGroup4": 0.0,
                    "popGroup5": 0.0,
                    "popGroup6": 0.0,
                    "popGroup7": 0.0,
                    "popGroup8": 0.0,
                    "popGroup9": 0.0,
                    "popGroup10": 16.14144994183507,
                    "popGroup11": 51.07712384724017,
                    "popGroup12": 0.0,
                    "popGroup13": 0.0,
                    "popGroup14": 0.0,
                    "popGroup15": 0.0
                }
            },
            "60660": {
                "car": {
                    "popGroup2": 8.090081302687715,
                    "popGroup4": 0.0,
                    "popGroup6": 0.0,
                    "popGroup10": 7.777856130674476,
                    "popGroup12": 0.0,
                    "popGroup14": 0.0
                },
                "publicTransport": {
                    "popGroup0": 0.0,
                    "popGroup1": 0.0,
                    "popGroup2": 5.20756097950202,
                    "popGroup3": 14.861829289507119,
                    "popGroup4": 0.0,
                    "popGroup5": 0.0,
                    "popGroup6": 0.0,
                    "popGroup7": 0.0,
                    "popGroup8": 0.0,
                    "popGroup9": 0.0,
                    "popGroup10": 5.006590251912892,
                    "popGroup11": 15.829378490834795,
                    "popGroup12": 0.0,
                    "popGroup13": 0.0,
                    "popGroup14": 0.0,
                    "popGroup15": 0.0
                }
            },
            "60629": {
                "car": {
                    "popGroup2": 14.166586223594559,
                    "popGroup4": 0.0,
                    "popGroup6": 0.0,
                    "popGroup10": 13.619854220841722,
                    "popGroup12": 0.0,
                    "popGroup14": 0.0
                },
                "publicTransport": {
                    "popGroup0": 0.0,
                    "popGroup1": 0.0,
                    "popGroup2": 7.046312690665404,
                    "popGroup3": 20.024601978787988,
                    "popGroup4": 0.0,
                    "popGroup5": 0.0,
                    "popGroup6": 0.0,
                    "popGroup7": 0.0,
                    "popGroup8": 0.0,
                    "popGroup9": 0.0,
                    "popGroup10": 6.774387392225421,
                    "popGroup11": 21.328303172981062,
                    "popGroup12": 0.0,
                    "popGroup13": 0.0,
                    "popGroup14": 0.0,
                    "popGroup15": 0.0
                }
            },
            "60618": {
                "car": {
                    "popGroup2": 3.880441300264763,
                    "popGroup4": 0.0,
                    "popGroup6": 0.0,
                    "popGroup10": 3.730681242930519,
                    "popGroup12": 0.0,
                    "popGroup14": 0.0
                },
                "publicTransport": {
                    "popGroup0": 0.0,
                    "popGroup1": 0.0,
                    "popGroup2": 2.4055947174011654,
                    "popGroup3": 6.870485570261023,
                    "popGroup4": 0.0,
                    "popGroup5": 0.0,
                    "popGroup6": 0.0,
                    "popGroup7": 0.0,
                    "popGroup8": 0.0,
                    "popGroup9": 0.0,
                    "popGroup10": 2.3127587958898377,
                    "popGroup11": 7.3177640435547415,
                    "popGroup12": 0.0,
                    "popGroup13": 0.0,
                    "popGroup14": 0.0,
                    "popGroup15": 0.0
                }
            },
            "61059": {
                "car": {
                    "popGroup2": 8.604705930013461,
                    "popGroup4": 0.0,
                    "popGroup6": 0.0,
                    "popGroup10": 8.27262426775909,
                    "popGroup12": 0.0,
                    "popGroup14": 0.0
                },
                "publicTransport": {
                    "popGroup0": 0.0,
                    "popGroup1": 0.0,
                    "popGroup2": 0.9585962826201303,
                    "popGroup3": 2.6156640483719578,
                    "popGroup4": 0.0,
                    "popGroup5": 0.0,
                    "popGroup6": 0.0,
                    "popGroup7": 0.0,
                    "popGroup8": 0.0,
                    "popGroup9": 0.0,
                    "popGroup10": 0.9216782173905564,
                    "popGroup11": 2.785662417993913,
                    "popGroup12": 0.0,
                    "popGroup13": 0.0,
                    "popGroup14": 0.0,
                    "popGroup15": 0.0
                }
            },
            "61001": {
                "car": {
                    "popGroup2": 1.5157319459364065,
                    "popGroup4": 0.0,
                    "popGroup6": 0.0,
                    "popGroup10": 1.4572381255182414,
                    "popGroup12": 0.0,
                    "popGroup14": 0.0
                },
                "publicTransport": {
                    "popGroup0": 0.0,
                    "popGroup1": 0.0,
                    "popGroup2": 0.5411931892045339,
                    "popGroup3": 1.528591832811368,
                    "popGroup4": 0.0,
                    "popGroup5": 0.0,
                    "popGroup6": 0.0,
                    "popGroup7": 0.0,
                    "popGroup8": 0.0,
                    "popGroup9": 0.0,
                    "popGroup10": 0.5203138898384837,
                    "popGroup11": 1.6280821639377803,
                    "popGroup12": 0.0,
                    "popGroup13": 0.0,
                    "popGroup14": 0.0,
                    "popGroup15": 0.0
                }
            },
            "61055": {
                "car": {
                    "popGroup2": 1.5276426000790084,
                    "popGroup4": 0.0,
                    "popGroup6": 0.0,
                    "popGroup10": 1.4686913543227924,
                    "popGroup12": 0.0,
                    "popGroup14": 0.0
                },
                "publicTransport": {
                    "popGroup0": 0.0,
                    "popGroup1": 0.0,
                    "popGroup2": 0.540008912252962,
                    "popGroup3": 1.528927943030159,
                    "popGroup4": 0.0,
                    "popGroup5": 0.0,
                    "popGroup6": 0.0,
                    "popGroup7": 0.0,
                    "popGroup8": 0.0,
                    "popGroup9": 0.0,
                    "popGroup10": 0.5191759166238541,
                    "popGroup11": 1.628426701691484,
                    "popGroup12": 0.0,
                    "popGroup13": 0.0,
                    "popGroup14": 0.0,
                    "popGroup15": 0.0
                }
            },
            "61021": {
                "car": {
                    "popGroup2": 7.659667686444531,
                    "popGroup4": 0.0,
                    "popGroup6": 0.0,
                    "popGroup10": 7.364063396029388,
                    "popGroup12": 0.0,
                    "popGroup14": 0.0
                },
                "publicTransport": {
                    "popGroup0": 0.0,
                    "popGroup1": 0.0,
                    "popGroup2": 0.7683203034090456,
                    "popGroup3": 2.0972057503771775,
                    "popGroup4": 0.0,
                    "popGroup5": 0.0,
                    "popGroup6": 0.0,
                    "popGroup7": 0.0,
                    "popGroup8": 0.0,
                    "popGroup9": 0.0,
                    "popGroup10": 0.7387352127114175,
                    "popGroup11": 2.2334812133618,
                    "popGroup12": 0.0,
                    "popGroup13": 0.0,
                    "popGroup14": 0.0,
                    "popGroup15": 0.0
                }
            },
            "61017": {
                "car": {
                    "popGroup2": 1.2721046489945924,
                    "popGroup4": 0.0,
                    "popGroup6": 0.0,
                    "popGroup10": 1.2230123745358554,
                    "popGroup12": 0.0,
                    "popGroup14": 0.0
                },
                "publicTransport": {
                    "popGroup0": 0.0,
                    "popGroup1": 0.0,
                    "popGroup2": 0.18909964589578485,
                    "popGroup3": 0.5298295192357494,
                    "popGroup4": 0.0,
                    "popGroup5": 0.0,
                    "popGroup6": 0.0,
                    "popGroup7": 0.0,
                    "popGroup8": 0.0,
                    "popGroup9": 0.0,
                    "popGroup10": 0.18181079480670592,
                    "popGroup11": 0.5642835119887364,
                    "popGroup12": 0.0,
                    "popGroup13": 0.0,
                    "popGroup14": 0.0,
                    "popGroup15": 0.0
                }
            },
            "61020": {
                "car": {
                    "popGroup2": 1.8859267444739394,
                    "popGroup4": 0.0,
                    "popGroup6": 0.0,
                    "popGroup10": 1.813146140221182,
                    "popGroup12": 0.0,
                    "popGroup14": 0.0
                },
                "publicTransport": {
                    "popGroup0": 0.0,
                    "popGroup1": 0.0,
                    "popGroup2": 0.21396991723720626,
                    "popGroup3": 0.5966316293238703,
                    "popGroup4": 0.0,
                    "popGroup5": 0.0,
                    "popGroup6": 0.0,
                    "popGroup7": 0.0,
                    "popGroup8": 0.0,
                    "popGroup9": 0.0,
                    "popGroup10": 0.20572588297265249,
                    "popGroup11": 0.6354147003854678,
                    "popGroup12": 0.0,
                    "popGroup13": 0.0,
                    "popGroup14": 0.0,
                    "popGroup15": 0.0
                }
            },
            "61012": {
                "car": {
                    "popGroup2": 3.721728732170037,
                    "popGroup4": 0.0,
                    "popGroup6": 0.0,
                    "popGroup10": 3.5781025145219187,
                    "popGroup12": 0.0,
                    "popGroup14": 0.0
                },
                "publicTransport": {
                    "popGroup0": 0.0,
                    "popGroup1": 0.0,
                    "popGroup2": 0.44285417632461876,
                    "popGroup3": 1.236261549449677,
                    "popGroup4": 0.0,
                    "popGroup5": 0.0,
                    "popGroup6": 0.0,
                    "popGroup7": 0.0,
                    "popGroup8": 0.0,
                    "popGroup9": 0.0,
                    "popGroup10": 0.42578995140219045,
                    "popGroup11": 1.3166291088460844,
                    "popGroup12": 0.0,
                    "popGroup13": 0.0,
                    "popGroup14": 0.0,
                    "popGroup15": 0.0
                }
            },
            "61043": {
                "car": {
                    "popGroup2": 3.7145378337486337,
                    "popGroup4": 0.0,
                    "popGroup6": 0.0,
                    "popGroup10": 3.57119005713272,
                    "popGroup12": 0.0,
                    "popGroup14": 0.0
                },
                "publicTransport": {
                    "popGroup0": 0.0,
                    "popGroup1": 0.0,
                    "popGroup2": 0.46245096676272895,
                    "popGroup3": 1.2941083865967793,
                    "popGroup4": 0.0,
                    "popGroup5": 0.0,
                    "popGroup6": 0.0,
                    "popGroup7": 0.0,
                    "popGroup8": 0.0,
                    "popGroup9": 0.0,
                    "popGroup10": 0.4446306691041047,
                    "popGroup11": 1.3782379417780364,
                    "popGroup12": 0.0,
                    "popGroup13": 0.0,
                    "popGroup14": 0.0,
                    "popGroup15": 0.0
                }
            },
            "61053": {
                "car": {
                    "popGroup2": 27.350973626072353,
                    "popGroup4": 0.0,
                    "popGroup6": 0.0,
                    "popGroup10": 26.29545896171134,
                    "popGroup12": 0.0,
                    "popGroup14": 0.0
                },
                "publicTransport": {
                    "popGroup0": 0.0,
                    "popGroup1": 0.0,
                    "popGroup2": 3.20102322541628,
                    "popGroup3": 9.018821992213029,
                    "popGroup4": 0.0,
                    "popGroup5": 0.0,
                    "popGroup6": 0.0,
                    "popGroup7": 0.0,
                    "popGroup8": 0.0,
                    "popGroup9": 0.0,
                    "popGroup10": 3.077646109783844,
                    "popGroup11": 9.605218254823846,
                    "popGroup12": 0.0,
                    "popGroup13": 0.0,
                    "popGroup14": 0.0,
                    "popGroup15": 0.0
                }
            },
            "61027": {
                "car": {
                    "popGroup2": 1.6611837175309412,
                    "popGroup4": 0.0,
                    "popGroup6": 0.0,
                    "popGroup10": 1.5970807246485301,
                    "popGroup12": 0.0,
                    "popGroup14": 0.0
                },
                "publicTransport": {
                    "popGroup0": 0.0,
                    "popGroup1": 0.0,
                    "popGroup2": 0.23337758296775374,
                    "popGroup3": 0.6531479813759357,
                    "popGroup4": 0.0,
                    "popGroup5": 0.0,
                    "popGroup6": 0.0,
                    "popGroup7": 0.0,
                    "popGroup8": 0.0,
                    "popGroup9": 0.0,
                    "popGroup10": 0.22438446794253628,
                    "popGroup11": 0.6956090382746859,
                    "popGroup12": 0.0,
                    "popGroup13": 0.0,
                    "popGroup14": 0.0,
                    "popGroup15": 0.0
                }
            },
            "61016": {
                "car": {
                    "popGroup2": 1.1667511045446008,
                    "popGroup4": 0.0,
                    "popGroup6": 0.0,
                    "popGroup10": 1.1217264941921907,
                    "popGroup12": 0.0,
                    "popGroup14": 0.0
                },
                "publicTransport": {
                    "popGroup0": 0.0,
                    "popGroup1": 0.0,
                    "popGroup2": 0.18765128105922807,
                    "popGroup3": 0.5312587485308636,
                    "popGroup4": 0.0,
                    "popGroup5": 0.0,
                    "popGroup6": 0.0,
                    "popGroup7": 0.0,
                    "popGroup8": 0.0,
                    "popGroup9": 0.0,
                    "popGroup10": 0.18041750456098835,
                    "popGroup11": 0.5658015664824539,
                    "popGroup12": 0.0,
                    "popGroup13": 0.0,
                    "popGroup14": 0.0,
                    "popGroup15": 0.0
                }
            },
            "61045": {
                "car": {
                    "popGroup2": 6.3259702131947755,
                    "popGroup4": 0.0,
                    "popGroup6": 0.0,
                    "popGroup10": 6.081845269432639,
                    "popGroup12": 0.0,
                    "popGroup14": 0.0
                },
                "publicTransport": {
                    "popGroup0": 0.0,
                    "popGroup1": 0.0,
                    "popGroup2": 0.7243470219212597,
                    "popGroup3": 2.05229818089768,
                    "popGroup4": 0.0,
                    "popGroup5": 0.0,
                    "popGroup6": 0.0,
                    "popGroup7": 0.0,
                    "popGroup8": 0.0,
                    "popGroup9": 0.0,
                    "popGroup10": 0.69642329587601,
                    "popGroup11": 2.1857516468760285,
                    "popGroup12": 0.0,
                    "popGroup13": 0.0,
                    "popGroup14": 0.0,
                    "popGroup15": 0.0
                }
            },
            "61008": {
                "car": {
                    "popGroup2": 1.922229741915861,
                    "popGroup4": 0.0,
                    "popGroup6": 0.0,
                    "popGroup10": 1.8480562829017044,
                    "popGroup12": 0.0,
                    "popGroup14": 0.0
                },
                "publicTransport": {
                    "popGroup0": 0.0,
                    "popGroup1": 0.0,
                    "popGroup2": 0.31946566421864875,
                    "popGroup3": 0.9039871524300355,
                    "popGroup4": 0.0,
                    "popGroup5": 0.0,
                    "popGroup6": 0.0,
                    "popGroup7": 0.0,
                    "popGroup8": 0.0,
                    "popGroup9": 0.0,
                    "popGroup10": 0.30715073358076406,
                    "popGroup11": 0.9627655193537576,
                    "popGroup12": 0.0,
                    "popGroup13": 0.0,
                    "popGroup14": 0.0,
                    "popGroup15": 0.0
                }
            },
            "61050": {
                "car": {
                    "popGroup2": 3.332227395508608,
                    "popGroup4": 0.0,
                    "popGroup6": 0.0,
                    "popGroup10": 3.2036443037609823,
                    "popGroup12": 0.0,
                    "popGroup14": 0.0
                },
                "publicTransport": {
                    "popGroup0": 0.0,
                    "popGroup1": 0.0,
                    "popGroup2": 0.37208938615729853,
                    "popGroup3": 1.0583836924155572,
                    "popGroup4": 0.0,
                    "popGroup5": 0.0,
                    "popGroup6": 0.0,
                    "popGroup7": 0.0,
                    "popGroup8": 0.0,
                    "popGroup9": 0.0,
                    "popGroup10": 0.35774229765583354,
                    "popGroup11": 1.1272153364168256,
                    "popGroup12": 0.0,
                    "popGroup13": 0.0,
                    "popGroup14": 0.0,
                    "popGroup15": 0.0
                }
            },
            "61049": {
                "car": {
                    "popGroup2": 2.658047699824077,
                    "popGroup4": 0.0,
                    "popGroup6": 0.0,
                    "popGroup10": 2.555477215533314,
                    "popGroup12": 0.0,
                    "popGroup14": 0.0
                },
                "publicTransport": {
                    "popGroup0": 0.0,
                    "popGroup1": 0.0,
                    "popGroup2": 0.3271263502722741,
                    "popGroup3": 0.9281231347423289,
                    "popGroup4": 0.0,
                    "popGroup5": 0.0,
                    "popGroup6": 0.0,
                    "popGroup7": 0.0,
                    "popGroup8": 0.0,
                    "popGroup9": 0.0,
                    "popGroup10": 0.31451404741986827,
                    "popGroup11": 0.9884798845602717,
                    "popGroup12": 0.0,
                    "popGroup13": 0.0,
                    "popGroup14": 0.0,
                    "popGroup15": 0.0
                }
            },
            "61058": {
                "car": {
                    "popGroup2": 5.232463195290521,
                    "popGroup4": 0.0,
                    "popGroup6": 0.0,
                    "popGroup10": 5.030539250377089,
                    "popGroup12": 0.0,
                    "popGroup14": 0.0
                },
                "publicTransport": {
                    "popGroup0": 0.0,
                    "popGroup1": 0.0,
                    "popGroup2": 0.7306555546380814,
                    "popGroup3": 2.0767993067663966,
                    "popGroup4": 0.0,
                    "popGroup5": 0.0,
                    "popGroup6": 0.0,
                    "popGroup7": 0.0,
                    "popGroup8": 0.0,
                    "popGroup9": 0.0,
                    "popGroup10": 0.7024871234400235,
                    "popGroup11": 2.211827073999519,
                    "popGroup12": 0.0,
                    "popGroup13": 0.0,
                    "popGroup14": 0.0,
                    "popGroup15": 0.0
                }
            },
            "62347": {
                "car": {
                    "popGroup2": 0.6177241724691547,
                    "popGroup4": 0.0,
                    "popGroup6": 0.0,
                    "popGroup10": 0.5938862216203716,
                    "popGroup12": 0.0,
                    "popGroup14": 0.0
                },
                "publicTransport": {
                    "popGroup0": 0.0,
                    "popGroup1": 0.0,
                    "popGroup2": 0.08007388862328549,
                    "popGroup3": 0.2280281083548221,
                    "popGroup4": 0.0,
                    "popGroup5": 0.0,
                    "popGroup6": 0.0,
                    "popGroup7": 0.0,
                    "popGroup8": 0.0,
                    "popGroup9": 0.0,
                    "popGroup10": 0.07698676608594447,
                    "popGroup11": 0.24285324676370906,
                    "popGroup12": 0.0,
                    "popGroup13": 0.0,
                    "popGroup14": 0.0,
                    "popGroup15": 0.0
                }
            }
        }
    }
}