{
    "Sum_Trips_per_Mode": {
        "work": {
            "60101": {
                "car": 1730.9690362309525,
                "publicTransport": 294.09462897386567
            },
            "60669": {
                "car": 78.3058883899217,
                "publicTransport": 79.1979679445883
            },
            "60608": {
                "car": 33.97657634375381,
                "publicTransport": 36.75123654468139
            },
            "60611": {
                "car": 16.164181441274216,
                "publicTransport": 23.285049307944256
            },
            "60670": {
                "car": 42.827698997532316,
                "publicTransport": 141.13574154997633
            },
            "60662": {
                "car": 13.27054651856669,
                "publicTransport": 16.56979662108179
            },
            "60656": {
                "car": 14.432032841850836,
                "publicTransport": 34.17188110309638
            },
            "60655": {
                "car": 20.497593410898553,
                "publicTransport": 39.91998090514843
            },
            "60624": {
                "car": 54.8514238902294,
                "publicTransport": 130.2701004043504
            },
            "60660": {
                "car": 15.870664775709276,
                "publicTransport": 40.310164465678305
            },
            "60629": {
                "car": 27.78781681467102,
                "publicTransport": 54.653138557665656
            },
            "60618": {
                "car": 7.611706256621116,
                "publicTransport": 18.65845292710569
            },
            "61059": {
                "car": 16.876029559078436,
                "publicTransport": 7.148649855547826
            },
            "61001": {
                "car": 2.97267346913109,
                "publicTransport": 4.200256604799207
            },
            "61055": {
                "car": 2.99595183922653,
                "publicTransport": 4.190813943044238
            },
            "61021": {
                "car": 15.021888812333142,
                "publicTransport": 5.715158624309134
            },
            "61017": {
                "car": 2.494868927335495,
                "publicTransport": 1.4496412957639806
            },
            "61020": {
                "car": 3.6985798784051367,
                "publicTransport": 1.6273716466090862
            },
            "61012": {
                "car": 7.298674348298315,
                "publicTransport": 3.3716681732655878
            },
            "61043": {
                "car": 7.284571837205413,
                "publicTransport": 3.531331508374436
            },
            "61053": {
                "car": 53.63725832478437,
                "publicTransport": 24.6079056582356
            },
            "61027": {
                "car": 3.257770637562661,
                "publicTransport": 1.7822902437629713
            },
            "61016": {
                "car": 2.287985979930471,
                "publicTransport": 1.451063059264425
            },
            "61045": {
                "car": 12.4055107113691,
                "publicTransport": 5.6009269186636015
            },
            "61008": {
                "car": 3.7695770373197863,
                "publicTransport": 2.468899264494423
            },
            "61050": {
                "car": 6.534891898302275,
                "publicTransport": 2.889838857650012
            },
            "61049": {
                "car": 5.212220044029238,
                "publicTransport": 2.5345209692386943
            },
            "61058": {
                "car": 10.260711673423707,
                "publicTransport": 5.6731136802185045
            },
            "62347": {
                "car": 1.2113142725136392,
                "publicTransport": 0.622730985446183
            }
        }
    },
    "Trips_per_group": {
        "work": {
            "60101": {
                "car": {
                    "popGroup2": 882.521875564112,
                    "popGroup4": 0.0,
                    "popGroup6": 0.0,
                    "popGroup10": 848.4471606668405,
                    "popGroup12": 0.0,
                    "popGroup14": 0.0
                },
                "publicTransport": {
                    "popGroup0": 0.0,
                    "popGroup1": 0.0,
                    "popGroup2": 52.342858743355315,
                    "popGroup3": 92.69597574830306,
                    "popGroup4": 0.0,
                    "popGroup5": 0.0,
                    "popGroup6": 0.0,
                    "popGroup7": 0.0,
                    "popGroup8": 0.0,
                    "popGroup9": 0.0,
                    "popGroup10": 50.33516930048915,
                    "popGroup11": 98.72062518171813,
                    "popGroup12": 0.0,
                    "popGroup13": 0.0,
                    "popGroup14": 0.0,
                    "popGroup15": 0.0
                }
            },
            "60669": {
                "car": {
                    "popGroup2": 39.92371825631995,
                    "popGroup4": 0.0,
                    "popGroup6": 0.0,
                    "popGroup10": 38.38217013360175,
                    "popGroup12": 0.0,
                    "popGroup14": 0.0
                },
                "publicTransport": {
                    "popGroup0": 0.0,
                    "popGroup1": 0.0,
                    "popGroup2": 10.54638134778195,
                    "popGroup3": 28.33460625159921,
                    "popGroup4": 0.0,
                    "popGroup5": 0.0,
                    "popGroup6": 0.0,
                    "popGroup7": 0.0,
                    "popGroup8": 0.0,
                    "popGroup9": 0.0,
                    "popGroup10": 10.140232764998606,
                    "popGroup11": 30.17674758020854,
                    "popGroup12": 0.0,
                    "popGroup13": 0.0,
                    "popGroup14": 0.0,
                    "popGroup15": 0.0
                }
            },
            "60608": {
                "car": {
                    "popGroup2": 17.32271759013674,
                    "popGroup4": 0.0,
                    "popGroup6": 0.0,
                    "popGroup10": 16.653858753617072,
                    "popGroup12": 0.0,
                    "popGroup14": 0.0
                },
                "publicTransport": {
                    "popGroup0": 0.0,
                    "popGroup1": 0.0,
                    "popGroup2": 4.818035897823735,
                    "popGroup3": 13.220590882188679,
                    "popGroup4": 0.0,
                    "popGroup5": 0.0,
                    "popGroup6": 0.0,
                    "popGroup7": 0.0,
                    "popGroup8": 0.0,
                    "popGroup9": 0.0,
                    "popGroup10": 4.632419815593273,
                    "popGroup11": 14.0801899490757,
                    "popGroup12": 0.0,
                    "popGroup13": 0.0,
                    "popGroup14": 0.0,
                    "popGroup15": 0.0
                }
            },
            "60611": {
                "car": {
                    "popGroup2": 8.241186313196303,
                    "popGroup4": 0.0,
                    "popGroup6": 0.0,
                    "popGroup10": 7.922995128077911,
                    "popGroup12": 0.0,
                    "popGroup14": 0.0
                },
                "publicTransport": {
                    "popGroup0": 0.0,
                    "popGroup1": 0.0,
                    "popGroup2": 3.0185066912281373,
                    "popGroup3": 8.408420419410078,
                    "popGroup4": 0.0,
                    "popGroup5": 0.0,
                    "popGroup6": 0.0,
                    "popGroup7": 0.0,
                    "popGroup8": 0.0,
                    "popGroup9": 0.0,
                    "popGroup10": 2.9019841340407115,
                    "popGroup11": 8.956138063265332,
                    "popGroup12": 0.0,
                    "popGroup13": 0.0,
                    "popGroup14": 0.0,
                    "popGroup15": 0.0
                }
            },
            "60670": {
                "car": {
                    "popGroup2": 21.835403473821323,
                    "popGroup4": 0.0,
                    "popGroup6": 0.0,
                    "popGroup10": 20.992295523710993,
                    "popGroup12": 0.0,
                    "popGroup14": 0.0
                },
                "publicTransport": {
                    "popGroup0": 0.0,
                    "popGroup1": 0.0,
                    "popGroup2": 18.21167807949881,
                    "popGroup3": 51.045006138178536,
                    "popGroup4": 0.0,
                    "popGroup5": 0.0,
                    "popGroup6": 0.0,
                    "popGroup7": 0.0,
                    "popGroup8": 0.0,
                    "popGroup9": 0.0,
                    "popGroup10": 17.508529689839573,
                    "popGroup11": 54.37052764245939,
                    "popGroup12": 0.0,
                    "popGroup13": 0.0,
                    "popGroup14": 0.0,
                    "popGroup15": 0.0
                }
            },
            "60662": {
                "car": {
                    "popGroup2": 6.765893374954518,
                    "popGroup4": 0.0,
                    "popGroup6": 0.0,
                    "popGroup10": 6.504653143612172,
                    "popGroup12": 0.0,
                    "popGroup14": 0.0
                },
                "publicTransport": {
                    "popGroup0": 0.0,
                    "popGroup1": 0.0,
                    "popGroup2": 2.1525886323797385,
                    "popGroup3": 5.9791190145300686,
                    "popGroup4": 0.0,
                    "popGroup5": 0.0,
                    "popGroup6": 0.0,
                    "popGroup7": 0.0,
                    "popGroup8": 0.0,
                    "popGroup9": 0.0,
                    "popGroup10": 2.0695001999568854,
                    "popGroup11": 6.368588774215097,
                    "popGroup12": 0.0,
                    "popGroup13": 0.0,
                    "popGroup14": 0.0,
                    "popGroup15": 0.0
                }
            },
            "60656": {
                "car": {
                    "popGroup2": 7.358071513921473,
                    "popGroup4": 0.0,
                    "popGroup6": 0.0,
                    "popGroup10": 7.0739613279293625,
                    "popGroup12": 0.0,
                    "popGroup14": 0.0
                },
                "publicTransport": {
                    "popGroup0": 0.0,
                    "popGroup1": 0.0,
                    "popGroup2": 4.4097293672504705,
                    "popGroup3": 12.358745379985223,
                    "popGroup4": 0.0,
                    "popGroup5": 0.0,
                    "popGroup6": 0.0,
                    "popGroup7": 0.0,
                    "popGroup8": 0.0,
                    "popGroup9": 0.0,
                    "popGroup10": 4.239466425318844,
                    "popGroup11": 13.16393993054184,
                    "popGroup12": 0.0,
                    "popGroup13": 0.0,
                    "popGroup14": 0.0,
                    "popGroup15": 0.0
                }
            },
            "60655": {
                "car": {
                    "popGroup2": 10.450551354318398,
                    "popGroup4": 0.0,
                    "popGroup6": 0.0,
                    "popGroup10": 10.047042056580155,
                    "popGroup12": 0.0,
                    "popGroup14": 0.0
                },
                "publicTransport": {
                    "popGroup0": 0.0,
                    "popGroup1": 0.0,
                    "popGroup2": 5.149679540109088,
                    "popGroup3": 14.43937777258235,
                    "popGroup4": 0.0,
                    "popGroup5": 0.0,
                    "popGroup6": 0.0,
                    "popGroup7": 0.0,
                    "popGroup8": 0.0,
                    "popGroup9": 0.0,
                    "popGroup10": 4.950854010502033,
                    "popGroup11": 15.380069581954958,
                    "popGroup12": 0.0,
                    "popGroup13": 0.0,
                    "popGroup14": 0.0,
                    "popGroup15": 0.0
                }
            },
            "60624": {
                "car": {
                    "popGroup2": 27.965616785826775,
                    "popGroup4": 0.0,
                    "popGroup6": 0.0,
                    "popGroup10": 26.885807104402623,
                    "popGroup12": 0.0,
                    "popGroup14": 0.0
                },
                "publicTransport": {
                    "popGroup0": 0.0,
                    "popGroup1": 0.0,
                    "popGroup2": 16.810234503609777,
                    "popGroup3": 47.11454676204328,
                    "popGroup4": 0.0,
                    "popGroup5": 0.0,
                    "popGroup6": 0.0,
                    "popGroup7": 0.0,
                    "popGroup8": 0.0,
                    "popGroup9": 0.0,
                    "popGroup10": 16.161179514182713,
                    "popGroup11": 50.18413962451461,
                    "popGroup12": 0.0,
                    "popGroup13": 0.0,
                    "popGroup14": 0.0,
                    "popGroup15": 0.0
                }
            },
            "60660": {
                "car": {
                    "popGroup2": 8.091547108337558,
                    "popGroup4": 0.0,
                    "popGroup6": 0.0,
                    "popGroup10": 7.779117667371717,
                    "popGroup12": 0.0,
                    "popGroup14": 0.0
                },
                "publicTransport": {
                    "popGroup0": 0.0,
                    "popGroup1": 0.0,
                    "popGroup2": 5.203663139169084,
                    "popGroup3": 14.577023967327339,
                    "popGroup4": 0.0,
                    "popGroup5": 0.0,
                    "popGroup6": 0.0,
                    "popGroup7": 0.0,
                    "popGroup8": 0.0,
                    "popGroup9": 0.0,
                    "popGroup10": 5.002747868682041,
                    "popGroup11": 15.526729490499841,
                    "popGroup12": 0.0,
                    "popGroup13": 0.0,
                    "popGroup14": 0.0,
                    "popGroup15": 0.0
                }
            },
            "60629": {
                "car": {
                    "popGroup2": 14.167419748016933,
                    "popGroup4": 0.0,
                    "popGroup6": 0.0,
                    "popGroup10": 13.620397066654089,
                    "popGroup12": 0.0,
                    "popGroup14": 0.0
                },
                "publicTransport": {
                    "popGroup0": 0.0,
                    "popGroup1": 0.0,
                    "popGroup2": 7.068012990140484,
                    "popGroup3": 19.751578753365134,
                    "popGroup4": 0.0,
                    "popGroup5": 0.0,
                    "popGroup6": 0.0,
                    "popGroup7": 0.0,
                    "popGroup8": 0.0,
                    "popGroup9": 0.0,
                    "popGroup10": 6.795119343949939,
                    "popGroup11": 21.038427470210095,
                    "popGroup12": 0.0,
                    "popGroup13": 0.0,
                    "popGroup14": 0.0,
                    "popGroup15": 0.0
                }
            },
            "60618": {
                "car": {
                    "popGroup2": 3.8807749589212843,
                    "popGroup4": 0.0,
                    "popGroup6": 0.0,
                    "popGroup10": 3.730931297699832,
                    "popGroup12": 0.0,
                    "popGroup14": 0.0
                },
                "publicTransport": {
                    "popGroup0": 0.0,
                    "popGroup1": 0.0,
                    "popGroup2": 2.407805249106178,
                    "popGroup3": 6.748085676398172,
                    "popGroup4": 0.0,
                    "popGroup5": 0.0,
                    "popGroup6": 0.0,
                    "popGroup7": 0.0,
                    "popGroup8": 0.0,
                    "popGroup9": 0.0,
                    "popGroup10": 2.314839734645724,
                    "popGroup11": 7.187722266955615,
                    "popGroup12": 0.0,
                    "popGroup13": 0.0,
                    "popGroup14": 0.0,
                    "popGroup15": 0.0
                }
            },
            "61059": {
                "car": {
                    "popGroup2": 8.604122983485604,
                    "popGroup4": 0.0,
                    "popGroup6": 0.0,
                    "popGroup10": 8.271906575592832,
                    "popGroup12": 0.0,
                    "popGroup14": 0.0
                },
                "publicTransport": {
                    "popGroup0": 0.0,
                    "popGroup1": 0.0,
                    "popGroup2": 0.940534085044811,
                    "popGroup3": 2.5683462600106877,
                    "popGroup4": 0.0,
                    "popGroup5": 0.0,
                    "popGroup6": 0.0,
                    "popGroup7": 0.0,
                    "popGroup8": 0.0,
                    "popGroup9": 0.0,
                    "popGroup10": 0.904265121042366,
                    "popGroup11": 2.7355043894499618,
                    "popGroup12": 0.0,
                    "popGroup13": 0.0,
                    "popGroup14": 0.0,
                    "popGroup15": 0.0
                }
            },
            "61001": {
                "car": {
                    "popGroup2": 1.5155948579983798,
                    "popGroup4": 0.0,
                    "popGroup6": 0.0,
                    "popGroup10": 1.4570786111327099,
                    "popGroup12": 0.0,
                    "popGroup14": 0.0
                },
                "publicTransport": {
                    "popGroup0": 0.0,
                    "popGroup1": 0.0,
                    "popGroup2": 0.5445904971650259,
                    "popGroup3": 1.5166536518835303,
                    "popGroup4": 0.0,
                    "popGroup5": 0.0,
                    "popGroup6": 0.0,
                    "popGroup7": 0.0,
                    "popGroup8": 0.0,
                    "popGroup9": 0.0,
                    "popGroup10": 0.5235681701186657,
                    "popGroup11": 1.615444285631985,
                    "popGroup12": 0.0,
                    "popGroup13": 0.0,
                    "popGroup14": 0.0,
                    "popGroup15": 0.0
                }
            },
            "61055": {
                "car": {
                    "popGroup2": 1.5274620396120722,
                    "popGroup4": 0.0,
                    "popGroup6": 0.0,
                    "popGroup10": 1.4684897996144577,
                    "popGroup12": 0.0,
                    "popGroup14": 0.0
                },
                "publicTransport": {
                    "popGroup0": 0.0,
                    "popGroup1": 0.0,
                    "popGroup2": 0.5428216265948126,
                    "popGroup3": 1.5137683386851823,
                    "popGroup4": 0.0,
                    "popGroup5": 0.0,
                    "popGroup6": 0.0,
                    "popGroup7": 0.0,
                    "popGroup8": 0.0,
                    "popGroup9": 0.0,
                    "popGroup10": 0.5218689585907316,
                    "popGroup11": 1.6123550191735112,
                    "popGroup12": 0.0,
                    "popGroup13": 0.0,
                    "popGroup14": 0.0,
                    "popGroup15": 0.0
                }
            },
            "61021": {
                "car": {
                    "popGroup2": 7.6587998743913275,
                    "popGroup4": 0.0,
                    "popGroup6": 0.0,
                    "popGroup10": 7.363088937941813,
                    "popGroup12": 0.0,
                    "popGroup14": 0.0
                },
                "publicTransport": {
                    "popGroup0": 0.0,
                    "popGroup1": 0.0,
                    "popGroup2": 0.7518169640632348,
                    "popGroup3": 2.0534422336102045,
                    "popGroup4": 0.0,
                    "popGroup5": 0.0,
                    "popGroup6": 0.0,
                    "popGroup7": 0.0,
                    "popGroup8": 0.0,
                    "popGroup9": 0.0,
                    "popGroup10": 0.7228284352438672,
                    "popGroup11": 2.1870709913918276,
                    "popGroup12": 0.0,
                    "popGroup13": 0.0,
                    "popGroup14": 0.0,
                    "popGroup15": 0.0
                }
            },
            "61017": {
                "car": {
                    "popGroup2": 1.271990022257033,
                    "popGroup4": 0.0,
                    "popGroup6": 0.0,
                    "popGroup10": 1.2228789050784619,
                    "popGroup12": 0.0,
                    "popGroup14": 0.0
                },
                "publicTransport": {
                    "popGroup0": 0.0,
                    "popGroup1": 0.0,
                    "popGroup2": 0.1885483494754508,
                    "popGroup3": 0.5228886450125002,
                    "popGroup4": 0.0,
                    "popGroup5": 0.0,
                    "popGroup6": 0.0,
                    "popGroup7": 0.0,
                    "popGroup8": 0.0,
                    "popGroup9": 0.0,
                    "popGroup10": 0.1812738727662011,
                    "popGroup11": 0.5569304285098284,
                    "popGroup12": 0.0,
                    "popGroup13": 0.0,
                    "popGroup14": 0.0,
                    "popGroup15": 0.0
                }
            },
            "61020": {
                "car": {
                    "popGroup2": 1.8856929912360516,
                    "popGroup4": 0.0,
                    "popGroup6": 0.0,
                    "popGroup10": 1.812886887169085,
                    "popGroup12": 0.0,
                    "popGroup14": 0.0
                },
                "publicTransport": {
                    "popGroup0": 0.0,
                    "popGroup1": 0.0,
                    "popGroup2": 0.21209152132907744,
                    "popGroup3": 0.5865942620532747,
                    "popGroup4": 0.0,
                    "popGroup5": 0.0,
                    "popGroup6": 0.0,
                    "popGroup7": 0.0,
                    "popGroup8": 0.0,
                    "popGroup9": 0.0,
                    "popGroup10": 0.20391071516953957,
                    "popGroup11": 0.6247751480571944,
                    "popGroup12": 0.0,
                    "popGroup13": 0.0,
                    "popGroup14": 0.0,
                    "popGroup15": 0.0
                }
            },
            "61012": {
                "car": {
                    "popGroup2": 3.721173657330022,
                    "popGroup4": 0.0,
                    "popGroup6": 0.0,
                    "popGroup10": 3.5775006909682925,
                    "popGroup12": 0.0,
                    "popGroup14": 0.0
                },
                "publicTransport": {
                    "popGroup0": 0.0,
                    "popGroup1": 0.0,
                    "popGroup2": 0.4392148993559359,
                    "popGroup3": 1.2155297474279936,
                    "popGroup4": 0.0,
                    "popGroup5": 0.0,
                    "popGroup6": 0.0,
                    "popGroup7": 0.0,
                    "popGroup8": 0.0,
                    "popGroup9": 0.0,
                    "popGroup10": 0.42227258675300533,
                    "popGroup11": 1.294650939728653,
                    "popGroup12": 0.0,
                    "popGroup13": 0.0,
                    "popGroup14": 0.0,
                    "popGroup15": 0.0
                }
            },
            "61043": {
                "car": {
                    "popGroup2": 3.7139831153325846,
                    "popGroup4": 0.0,
                    "popGroup6": 0.0,
                    "popGroup10": 3.5705887218728285,
                    "popGroup12": 0.0,
                    "popGroup14": 0.0
                },
                "publicTransport": {
                    "popGroup0": 0.0,
                    "popGroup1": 0.0,
                    "popGroup2": 0.4595305290463485,
                    "popGroup3": 1.2735496107853164,
                    "popGroup4": 0.0,
                    "popGroup5": 0.0,
                    "popGroup6": 0.0,
                    "popGroup7": 0.0,
                    "popGroup8": 0.0,
                    "popGroup9": 0.0,
                    "popGroup10": 0.441804098021254,
                    "popGroup11": 1.3564472705215174,
                    "popGroup12": 0.0,
                    "popGroup13": 0.0,
                    "popGroup14": 0.0,
                    "popGroup15": 0.0
                }
            },
            "61053": {
                "car": {
                    "popGroup2": 27.346551683658912,
                    "popGroup4": 0.0,
                    "popGroup6": 0.0,
                    "popGroup10": 26.290706641125457,
                    "popGroup12": 0.0,
                    "popGroup14": 0.0
                },
                "publicTransport": {
                    "popGroup0": 0.0,
                    "popGroup1": 0.0,
                    "popGroup2": 3.192961491756923,
                    "popGroup3": 8.883440854540343,
                    "popGroup4": 0.0,
                    "popGroup5": 0.0,
                    "popGroup6": 0.0,
                    "popGroup7": 0.0,
                    "popGroup8": 0.0,
                    "popGroup9": 0.0,
                    "popGroup10": 3.0697764997839405,
                    "popGroup11": 9.461726812154394,
                    "popGroup12": 0.0,
                    "popGroup13": 0.0,
                    "popGroup14": 0.0,
                    "popGroup15": 0.0
                }
            },
            "61027": {
                "car": {
                    "popGroup2": 1.6609474704788085,
                    "popGroup4": 0.0,
                    "popGroup6": 0.0,
                    "popGroup10": 1.5968231670838529,
                    "popGroup12": 0.0,
                    "popGroup14": 0.0
                },
                "publicTransport": {
                    "popGroup0": 0.0,
                    "popGroup1": 0.0,
                    "popGroup2": 0.23191765703980532,
                    "popGroup3": 0.6427806831424697,
                    "popGroup4": 0.0,
                    "popGroup5": 0.0,
                    "popGroup6": 0.0,
                    "popGroup7": 0.0,
                    "popGroup8": 0.0,
                    "popGroup9": 0.0,
                    "popGroup10": 0.22297139198454924,
                    "popGroup11": 0.6846205115961471,
                    "popGroup12": 0.0,
                    "popGroup13": 0.0,
                    "popGroup14": 0.0,
                    "popGroup15": 0.0
                }
            },
            "61016": {
                "car": {
                    "popGroup2": 1.1665113697214982,
                    "popGroup4": 0.0,
                    "popGroup6": 0.0,
                    "popGroup10": 1.1214746102089728,
                    "popGroup12": 0.0,
                    "popGroup14": 0.0
                },
                "publicTransport": {
                    "popGroup0": 0.0,
                    "popGroup1": 0.0,
                    "popGroup2": 0.18790537236888408,
                    "popGroup3": 0.5241907193765074,
                    "popGroup4": 0.0,
                    "popGroup5": 0.0,
                    "popGroup6": 0.0,
                    "popGroup7": 0.0,
                    "popGroup8": 0.0,
                    "popGroup9": 0.0,
                    "popGroup10": 0.1806556648976133,
                    "popGroup11": 0.5583113026214203,
                    "popGroup12": 0.0,
                    "popGroup13": 0.0,
                    "popGroup14": 0.0,
                    "popGroup15": 0.0
                }
            },
            "61045": {
                "car": {
                    "popGroup2": 6.324854273854299,
                    "popGroup4": 0.0,
                    "popGroup6": 0.0,
                    "popGroup10": 6.080656437514802,
                    "popGroup12": 0.0,
                    "popGroup14": 0.0
                },
                "publicTransport": {
                    "popGroup0": 0.0,
                    "popGroup1": 0.0,
                    "popGroup2": 0.7250338389139862,
                    "popGroup3": 2.023550282567793,
                    "popGroup4": 0.0,
                    "popGroup5": 0.0,
                    "popGroup6": 0.0,
                    "popGroup7": 0.0,
                    "popGroup8": 0.0,
                    "popGroup9": 0.0,
                    "popGroup10": 0.697059071530993,
                    "popGroup11": 2.1552837256508295,
                    "popGroup12": 0.0,
                    "popGroup13": 0.0,
                    "popGroup14": 0.0,
                    "popGroup15": 0.0
                }
            },
            "61008": {
                "car": {
                    "popGroup2": 1.9218862483732186,
                    "popGroup4": 0.0,
                    "popGroup6": 0.0,
                    "popGroup10": 1.8476907889465675,
                    "popGroup12": 0.0,
                    "popGroup14": 0.0
                },
                "publicTransport": {
                    "popGroup0": 0.0,
                    "popGroup1": 0.0,
                    "popGroup2": 0.31977394370290513,
                    "popGroup3": 0.8918186520789941,
                    "popGroup4": 0.0,
                    "popGroup5": 0.0,
                    "popGroup6": 0.0,
                    "popGroup7": 0.0,
                    "popGroup8": 0.0,
                    "popGroup9": 0.0,
                    "popGroup10": 0.3074364922601122,
                    "popGroup11": 0.9498701764524116,
                    "popGroup12": 0.0,
                    "popGroup13": 0.0,
                    "popGroup14": 0.0,
                    "popGroup15": 0.0
                }
            },
            "61050": {
                "car": {
                    "popGroup2": 3.3317590685055665,
                    "popGroup4": 0.0,
                    "popGroup6": 0.0,
                    "popGroup10": 3.203132829796709,
                    "popGroup12": 0.0,
                    "popGroup14": 0.0
                },
                "publicTransport": {
                    "popGroup0": 0.0,
                    "popGroup1": 0.0,
                    "popGroup2": 0.37348811191302617,
                    "popGroup3": 1.0446336372973524,
                    "popGroup4": 0.0,
                    "popGroup5": 0.0,
                    "popGroup6": 0.0,
                    "popGroup7": 0.0,
                    "popGroup8": 0.0,
                    "popGroup9": 0.0,
                    "popGroup10": 0.3590761043946007,
                    "popGroup11": 1.1126410040450327,
                    "popGroup12": 0.0,
                    "popGroup13": 0.0,
                    "popGroup14": 0.0,
                    "popGroup15": 0.0
                }
            },
            "61049": {
                "car": {
                    "popGroup2": 2.6574072858034814,
                    "popGroup4": 0.0,
                    "popGroup6": 0.0,
                    "popGroup10": 2.554812758225757,
                    "popGroup12": 0.0,
                    "popGroup14": 0.0
                },
                "publicTransport": {
                    "popGroup0": 0.0,
                    "popGroup1": 0.0,
                    "popGroup2": 0.3279167062599048,
                    "popGroup3": 0.9158591582592098,
                    "popGroup4": 0.0,
                    "popGroup5": 0.0,
                    "popGroup6": 0.0,
                    "popGroup7": 0.0,
                    "popGroup8": 0.0,
                    "popGroup9": 0.0,
                    "popGroup10": 0.31526381184939595,
                    "popGroup11": 0.9754812928701836,
                    "popGroup12": 0.0,
                    "popGroup13": 0.0,
                    "popGroup14": 0.0,
                    "popGroup15": 0.0
                }
            },
            "61058": {
                "car": {
                    "popGroup2": 5.231344215077078,
                    "popGroup4": 0.0,
                    "popGroup6": 0.0,
                    "popGroup10": 5.029367458346628,
                    "popGroup12": 0.0,
                    "popGroup14": 0.0
                },
                "publicTransport": {
                    "popGroup0": 0.0,
                    "popGroup1": 0.0,
                    "popGroup2": 0.7334434155242385,
                    "popGroup3": 2.0505343007713446,
                    "popGroup4": 0.0,
                    "popGroup5": 0.0,
                    "popGroup6": 0.0,
                    "popGroup7": 0.0,
                    "popGroup8": 0.0,
                    "popGroup9": 0.0,
                    "popGroup10": 0.7051461874974377,
                    "popGroup11": 2.183989776425484,
                    "popGroup12": 0.0,
                    "popGroup13": 0.0,
                    "popGroup14": 0.0,
                    "popGroup15": 0.0
                }
            },
            "62347": {
                "car": {
                    "popGroup2": 0.6175789801510362,
                    "popGroup4": 0.0,
                    "popGroup6": 0.0,
                    "popGroup10": 0.593735292362603,
                    "popGroup12": 0.0,
                    "popGroup14": 0.0
                },
                "publicTransport": {
                    "popGroup0": 0.0,
                    "popGroup1": 0.0,
                    "popGroup2": 0.08044754052743865,
                    "popGroup3": 0.2251438490742681,
                    "popGroup4": 0.0,
                    "popGroup5": 0.0,
                    "popGroup6": 0.0,
                    "popGroup7": 0.0,
                    "popGroup8": 0.0,
                    "popGroup9": 0.0,
                    "popGroup10": 0.07734381101013438,
                    "popGroup11": 0.2397957848343419,
                    "popGroup12": 0.0,
                    "popGroup13": 0.0,
                    "popGroup14": 0.0,
                    "popGroup15": 0.0
                }
            }
        }
    }
}