{
    "Sum_Trips_per_Mode": {
        "work": {
            "60101": {
                "car": 1723.4363542466865,
                "publicTransport": 269.95492824691723
            },
            "60669": {
                "car": 78.04639610481436,
                "publicTransport": 59.25682515406758
            },
            "60608": {
                "car": 33.764985669614475,
                "publicTransport": 27.395112586313672
            },
            "60611": {
                "car": 16.006092048219877,
                "publicTransport": 23.827687968257987
            },
            "60670": {
                "car": 42.82889243990969,
                "publicTransport": 177.5674775511439
            },
            "60662": {
                "car": 13.131063170848797,
                "publicTransport": 16.366709891067327
            },
            "60656": {
                "car": 14.249740980623368,
                "publicTransport": 42.86218095671967
            },
            "60655": {
                "car": 20.244922931827304,
                "publicTransport": 48.986616951584836
            },
            "60624": {
                "car": 54.177095937667985,
                "publicTransport": 162.89364793401234
            },
            "60660": {
                "car": 15.68718829999904,
                "publicTransport": 49.39727832756816
            },
            "60629": {
                "car": 27.465870292717273,
                "publicTransport": 62.006069850638895
            },
            "60618": {
                "car": 7.5133194715698375,
                "publicTransport": 23.28954382662475
            },
            "61059": {
                "car": 16.71051394376925,
                "publicTransport": 8.50522792159244
            },
            "61001": {
                "car": 2.9447428463264163,
                "publicTransport": 4.368029637355212
            },
            "61055": {
                "car": 2.9695183279290545,
                "publicTransport": 4.48389226766396
            },
            "61021": {
                "car": 14.889904388640371,
                "publicTransport": 6.886047046788288
            },
            "61017": {
                "car": 2.471283014601458,
                "publicTransport": 1.6224697519975748
            },
            "61020": {
                "car": 3.6667704867664135,
                "publicTransport": 1.8720223663525886
            },
            "61012": {
                "car": 7.241316456654202,
                "publicTransport": 3.8810462937789225
            },
            "61043": {
                "car": 7.22544163784149,
                "publicTransport": 4.024580812738639
            },
            "61053": {
                "car": 53.218734899236665,
                "publicTransport": 27.63174054581635
            },
            "61027": {
                "car": 3.2305194227144094,
                "publicTransport": 2.031058684758443
            },
            "61016": {
                "car": 2.271916485289685,
                "publicTransport": 1.598075130524971
            },
            "61045": {
                "car": 12.31451421883847,
                "publicTransport": 6.184900170890753
            },
            "61008": {
                "car": 3.7412687845596393,
                "publicTransport": 2.724175019774567
            },
            "61050": {
                "car": 6.4991163994766135,
                "publicTransport": 3.1515882248234903
            },
            "61049": {
                "car": 5.180046790135171,
                "publicTransport": 2.7813342421921616
            },
            "61058": {
                "car": 10.190455780839464,
                "publicTransport": 6.177346779287388
            },
            "62347": {
                "car": 1.2035485748154071,
                "publicTransport": 0.6766502161778705
            }
        }
    },
    "Trips_per_group": {
        "work": {
            "60101": {
                "car": {
                    "popGroup2": 878.5035829374751,
                    "popGroup4": 0.0,
                    "popGroup6": 0.0,
                    "popGroup10": 844.9327713092114,
                    "popGroup12": 0.0,
                    "popGroup14": 0.0
                },
                "publicTransport": {
                    "popGroup0": 0.0,
                    "popGroup1": 0.0,
                    "popGroup2": 75.19148277166032,
                    "popGroup3": 59.31370455376596,
                    "popGroup4": 0.0,
                    "popGroup5": 0.0,
                    "popGroup6": 0.0,
                    "popGroup7": 0.0,
                    "popGroup8": 0.0,
                    "popGroup9": 0.0,
                    "popGroup10": 72.32837453383686,
                    "popGroup11": 63.121366387654064,
                    "popGroup12": 0.0,
                    "popGroup13": 0.0,
                    "popGroup14": 0.0,
                    "popGroup15": 0.0
                }
            },
            "60669": {
                "car": {
                    "popGroup2": 39.78336613048723,
                    "popGroup4": 0.0,
                    "popGroup6": 0.0,
                    "popGroup10": 38.263029974327125,
                    "popGroup12": 0.0,
                    "popGroup14": 0.0
                },
                "publicTransport": {
                    "popGroup0": 0.0,
                    "popGroup1": 0.0,
                    "popGroup2": 8.47457257227408,
                    "popGroup3": 20.65107642522785,
                    "popGroup4": 0.0,
                    "popGroup5": 0.0,
                    "popGroup6": 0.0,
                    "popGroup7": 0.0,
                    "popGroup8": 0.0,
                    "popGroup9": 0.0,
                    "popGroup10": 8.151181741708877,
                    "popGroup11": 21.97999441485677,
                    "popGroup12": 0.0,
                    "popGroup13": 0.0,
                    "popGroup14": 0.0,
                    "popGroup15": 0.0
                }
            },
            "60608": {
                "car": {
                    "popGroup2": 17.211357181251742,
                    "popGroup4": 0.0,
                    "popGroup6": 0.0,
                    "popGroup10": 16.553628488362733,
                    "popGroup12": 0.0,
                    "popGroup14": 0.0
                },
                "publicTransport": {
                    "popGroup0": 0.0,
                    "popGroup1": 0.0,
                    "popGroup2": 3.673643422521047,
                    "popGroup3": 9.779453533347665,
                    "popGroup4": 0.0,
                    "popGroup5": 0.0,
                    "popGroup6": 0.0,
                    "popGroup7": 0.0,
                    "popGroup8": 0.0,
                    "popGroup9": 0.0,
                    "popGroup10": 3.5334588802225926,
                    "popGroup11": 10.408556750222367,
                    "popGroup12": 0.0,
                    "popGroup13": 0.0,
                    "popGroup14": 0.0,
                    "popGroup15": 0.0
                }
            },
            "60611": {
                "car": {
                    "popGroup2": 8.158935253950201,
                    "popGroup4": 0.0,
                    "popGroup6": 0.0,
                    "popGroup10": 7.847156794269676,
                    "popGroup12": 0.0,
                    "popGroup14": 0.0
                },
                "publicTransport": {
                    "popGroup0": 0.0,
                    "popGroup1": 0.0,
                    "popGroup2": 2.6578236489211653,
                    "popGroup3": 9.016791141839596,
                    "popGroup4": 0.0,
                    "popGroup5": 0.0,
                    "popGroup6": 0.0,
                    "popGroup7": 0.0,
                    "popGroup8": 0.0,
                    "popGroup9": 0.0,
                    "popGroup10": 2.556347975839335,
                    "popGroup11": 9.596725201657891,
                    "popGroup12": 0.0,
                    "popGroup13": 0.0,
                    "popGroup14": 0.0,
                    "popGroup15": 0.0
                }
            },
            "60670": {
                "car": {
                    "popGroup2": 21.83158834301949,
                    "popGroup4": 0.0,
                    "popGroup6": 0.0,
                    "popGroup10": 20.997304096890197,
                    "popGroup12": 0.0,
                    "popGroup14": 0.0
                },
                "publicTransport": {
                    "popGroup0": 0.0,
                    "popGroup1": 0.0,
                    "popGroup2": 18.208496094147478,
                    "popGroup3": 68.71223448715449,
                    "popGroup4": 0.0,
                    "popGroup5": 0.0,
                    "popGroup6": 0.0,
                    "popGroup7": 0.0,
                    "popGroup8": 0.0,
                    "popGroup9": 0.0,
                    "popGroup10": 17.51270706777867,
                    "popGroup11": 73.13403990206325,
                    "popGroup12": 0.0,
                    "popGroup13": 0.0,
                    "popGroup14": 0.0,
                    "popGroup15": 0.0
                }
            },
            "60662": {
                "car": {
                    "popGroup2": 6.693425155698623,
                    "popGroup4": 0.0,
                    "popGroup6": 0.0,
                    "popGroup10": 6.437638015150175,
                    "popGroup12": 0.0,
                    "popGroup14": 0.0
                },
                "publicTransport": {
                    "popGroup0": 0.0,
                    "popGroup1": 0.0,
                    "popGroup2": 1.9110117584330841,
                    "popGroup3": 6.112317167225311,
                    "popGroup4": 0.0,
                    "popGroup5": 0.0,
                    "popGroup6": 0.0,
                    "popGroup7": 0.0,
                    "popGroup8": 0.0,
                    "popGroup9": 0.0,
                    "popGroup10": 1.8380872969946913,
                    "popGroup11": 6.505293668414239,
                    "popGroup12": 0.0,
                    "popGroup13": 0.0,
                    "popGroup14": 0.0,
                    "popGroup15": 0.0
                }
            },
            "60656": {
                "car": {
                    "popGroup2": 7.263662918083589,
                    "popGroup4": 0.0,
                    "popGroup6": 0.0,
                    "popGroup10": 6.9860780625397805,
                    "popGroup12": 0.0,
                    "popGroup14": 0.0
                },
                "publicTransport": {
                    "popGroup0": 0.0,
                    "popGroup1": 0.0,
                    "popGroup2": 4.399252331202107,
                    "popGroup3": 16.582307483032213,
                    "popGroup4": 0.0,
                    "popGroup5": 0.0,
                    "popGroup6": 0.0,
                    "popGroup7": 0.0,
                    "popGroup8": 0.0,
                    "popGroup9": 0.0,
                    "popGroup10": 4.231141211011709,
                    "popGroup11": 17.649479931473643,
                    "popGroup12": 0.0,
                    "popGroup13": 0.0,
                    "popGroup14": 0.0,
                    "popGroup15": 0.0
                }
            },
            "60655": {
                "car": {
                    "popGroup2": 10.319642724292441,
                    "popGroup4": 0.0,
                    "popGroup6": 0.0,
                    "popGroup10": 9.925280207534861,
                    "popGroup12": 0.0,
                    "popGroup14": 0.0
                },
                "publicTransport": {
                    "popGroup0": 0.0,
                    "popGroup1": 0.0,
                    "popGroup2": 5.027044734802915,
                    "popGroup3": 18.952485533654333,
                    "popGroup4": 0.0,
                    "popGroup5": 0.0,
                    "popGroup6": 0.0,
                    "popGroup7": 0.0,
                    "popGroup8": 0.0,
                    "popGroup9": 0.0,
                    "popGroup10": 4.834948558270817,
                    "popGroup11": 20.17213812485677,
                    "popGroup12": 0.0,
                    "popGroup13": 0.0,
                    "popGroup14": 0.0,
                    "popGroup15": 0.0
                }
            },
            "60624": {
                "car": {
                    "popGroup2": 27.616232446036538,
                    "popGroup4": 0.0,
                    "popGroup6": 0.0,
                    "popGroup10": 26.560863491631444,
                    "popGroup12": 0.0,
                    "popGroup14": 0.0
                },
                "publicTransport": {
                    "popGroup0": 0.0,
                    "popGroup1": 0.0,
                    "popGroup2": 16.720590080931665,
                    "popGroup3": 63.01791402686956,
                    "popGroup4": 0.0,
                    "popGroup5": 0.0,
                    "popGroup6": 0.0,
                    "popGroup7": 0.0,
                    "popGroup8": 0.0,
                    "popGroup9": 0.0,
                    "popGroup10": 16.081635965791676,
                    "popGroup11": 67.07350786041945,
                    "popGroup12": 0.0,
                    "popGroup13": 0.0,
                    "popGroup14": 0.0,
                    "popGroup15": 0.0
                }
            },
            "60660": {
                "car": {
                    "popGroup2": 7.996385861303813,
                    "popGroup4": 0.0,
                    "popGroup6": 0.0,
                    "popGroup10": 7.690802438695227,
                    "popGroup12": 0.0,
                    "popGroup14": 0.0
                },
                "publicTransport": {
                    "popGroup0": 0.0,
                    "popGroup1": 0.0,
                    "popGroup2": 5.083756888838891,
                    "popGroup3": 19.097496188924165,
                    "popGroup4": 0.0,
                    "popGroup5": 0.0,
                    "popGroup6": 0.0,
                    "popGroup7": 0.0,
                    "popGroup8": 0.0,
                    "popGroup9": 0.0,
                    "popGroup10": 4.889488978110716,
                    "popGroup11": 20.326536271694387,
                    "popGroup12": 0.0,
                    "popGroup13": 0.0,
                    "popGroup14": 0.0,
                    "popGroup15": 0.0
                }
            },
            "60629": {
                "car": {
                    "popGroup2": 14.000446670653975,
                    "popGroup4": 0.0,
                    "popGroup6": 0.0,
                    "popGroup10": 13.465423622063298,
                    "popGroup12": 0.0,
                    "popGroup14": 0.0
                },
                "publicTransport": {
                    "popGroup0": 0.0,
                    "popGroup1": 0.0,
                    "popGroup2": 6.5606479252369745,
                    "popGroup3": 23.801788426180163,
                    "popGroup4": 0.0,
                    "popGroup5": 0.0,
                    "popGroup6": 0.0,
                    "popGroup7": 0.0,
                    "popGroup8": 0.0,
                    "popGroup9": 0.0,
                    "popGroup10": 6.309959961495805,
                    "popGroup11": 25.33367353772595,
                    "popGroup12": 0.0,
                    "popGroup13": 0.0,
                    "popGroup14": 0.0,
                    "popGroup15": 0.0
                }
            },
            "60618": {
                "car": {
                    "popGroup2": 3.8298389424743444,
                    "popGroup4": 0.0,
                    "popGroup6": 0.0,
                    "popGroup10": 3.683480529095493,
                    "popGroup12": 0.0,
                    "popGroup14": 0.0
                },
                "publicTransport": {
                    "popGroup0": 0.0,
                    "popGroup1": 0.0,
                    "popGroup2": 2.390875025971889,
                    "popGroup3": 9.0096725218488,
                    "popGroup4": 0.0,
                    "popGroup5": 0.0,
                    "popGroup6": 0.0,
                    "popGroup7": 0.0,
                    "popGroup8": 0.0,
                    "popGroup9": 0.0,
                    "popGroup10": 2.2995126264072865,
                    "popGroup11": 9.589483652396773,
                    "popGroup12": 0.0,
                    "popGroup13": 0.0,
                    "popGroup14": 0.0,
                    "popGroup15": 0.0
                }
            },
            "61059": {
                "car": {
                    "popGroup2": 8.518013037408458,
                    "popGroup4": 0.0,
                    "popGroup6": 0.0,
                    "popGroup10": 8.192500906360792,
                    "popGroup12": 0.0,
                    "popGroup14": 0.0
                },
                "publicTransport": {
                    "popGroup0": 0.0,
                    "popGroup1": 0.0,
                    "popGroup2": 1.1474257399071512,
                    "popGroup3": 3.0297543919908274,
                    "popGroup4": 0.0,
                    "popGroup5": 0.0,
                    "popGroup6": 0.0,
                    "popGroup7": 0.0,
                    "popGroup8": 0.0,
                    "popGroup9": 0.0,
                    "popGroup10": 1.1036878173509763,
                    "popGroup11": 3.2243599723434837,
                    "popGroup12": 0.0,
                    "popGroup13": 0.0,
                    "popGroup14": 0.0,
                    "popGroup15": 0.0
                }
            },
            "61001": {
                "car": {
                    "popGroup2": 1.501050968892791,
                    "popGroup4": 0.0,
                    "popGroup6": 0.0,
                    "popGroup10": 1.4436918774336251,
                    "popGroup12": 0.0,
                    "popGroup14": 0.0
                },
                "publicTransport": {
                    "popGroup0": 0.0,
                    "popGroup1": 0.0,
                    "popGroup2": 0.4878132739483538,
                    "popGroup3": 1.6523751252306773,
                    "popGroup4": 0.0,
                    "popGroup5": 0.0,
                    "popGroup6": 0.0,
                    "popGroup7": 0.0,
                    "popGroup8": 0.0,
                    "popGroup9": 0.0,
                    "popGroup10": 0.4691881416243674,
                    "popGroup11": 1.7586530965518143,
                    "popGroup12": 0.0,
                    "popGroup13": 0.0,
                    "popGroup14": 0.0,
                    "popGroup15": 0.0
                }
            },
            "61055": {
                "car": {
                    "popGroup2": 1.5136788227846507,
                    "popGroup4": 0.0,
                    "popGroup6": 0.0,
                    "popGroup10": 1.4558395051444035,
                    "popGroup12": 0.0,
                    "popGroup14": 0.0
                },
                "publicTransport": {
                    "popGroup0": 0.0,
                    "popGroup1": 0.0,
                    "popGroup2": 0.49048917526954355,
                    "popGroup3": 1.7059602332274169,
                    "popGroup4": 0.0,
                    "popGroup5": 0.0,
                    "popGroup6": 0.0,
                    "popGroup7": 0.0,
                    "popGroup8": 0.0,
                    "popGroup9": 0.0,
                    "popGroup10": 0.471759338025464,
                    "popGroup11": 1.8156835211415356,
                    "popGroup12": 0.0,
                    "popGroup13": 0.0,
                    "popGroup14": 0.0,
                    "popGroup15": 0.0
                }
            },
            "61021": {
                "car": {
                    "popGroup2": 7.58997287482322,
                    "popGroup4": 0.0,
                    "popGroup6": 0.0,
                    "popGroup10": 7.299931513817152,
                    "popGroup12": 0.0,
                    "popGroup14": 0.0
                },
                "publicTransport": {
                    "popGroup0": 0.0,
                    "popGroup1": 0.0,
                    "popGroup2": 0.927588946493869,
                    "popGroup3": 2.4542973748486694,
                    "popGroup4": 0.0,
                    "popGroup5": 0.0,
                    "popGroup6": 0.0,
                    "popGroup7": 0.0,
                    "popGroup8": 0.0,
                    "popGroup9": 0.0,
                    "popGroup10": 0.8922330003543875,
                    "popGroup11": 2.6119277250913626,
                    "popGroup12": 0.0,
                    "popGroup13": 0.0,
                    "popGroup14": 0.0,
                    "popGroup15": 0.0
                }
            },
            "61017": {
                "car": {
                    "popGroup2": 1.259710058712027,
                    "popGroup4": 0.0,
                    "popGroup6": 0.0,
                    "popGroup10": 1.211572955889431,
                    "popGroup12": 0.0,
                    "popGroup14": 0.0
                },
                "publicTransport": {
                    "popGroup0": 0.0,
                    "popGroup1": 0.0,
                    "popGroup2": 0.19789626797470455,
                    "popGroup3": 0.5979047854551609,
                    "popGroup4": 0.0,
                    "popGroup5": 0.0,
                    "popGroup6": 0.0,
                    "popGroup7": 0.0,
                    "popGroup8": 0.0,
                    "popGroup9": 0.0,
                    "popGroup10": 0.1903496025558606,
                    "popGroup11": 0.6363190960118488,
                    "popGroup12": 0.0,
                    "popGroup13": 0.0,
                    "popGroup14": 0.0,
                    "popGroup15": 0.0
                }
            },
            "61020": {
                "car": {
                    "popGroup2": 1.8690969855334578,
                    "popGroup4": 0.0,
                    "popGroup6": 0.0,
                    "popGroup10": 1.7976735012329554,
                    "popGroup12": 0.0,
                    "popGroup14": 0.0
                },
                "publicTransport": {
                    "popGroup0": 0.0,
                    "popGroup1": 0.0,
                    "popGroup2": 0.23482461274193478,
                    "popGroup3": 0.6837042225452707,
                    "popGroup4": 0.0,
                    "popGroup5": 0.0,
                    "popGroup6": 0.0,
                    "popGroup7": 0.0,
                    "popGroup8": 0.0,
                    "popGroup9": 0.0,
                    "popGroup10": 0.22587183690218282,
                    "popGroup11": 0.7276216941632004,
                    "popGroup12": 0.0,
                    "popGroup13": 0.0,
                    "popGroup14": 0.0,
                    "popGroup15": 0.0
                }
            },
            "61012": {
                "car": {
                    "popGroup2": 3.6911831184705024,
                    "popGroup4": 0.0,
                    "popGroup6": 0.0,
                    "popGroup10": 3.5501333381836995,
                    "popGroup12": 0.0,
                    "popGroup14": 0.0
                },
                "publicTransport": {
                    "popGroup0": 0.0,
                    "popGroup1": 0.0,
                    "popGroup2": 0.48410912457533856,
                    "popGroup3": 1.4200339378998073,
                    "popGroup4": 0.0,
                    "popGroup5": 0.0,
                    "popGroup6": 0.0,
                    "popGroup7": 0.0,
                    "popGroup8": 0.0,
                    "popGroup9": 0.0,
                    "popGroup10": 0.4656516943856603,
                    "popGroup11": 1.5112515369181165,
                    "popGroup12": 0.0,
                    "popGroup13": 0.0,
                    "popGroup14": 0.0,
                    "popGroup15": 0.0
                }
            },
            "61043": {
                "car": {
                    "popGroup2": 3.683090644695482,
                    "popGroup4": 0.0,
                    "popGroup6": 0.0,
                    "popGroup10": 3.542350993146008,
                    "popGroup12": 0.0,
                    "popGroup14": 0.0
                },
                "publicTransport": {
                    "popGroup0": 0.0,
                    "popGroup1": 0.0,
                    "popGroup2": 0.496882751119997,
                    "popGroup3": 1.4774277766588193,
                    "popGroup4": 0.0,
                    "popGroup5": 0.0,
                    "popGroup6": 0.0,
                    "popGroup7": 0.0,
                    "popGroup8": 0.0,
                    "popGroup9": 0.0,
                    "popGroup10": 0.47793773214414037,
                    "popGroup11": 1.5723325528156833,
                    "popGroup12": 0.0,
                    "popGroup13": 0.0,
                    "popGroup14": 0.0,
                    "popGroup15": 0.0
                }
            },
            "61053": {
                "car": {
                    "popGroup2": 27.127680113323144,
                    "popGroup4": 0.0,
                    "popGroup6": 0.0,
                    "popGroup10": 26.091054785913524,
                    "popGroup12": 0.0,
                    "popGroup14": 0.0
                },
                "publicTransport": {
                    "popGroup0": 0.0,
                    "popGroup1": 0.0,
                    "popGroup2": 3.304642949662091,
                    "popGroup3": 10.245149294065332,
                    "popGroup4": 0.0,
                    "popGroup5": 0.0,
                    "popGroup6": 0.0,
                    "popGroup7": 0.0,
                    "popGroup8": 0.0,
                    "popGroup9": 0.0,
                    "popGroup10": 3.178623499663047,
                    "popGroup11": 10.90332480242588,
                    "popGroup12": 0.0,
                    "popGroup13": 0.0,
                    "popGroup14": 0.0,
                    "popGroup15": 0.0
                }
            },
            "61027": {
                "car": {
                    "popGroup2": 1.6467203824698973,
                    "popGroup4": 0.0,
                    "popGroup6": 0.0,
                    "popGroup10": 1.5837990402445121,
                    "popGroup12": 0.0,
                    "popGroup14": 0.0
                },
                "publicTransport": {
                    "popGroup0": 0.0,
                    "popGroup1": 0.0,
                    "popGroup2": 0.25063884486636623,
                    "popGroup3": 0.7457174758538193,
                    "popGroup4": 0.0,
                    "popGroup5": 0.0,
                    "popGroup6": 0.0,
                    "popGroup7": 0.0,
                    "popGroup8": 0.0,
                    "popGroup9": 0.0,
                    "popGroup10": 0.24108252465100774,
                    "popGroup11": 0.7936198393872498,
                    "popGroup12": 0.0,
                    "popGroup13": 0.0,
                    "popGroup14": 0.0,
                    "popGroup15": 0.0
                }
            },
            "61016": {
                "car": {
                    "popGroup2": 1.158083997017991,
                    "popGroup4": 0.0,
                    "popGroup6": 0.0,
                    "popGroup10": 1.1138324882716937,
                    "popGroup12": 0.0,
                    "popGroup14": 0.0
                },
                "publicTransport": {
                    "popGroup0": 0.0,
                    "popGroup1": 0.0,
                    "popGroup2": 0.1850866113344896,
                    "popGroup3": 0.5982638413276776,
                    "popGroup4": 0.0,
                    "popGroup5": 0.0,
                    "popGroup6": 0.0,
                    "popGroup7": 0.0,
                    "popGroup8": 0.0,
                    "popGroup9": 0.0,
                    "popGroup10": 0.178027692524804,
                    "popGroup11": 0.6366969853379997,
                    "popGroup12": 0.0,
                    "popGroup13": 0.0,
                    "popGroup14": 0.0,
                    "popGroup15": 0.0
                }
            },
            "61045": {
                "car": {
                    "popGroup2": 6.2771897465569335,
                    "popGroup4": 0.0,
                    "popGroup6": 0.0,
                    "popGroup10": 6.0373244722815365,
                    "popGroup12": 0.0,
                    "popGroup14": 0.0
                },
                "publicTransport": {
                    "popGroup0": 0.0,
                    "popGroup1": 0.0,
                    "popGroup2": 0.7169793875953139,
                    "popGroup3": 2.3147833585084876,
                    "popGroup4": 0.0,
                    "popGroup5": 0.0,
                    "popGroup6": 0.0,
                    "popGroup7": 0.0,
                    "popGroup8": 0.0,
                    "popGroup9": 0.0,
                    "popGroup10": 0.6896333750433338,
                    "popGroup11": 2.463504049743617,
                    "popGroup12": 0.0,
                    "popGroup13": 0.0,
                    "popGroup14": 0.0,
                    "popGroup15": 0.0
                }
            },
            "61008": {
                "car": {
                    "popGroup2": 1.9070674375005006,
                    "popGroup4": 0.0,
                    "popGroup6": 0.0,
                    "popGroup10": 1.8342013470591387,
                    "popGroup12": 0.0,
                    "popGroup14": 0.0
                },
                "publicTransport": {
                    "popGroup0": 0.0,
                    "popGroup1": 0.0,
                    "popGroup2": 0.31680019767783807,
                    "popGroup3": 1.0186096657133252,
                    "popGroup4": 0.0,
                    "popGroup5": 0.0,
                    "popGroup6": 0.0,
                    "popGroup7": 0.0,
                    "popGroup8": 0.0,
                    "popGroup9": 0.0,
                    "popGroup10": 0.3047180677821333,
                    "popGroup11": 1.0840470886012705,
                    "popGroup12": 0.0,
                    "popGroup13": 0.0,
                    "popGroup14": 0.0,
                    "popGroup15": 0.0
                }
            },
            "61050": {
                "car": {
                    "popGroup2": 3.3128484698418412,
                    "popGroup4": 0.0,
                    "popGroup6": 0.0,
                    "popGroup10": 3.1862679296347722,
                    "popGroup12": 0.0,
                    "popGroup14": 0.0
                },
                "publicTransport": {
                    "popGroup0": 0.0,
                    "popGroup1": 0.0,
                    "popGroup2": 0.3534709746744639,
                    "popGroup3": 1.190806953465693,
                    "popGroup4": 0.0,
                    "popGroup5": 0.0,
                    "popGroup6": 0.0,
                    "popGroup7": 0.0,
                    "popGroup8": 0.0,
                    "popGroup9": 0.0,
                    "popGroup10": 0.33998601880802914,
                    "popGroup11": 1.267324277875304,
                    "popGroup12": 0.0,
                    "popGroup13": 0.0,
                    "popGroup14": 0.0,
                    "popGroup15": 0.0
                }
            },
            "61049": {
                "car": {
                    "popGroup2": 2.6404694354606413,
                    "popGroup4": 0.0,
                    "popGroup6": 0.0,
                    "popGroup10": 2.53957735467453,
                    "popGroup12": 0.0,
                    "popGroup14": 0.0
                },
                "publicTransport": {
                    "popGroup0": 0.0,
                    "popGroup1": 0.0,
                    "popGroup2": 0.3172618636386594,
                    "popGroup3": 1.0458571486921042,
                    "popGroup4": 0.0,
                    "popGroup5": 0.0,
                    "popGroup6": 0.0,
                    "popGroup7": 0.0,
                    "popGroup8": 0.0,
                    "popGroup9": 0.0,
                    "popGroup10": 0.30515979071853633,
                    "popGroup11": 1.1130554391428615,
                    "popGroup12": 0.0,
                    "popGroup13": 0.0,
                    "popGroup14": 0.0,
                    "popGroup15": 0.0
                }
            },
            "61058": {
                "car": {
                    "popGroup2": 5.1944730415201015,
                    "popGroup4": 0.0,
                    "popGroup6": 0.0,
                    "popGroup10": 4.995982739319362,
                    "popGroup12": 0.0,
                    "popGroup14": 0.0
                },
                "publicTransport": {
                    "popGroup0": 0.0,
                    "popGroup1": 0.0,
                    "popGroup2": 0.6937788843551912,
                    "popGroup3": 2.333185282262933,
                    "popGroup4": 0.0,
                    "popGroup5": 0.0,
                    "popGroup6": 0.0,
                    "popGroup7": 0.0,
                    "popGroup8": 0.0,
                    "popGroup9": 0.0,
                    "popGroup10": 0.6673155317477746,
                    "popGroup11": 2.483067080921489,
                    "popGroup12": 0.0,
                    "popGroup13": 0.0,
                    "popGroup14": 0.0,
                    "popGroup15": 0.0
                }
            },
            "62347": {
                "car": {
                    "popGroup2": 0.6134954634030387,
                    "popGroup4": 0.0,
                    "popGroup6": 0.0,
                    "popGroup10": 0.5900531114123684,
                    "popGroup12": 0.0,
                    "popGroup14": 0.0
                },
                "publicTransport": {
                    "popGroup0": 0.0,
                    "popGroup1": 0.0,
                    "popGroup2": 0.07476288905860819,
                    "popGroup3": 0.2567418604251521,
                    "popGroup4": 0.0,
                    "popGroup5": 0.0,
                    "popGroup6": 0.0,
                    "popGroup7": 0.0,
                    "popGroup8": 0.0,
                    "popGroup9": 0.0,
                    "popGroup10": 0.07191089689014259,
                    "popGroup11": 0.27323456980396754,
                    "popGroup12": 0.0,
                    "popGroup13": 0.0,
                    "popGroup14": 0.0,
                    "popGroup15": 0.0
                }
            }
        }
    }
}