{
    "Sum_Trips_per_Mode": {
        "work": {
            "60101": {
                "car": 279.6595150168538,
                "publicTransport": 66.70989949382977
            },
            "60669": {
                "car": 11.795793776130566,
                "publicTransport": 3.008624630094829
            },
            "60608": {
                "car": 5.669397066885114,
                "publicTransport": 1.458960473728772
            },
            "60611": {
                "car": 3.285849463452612,
                "publicTransport": 1.458503545180643
            },
            "60670": {
                "car": 9.651782026049556,
                "publicTransport": 3.517374001581886
            },
            "60662": {
                "car": 2.699119222628066,
                "publicTransport": 1.2593299435403482
            },
            "60656": {
                "car": 2.802901911168693,
                "publicTransport": 0.8220603748800634
            },
            "60655": {
                "car": 4.055200000671481,
                "publicTransport": 1.36330120084137
            },
            "60624": {
                "car": 8.95116453351722,
                "publicTransport": 4.062225222148213
            },
            "60660": {
                "car": 2.9612338579522577,
                "publicTransport": 0.8794036643686045
            },
            "60629": {
                "car": 4.389064884054486,
                "publicTransport": 1.3413903378706395
            },
            "60618": {
                "car": 0.8660307179998796,
                "publicTransport": 0.32412670109432673
            },
            "61059": {
                "car": 4.599660280280487,
                "publicTransport": 1.8223102189834384
            },
            "61001": {
                "car": 0.956855875243402,
                "publicTransport": 0.46630021206192157
            },
            "61055": {
                "car": 1.3489900430622959,
                "publicTransport": 0.6831820570835925
            },
            "61021": {
                "car": 5.397683711646196,
                "publicTransport": 2.749671068934753
            },
            "61017": {
                "car": 0.689223636571777,
                "publicTransport": 0.307527488573055
            },
            "61020": {
                "car": 1.3741064433265804,
                "publicTransport": 0.6390615766368576
            },
            "61012": {
                "car": 3.345542969384533,
                "publicTransport": 1.6157289408650302
            },
            "61043": {
                "car": 3.1969306601789365,
                "publicTransport": 1.5513380385411368
            },
            "61053": {
                "car": 27.968033312734114,
                "publicTransport": 14.052679966049471
            },
            "61027": {
                "car": 1.8328279999744854,
                "publicTransport": 0.9632091149022998,
                "bicycle": 0.6531121230525909
            },
            "61016": {
                "car": 1.2868014115680948,
                "publicTransport": 0.6278547848041975
            },
            "61045": {
                "car": 7.832120947534715,
                "publicTransport": 4.077682752408955,
                "bicycle": 3.512754353534207
            },
            "61008": {
                "car": 2.3619824101439466,
                "publicTransport": 1.2981432322521973,
                "bicycle": 0.8659549258048469,
                "walk": 0.34140994231924837
            },
            "61050": {
                "car": 3.697746617926292,
                "publicTransport": 1.8035828026200744
            },
            "61049": {
                "car": 2.8607705025190673,
                "publicTransport": 1.466426292074145
            },
            "61058": {
                "car": 7.326458287529708,
                "publicTransport": 3.8424361576639225,
                "bicycle": 2.601697675369992
            },
            "62347": {
                "car": 0.8974966603203076,
                "publicTransport": 0.4548397161145412
            }
        }
    },
    "Trips_per_group": {
        "work": {
            "60101": {
                "car": {
                    "popGroup2": 137.23271967897892,
                    "popGroup4": 0.0,
                    "popGroup6": 0.0,
                    "popGroup10": 142.42679533787484,
                    "popGroup12": 0.0,
                    "popGroup14": 0.0
                },
                "publicTransport": {
                    "popGroup0": 0.0,
                    "popGroup1": 0.0,
                    "popGroup2": 5.730199727477514,
                    "popGroup3": 30.437277122872494,
                    "popGroup4": 0.0,
                    "popGroup5": 0.0,
                    "popGroup6": 0.0,
                    "popGroup7": 0.0,
                    "popGroup8": 0.0,
                    "popGroup9": 0.0,
                    "popGroup10": 5.944255293483032,
                    "popGroup11": 24.598167349996736,
                    "popGroup12": 0.0,
                    "popGroup13": 0.0,
                    "popGroup14": 0.0,
                    "popGroup15": 0.0
                }
            },
            "60669": {
                "car": {
                    "popGroup2": 5.788229449469872,
                    "popGroup4": 0.0,
                    "popGroup6": 0.0,
                    "popGroup10": 6.007564326660693,
                    "popGroup12": 0.0,
                    "popGroup14": 0.0
                },
                "publicTransport": {
                    "popGroup0": 0.0,
                    "popGroup1": 0.0,
                    "popGroup2": 0.25101811111328987,
                    "popGroup3": 1.3810252579171562,
                    "popGroup4": 0.0,
                    "popGroup5": 0.0,
                    "popGroup6": 0.0,
                    "popGroup7": 0.0,
                    "popGroup8": 0.0,
                    "popGroup9": 0.0,
                    "popGroup10": 0.26043584504030043,
                    "popGroup11": 1.1161454160240827,
                    "popGroup12": 0.0,
                    "popGroup13": 0.0,
                    "popGroup14": 0.0,
                    "popGroup15": 0.0
                }
            },
            "60608": {
                "car": {
                    "popGroup2": 2.781938151053884,
                    "popGroup4": 0.0,
                    "popGroup6": 0.0,
                    "popGroup10": 2.887458915831231,
                    "popGroup12": 0.0,
                    "popGroup14": 0.0
                },
                "publicTransport": {
                    "popGroup0": 0.0,
                    "popGroup1": 0.0,
                    "popGroup2": 0.12386494678465862,
                    "popGroup3": 0.6672703978328917,
                    "popGroup4": 0.0,
                    "popGroup5": 0.0,
                    "popGroup6": 0.0,
                    "popGroup7": 0.0,
                    "popGroup8": 0.0,
                    "popGroup9": 0.0,
                    "popGroup10": 0.12852084484484644,
                    "popGroup11": 0.5393042842663753,
                    "popGroup12": 0.0,
                    "popGroup13": 0.0,
                    "popGroup14": 0.0,
                    "popGroup15": 0.0
                }
            },
            "60611": {
                "car": {
                    "popGroup2": 1.6123329750700564,
                    "popGroup4": 0.0,
                    "popGroup6": 0.0,
                    "popGroup10": 1.673516488382556,
                    "popGroup12": 0.0,
                    "popGroup14": 0.0
                },
                "publicTransport": {
                    "popGroup0": 0.0,
                    "popGroup1": 0.0,
                    "popGroup2": 0.11091985376706127,
                    "popGroup3": 0.6816367380069981,
                    "popGroup4": 0.0,
                    "popGroup5": 0.0,
                    "popGroup6": 0.0,
                    "popGroup7": 0.0,
                    "popGroup8": 0.0,
                    "popGroup9": 0.0,
                    "popGroup10": 0.11508423578594508,
                    "popGroup11": 0.5508627176206385,
                    "popGroup12": 0.0,
                    "popGroup13": 0.0,
                    "popGroup14": 0.0,
                    "popGroup15": 0.0
                }
            },
            "60670": {
                "car": {
                    "popGroup2": 4.736105208763898,
                    "popGroup4": 0.0,
                    "popGroup6": 0.0,
                    "popGroup10": 4.915676817285657,
                    "popGroup12": 0.0,
                    "popGroup14": 0.0
                },
                "publicTransport": {
                    "popGroup0": 0.0,
                    "popGroup1": 0.0,
                    "popGroup2": 0.25947356890277157,
                    "popGroup3": 1.6528557169203315,
                    "popGroup4": 0.0,
                    "popGroup5": 0.0,
                    "popGroup6": 0.0,
                    "popGroup7": 0.0,
                    "popGroup8": 0.0,
                    "popGroup9": 0.0,
                    "popGroup10": 0.269229926710194,
                    "popGroup11": 1.3358147890485887,
                    "popGroup12": 0.0,
                    "popGroup13": 0.0,
                    "popGroup14": 0.0,
                    "popGroup15": 0.0
                }
            },
            "60662": {
                "car": {
                    "popGroup2": 1.324382035287815,
                    "popGroup4": 0.0,
                    "popGroup6": 0.0,
                    "popGroup10": 1.374737187340251,
                    "popGroup12": 0.0,
                    "popGroup14": 0.0
                },
                "publicTransport": {
                    "popGroup0": 0.0,
                    "popGroup1": 0.0,
                    "popGroup2": 0.09532620550759378,
                    "popGroup3": 0.5890245109891756,
                    "popGroup4": 0.0,
                    "popGroup5": 0.0,
                    "popGroup6": 0.0,
                    "popGroup7": 0.0,
                    "popGroup8": 0.0,
                    "popGroup9": 0.0,
                    "popGroup10": 0.09892380885639576,
                    "popGroup11": 0.47605541818718305,
                    "popGroup12": 0.0,
                    "popGroup13": 0.0,
                    "popGroup14": 0.0,
                    "popGroup15": 0.0
                }
            },
            "60656": {
                "car": {
                    "popGroup2": 1.3752619144059848,
                    "popGroup4": 0.0,
                    "popGroup6": 0.0,
                    "popGroup10": 1.4276399967627083,
                    "popGroup12": 0.0,
                    "popGroup14": 0.0
                },
                "publicTransport": {
                    "popGroup0": 0.0,
                    "popGroup1": 0.0,
                    "popGroup2": 0.06273046560403196,
                    "popGroup3": 0.3839233998704652,
                    "popGroup4": 0.0,
                    "popGroup5": 0.0,
                    "popGroup6": 0.0,
                    "popGroup7": 0.0,
                    "popGroup8": 0.0,
                    "popGroup9": 0.0,
                    "popGroup10": 0.06510041444909484,
                    "popGroup11": 0.3103060949564715,
                    "popGroup12": 0.0,
                    "popGroup13": 0.0,
                    "popGroup14": 0.0,
                    "popGroup15": 0.0
                }
            },
            "60655": {
                "car": {
                    "popGroup2": 1.989755396676986,
                    "popGroup4": 0.0,
                    "popGroup6": 0.0,
                    "popGroup10": 2.0654446039944947,
                    "popGroup12": 0.0,
                    "popGroup14": 0.0
                },
                "publicTransport": {
                    "popGroup0": 0.0,
                    "popGroup1": 0.0,
                    "popGroup2": 0.10635543831116219,
                    "popGroup3": 0.6340647260488285,
                    "popGroup4": 0.0,
                    "popGroup5": 0.0,
                    "popGroup6": 0.0,
                    "popGroup7": 0.0,
                    "popGroup8": 0.0,
                    "popGroup9": 0.0,
                    "popGroup10": 0.1103810728661691,
                    "popGroup11": 0.5124999636152102,
                    "popGroup12": 0.0,
                    "popGroup13": 0.0,
                    "popGroup14": 0.0,
                    "popGroup15": 0.0
                }
            },
            "60624": {
                "car": {
                    "popGroup2": 4.392151471444786,
                    "popGroup4": 0.0,
                    "popGroup6": 0.0,
                    "popGroup10": 4.5590130620724345,
                    "popGroup12": 0.0,
                    "popGroup14": 0.0
                },
                "publicTransport": {
                    "popGroup0": 0.0,
                    "popGroup1": 0.0,
                    "popGroup2": 0.30498180635900657,
                    "popGroup3": 1.9028894328603214,
                    "popGroup4": 0.0,
                    "popGroup5": 0.0,
                    "popGroup6": 0.0,
                    "popGroup7": 0.0,
                    "popGroup8": 0.0,
                    "popGroup9": 0.0,
                    "popGroup10": 0.31646779234703426,
                    "popGroup11": 1.537886190581851,
                    "popGroup12": 0.0,
                    "popGroup13": 0.0,
                    "popGroup14": 0.0,
                    "popGroup15": 0.0
                }
            },
            "60660": {
                "car": {
                    "popGroup2": 1.4529829276685238,
                    "popGroup4": 0.0,
                    "popGroup6": 0.0,
                    "popGroup10": 1.508250930283734,
                    "popGroup12": 0.0,
                    "popGroup14": 0.0
                },
                "publicTransport": {
                    "popGroup0": 0.0,
                    "popGroup1": 0.0,
                    "popGroup2": 0.0654739520993198,
                    "popGroup3": 0.4125566192847083,
                    "popGroup4": 0.0,
                    "popGroup5": 0.0,
                    "popGroup6": 0.0,
                    "popGroup7": 0.0,
                    "popGroup8": 0.0,
                    "popGroup9": 0.0,
                    "popGroup10": 0.06794051403239201,
                    "popGroup11": 0.3334325789521844,
                    "popGroup12": 0.0,
                    "popGroup13": 0.0,
                    "popGroup14": 0.0,
                    "popGroup15": 0.0
                }
            },
            "60629": {
                "car": {
                    "popGroup2": 2.1536626272285297,
                    "popGroup4": 0.0,
                    "popGroup6": 0.0,
                    "popGroup10": 2.2354022568259566,
                    "popGroup12": 0.0,
                    "popGroup14": 0.0
                },
                "publicTransport": {
                    "popGroup0": 0.0,
                    "popGroup1": 0.0,
                    "popGroup2": 0.09674884139717058,
                    "popGroup3": 0.6328479614009553,
                    "popGroup4": 0.0,
                    "popGroup5": 0.0,
                    "popGroup6": 0.0,
                    "popGroup7": 0.0,
                    "popGroup8": 0.0,
                    "popGroup9": 0.0,
                    "popGroup10": 0.10037106321215922,
                    "popGroup11": 0.5114224718603544,
                    "popGroup12": 0.0,
                    "popGroup13": 0.0,
                    "popGroup14": 0.0,
                    "popGroup15": 0.0
                }
            },
            "60618": {
                "car": {
                    "popGroup2": 0.4249768483317201,
                    "popGroup4": 0.0,
                    "popGroup6": 0.0,
                    "popGroup10": 0.44105386966815957,
                    "popGroup12": 0.0,
                    "popGroup14": 0.0
                },
                "publicTransport": {
                    "popGroup0": 0.0,
                    "popGroup1": 0.0,
                    "popGroup2": 0.023222280673008123,
                    "popGroup3": 0.15309695784177801,
                    "popGroup4": 0.0,
                    "popGroup5": 0.0,
                    "popGroup6": 0.0,
                    "popGroup7": 0.0,
                    "popGroup8": 0.0,
                    "popGroup9": 0.0,
                    "popGroup10": 0.024089773568518134,
                    "popGroup11": 0.12371768901102242,
                    "popGroup12": 0.0,
                    "popGroup13": 0.0,
                    "popGroup14": 0.0,
                    "popGroup15": 0.0
                }
            },
            "61059": {
                "car": {
                    "popGroup2": 2.2568113827290177,
                    "popGroup4": 0.0,
                    "popGroup6": 0.0,
                    "popGroup10": 2.342848897551469,
                    "popGroup12": 0.0,
                    "popGroup14": 0.0
                },
                "publicTransport": {
                    "popGroup0": 0.0,
                    "popGroup1": 0.0,
                    "popGroup2": 0.13470607351468544,
                    "popGroup3": 0.8559248667589587,
                    "popGroup4": 0.0,
                    "popGroup5": 0.0,
                    "popGroup6": 0.0,
                    "popGroup7": 0.0,
                    "popGroup8": 0.0,
                    "popGroup9": 0.0,
                    "popGroup10": 0.13982767234117444,
                    "popGroup11": 0.6918516063686198,
                    "popGroup12": 0.0,
                    "popGroup13": 0.0,
                    "popGroup14": 0.0,
                    "popGroup15": 0.0
                }
            },
            "61001": {
                "car": {
                    "popGroup2": 0.46947959924072324,
                    "popGroup4": 0.0,
                    "popGroup6": 0.0,
                    "popGroup10": 0.4873762760026787,
                    "popGroup12": 0.0,
                    "popGroup14": 0.0
                },
                "publicTransport": {
                    "popGroup0": 0.0,
                    "popGroup1": 0.0,
                    "popGroup2": 0.03507101553020526,
                    "popGroup3": 0.21834292256855273,
                    "popGroup4": 0.0,
                    "popGroup5": 0.0,
                    "popGroup6": 0.0,
                    "popGroup7": 0.0,
                    "popGroup8": 0.0,
                    "popGroup9": 0.0,
                    "popGroup10": 0.036402824117150595,
                    "popGroup11": 0.176483449846013,
                    "popGroup12": 0.0,
                    "popGroup13": 0.0,
                    "popGroup14": 0.0,
                    "popGroup15": 0.0
                }
            },
            "61055": {
                "car": {
                    "popGroup2": 0.6618558946826445,
                    "popGroup4": 0.0,
                    "popGroup6": 0.0,
                    "popGroup10": 0.6871341483796514,
                    "popGroup12": 0.0,
                    "popGroup14": 0.0
                },
                "publicTransport": {
                    "popGroup0": 0.0,
                    "popGroup1": 0.0,
                    "popGroup2": 0.05103906839913689,
                    "popGroup3": 0.32027208184812395,
                    "popGroup4": 0.0,
                    "popGroup5": 0.0,
                    "popGroup6": 0.0,
                    "popGroup7": 0.0,
                    "popGroup8": 0.0,
                    "popGroup9": 0.0,
                    "popGroup10": 0.052984607286576876,
                    "popGroup11": 0.2588862995497548,
                    "popGroup12": 0.0,
                    "popGroup13": 0.0,
                    "popGroup14": 0.0,
                    "popGroup15": 0.0
                }
            },
            "61021": {
                "car": {
                    "popGroup2": 2.64829976772386,
                    "popGroup4": 0.0,
                    "popGroup6": 0.0,
                    "popGroup10": 2.7493839439223358,
                    "popGroup12": 0.0,
                    "popGroup14": 0.0
                },
                "publicTransport": {
                    "popGroup0": 0.0,
                    "popGroup1": 0.0,
                    "popGroup2": 0.2057690446661892,
                    "popGroup3": 1.288657049488974,
                    "popGroup4": 0.0,
                    "popGroup5": 0.0,
                    "popGroup6": 0.0,
                    "popGroup7": 0.0,
                    "popGroup8": 0.0,
                    "popGroup9": 0.0,
                    "popGroup10": 0.21360256778927078,
                    "popGroup11": 1.0416424069903192,
                    "popGroup12": 0.0,
                    "popGroup13": 0.0,
                    "popGroup14": 0.0,
                    "popGroup15": 0.0
                }
            },
            "61017": {
                "car": {
                    "popGroup2": 0.33818065074459225,
                    "popGroup4": 0.0,
                    "popGroup6": 0.0,
                    "popGroup10": 0.3510429858271848,
                    "popGroup12": 0.0,
                    "popGroup14": 0.0
                },
                "publicTransport": {
                    "popGroup0": 0.0,
                    "popGroup1": 0.0,
                    "popGroup2": 0.023306997608376012,
                    "popGroup3": 0.1438050910775136,
                    "popGroup4": 0.0,
                    "popGroup5": 0.0,
                    "popGroup6": 0.0,
                    "popGroup7": 0.0,
                    "popGroup8": 0.0,
                    "popGroup9": 0.0,
                    "popGroup10": 0.024187945865362482,
                    "popGroup11": 0.11622745402180293,
                    "popGroup12": 0.0,
                    "popGroup13": 0.0,
                    "popGroup14": 0.0,
                    "popGroup15": 0.0
                }
            },
            "61020": {
                "car": {
                    "popGroup2": 0.6741984264256284,
                    "popGroup4": 0.0,
                    "popGroup6": 0.0,
                    "popGroup10": 0.699908016900952,
                    "popGroup12": 0.0,
                    "popGroup14": 0.0
                },
                "publicTransport": {
                    "popGroup0": 0.0,
                    "popGroup1": 0.0,
                    "popGroup2": 0.04810292173012374,
                    "popGroup3": 0.2991909041371018,
                    "popGroup4": 0.0,
                    "popGroup5": 0.0,
                    "popGroup6": 0.0,
                    "popGroup7": 0.0,
                    "popGroup8": 0.0,
                    "popGroup9": 0.0,
                    "popGroup10": 0.049931683530879,
                    "popGroup11": 0.241836067238753,
                    "popGroup12": 0.0,
                    "popGroup13": 0.0,
                    "popGroup14": 0.0,
                    "popGroup15": 0.0
                }
            },
            "61012": {
                "car": {
                    "popGroup2": 1.6414043369138787,
                    "popGroup4": 0.0,
                    "popGroup6": 0.0,
                    "popGroup10": 1.7041386324706544,
                    "popGroup12": 0.0,
                    "popGroup14": 0.0
                },
                "publicTransport": {
                    "popGroup0": 0.0,
                    "popGroup1": 0.0,
                    "popGroup2": 0.12111340933897237,
                    "popGroup3": 0.7569765711787356,
                    "popGroup4": 0.0,
                    "popGroup5": 0.0,
                    "popGroup6": 0.0,
                    "popGroup7": 0.0,
                    "popGroup8": 0.0,
                    "popGroup9": 0.0,
                    "popGroup10": 0.12573664477064905,
                    "popGroup11": 0.6119023155766729,
                    "popGroup12": 0.0,
                    "popGroup13": 0.0,
                    "popGroup14": 0.0,
                    "popGroup15": 0.0
                }
            },
            "61043": {
                "car": {
                    "popGroup2": 1.5685203099332763,
                    "popGroup4": 0.0,
                    "popGroup6": 0.0,
                    "popGroup10": 1.6284103502456602,
                    "popGroup12": 0.0,
                    "popGroup14": 0.0
                },
                "publicTransport": {
                    "popGroup0": 0.0,
                    "popGroup1": 0.0,
                    "popGroup2": 0.11629303378021402,
                    "popGroup3": 0.7268151372245151,
                    "popGroup4": 0.0,
                    "popGroup5": 0.0,
                    "popGroup6": 0.0,
                    "popGroup7": 0.0,
                    "popGroup8": 0.0,
                    "popGroup9": 0.0,
                    "popGroup10": 0.12072445027409962,
                    "popGroup11": 0.5875054172623082,
                    "popGroup12": 0.0,
                    "popGroup13": 0.0,
                    "popGroup14": 0.0,
                    "popGroup15": 0.0
                }
            },
            "61053": {
                "car": {
                    "popGroup2": 13.72156634128108,
                    "popGroup4": 0.0,
                    "popGroup6": 0.0,
                    "popGroup10": 14.246466971453032,
                    "popGroup12": 0.0,
                    "popGroup14": 0.0
                },
                "publicTransport": {
                    "popGroup0": 0.0,
                    "popGroup1": 0.0,
                    "popGroup2": 1.0499409454507236,
                    "popGroup3": 6.587524657069039,
                    "popGroup4": 0.0,
                    "popGroup5": 0.0,
                    "popGroup6": 0.0,
                    "popGroup7": 0.0,
                    "popGroup8": 0.0,
                    "popGroup9": 0.0,
                    "popGroup10": 1.0900749321986027,
                    "popGroup11": 5.325139431331107,
                    "popGroup12": 0.0,
                    "popGroup13": 0.0,
                    "popGroup14": 0.0,
                    "popGroup15": 0.0
                }
            },
            "61027": {
                "car": {
                    "popGroup2": 0.8992207576615706,
                    "popGroup4": 0.0,
                    "popGroup6": 0.0,
                    "popGroup10": 0.9336072423129149,
                    "popGroup12": 0.0,
                    "popGroup14": 0.0
                },
                "publicTransport": {
                    "popGroup0": 0.0,
                    "popGroup1": 0.0,
                    "popGroup2": 0.07156677582146727,
                    "popGroup3": 0.45197984903155874,
                    "popGroup4": 0.0,
                    "popGroup5": 0.0,
                    "popGroup6": 0.0,
                    "popGroup7": 0.0,
                    "popGroup8": 0.0,
                    "popGroup9": 0.0,
                    "popGroup10": 0.0743006054042481,
                    "popGroup11": 0.3653618846450256,
                    "popGroup12": 0.0,
                    "popGroup13": 0.0,
                    "popGroup14": 0.0,
                    "popGroup15": 0.0
                },
                "bicycle": {
                    "popGroup0": 0.0,
                    "popGroup1": 0.0,
                    "popGroup2": 0.048358602753375425,
                    "popGroup3": 0.30669164687051836,
                    "popGroup4": 0.0,
                    "popGroup5": 0.0,
                    "popGroup6": 0.0,
                    "popGroup7": 0.0,
                    "popGroup8": 0.0,
                    "popGroup9": 0.0,
                    "popGroup10": 0.05018586366408115,
                    "popGroup11": 0.24787600976461605,
                    "popGroup12": 0.0,
                    "popGroup13": 0.0,
                    "popGroup14": 0.0,
                    "popGroup15": 0.0
                }
            },
            "61016": {
                "car": {
                    "popGroup2": 0.6313588686549476,
                    "popGroup4": 0.0,
                    "popGroup6": 0.0,
                    "popGroup10": 0.6554425429131473,
                    "popGroup12": 0.0,
                    "popGroup14": 0.0
                },
                "publicTransport": {
                    "popGroup0": 0.0,
                    "popGroup1": 0.0,
                    "popGroup2": 0.0471485942827231,
                    "popGroup3": 0.29406814718460134,
                    "popGroup4": 0.0,
                    "popGroup5": 0.0,
                    "popGroup6": 0.0,
                    "popGroup7": 0.0,
                    "popGroup8": 0.0,
                    "popGroup9": 0.0,
                    "popGroup10": 0.048941655474333816,
                    "popGroup11": 0.23769638786253924,
                    "popGroup12": 0.0,
                    "popGroup13": 0.0,
                    "popGroup14": 0.0,
                    "popGroup15": 0.0
                }
            },
            "61045": {
                "car": {
                    "popGroup2": 3.8425037138116003,
                    "popGroup4": 0.0,
                    "popGroup6": 0.0,
                    "popGroup10": 3.9896172337231146,
                    "popGroup12": 0.0,
                    "popGroup14": 0.0
                },
                "publicTransport": {
                    "popGroup0": 0.0,
                    "popGroup1": 0.0,
                    "popGroup2": 0.3013856455690215,
                    "popGroup3": 1.9151782252996346,
                    "popGroup4": 0.0,
                    "popGroup5": 0.0,
                    "popGroup6": 0.0,
                    "popGroup7": 0.0,
                    "popGroup8": 0.0,
                    "popGroup9": 0.0,
                    "popGroup10": 0.31292070562592966,
                    "popGroup11": 1.548198175914369,
                    "popGroup12": 0.0,
                    "popGroup13": 0.0,
                    "popGroup14": 0.0,
                    "popGroup15": 0.0
                },
                "bicycle": {
                    "popGroup0": 0.0,
                    "popGroup1": 0.0,
                    "popGroup2": 0.26015895220176344,
                    "popGroup3": 1.6493079048942776,
                    "popGroup4": 0.0,
                    "popGroup5": 0.0,
                    "popGroup6": 0.0,
                    "popGroup7": 0.0,
                    "popGroup8": 0.0,
                    "popGroup9": 0.0,
                    "popGroup10": 0.2700831774783292,
                    "popGroup11": 1.333204318959837,
                    "popGroup12": 0.0,
                    "popGroup13": 0.0,
                    "popGroup14": 0.0,
                    "popGroup15": 0.0
                }
            },
            "61008": {
                "car": {
                    "popGroup2": 1.1588348597807756,
                    "popGroup4": 0.0,
                    "popGroup6": 0.0,
                    "popGroup10": 1.203147550363171,
                    "popGroup12": 0.0,
                    "popGroup14": 0.0
                },
                "publicTransport": {
                    "popGroup0": 0.0,
                    "popGroup1": 0.0,
                    "popGroup2": 0.09614397347919189,
                    "popGroup3": 0.6094972052601011,
                    "popGroup4": 0.0,
                    "popGroup5": 0.0,
                    "popGroup6": 0.0,
                    "popGroup7": 0.0,
                    "popGroup8": 0.0,
                    "popGroup9": 0.0,
                    "popGroup10": 0.09981435383933315,
                    "popGroup11": 0.4926876996735712,
                    "popGroup12": 0.0,
                    "popGroup13": 0.0,
                    "popGroup14": 0.0,
                    "popGroup15": 0.0
                },
                "bicycle": {
                    "popGroup0": 0.0,
                    "popGroup1": 0.0,
                    "popGroup2": 0.0641133973183845,
                    "popGroup3": 0.4066568840173744,
                    "popGroup4": 0.0,
                    "popGroup5": 0.0,
                    "popGroup6": 0.0,
                    "popGroup7": 0.0,
                    "popGroup8": 0.0,
                    "popGroup9": 0.0,
                    "popGroup10": 0.0665287997423366,
                    "popGroup11": 0.32865584472675147,
                    "popGroup12": 0.0,
                    "popGroup13": 0.0,
                    "popGroup14": 0.0,
                    "popGroup15": 0.0
                },
                "walk": {
                    "popGroup0": 0.0,
                    "popGroup1": 0.0,
                    "popGroup2": 0.025259053588897747,
                    "popGroup3": 0.1603940193375576,
                    "popGroup4": 0.0,
                    "popGroup5": 0.0,
                    "popGroup6": 0.0,
                    "popGroup7": 0.0,
                    "popGroup8": 0.0,
                    "popGroup9": 0.0,
                    "popGroup10": 0.02618354007886877,
                    "popGroup11": 0.1295733293139243,
                    "popGroup12": 0.0,
                    "popGroup13": 0.0,
                    "popGroup14": 0.0,
                    "popGroup15": 0.0
                }
            },
            "61050": {
                "car": {
                    "popGroup2": 1.8142371208254473,
                    "popGroup4": 0.0,
                    "popGroup6": 0.0,
                    "popGroup10": 1.8835094971008446,
                    "popGroup12": 0.0,
                    "popGroup14": 0.0
                },
                "publicTransport": {
                    "popGroup0": 0.0,
                    "popGroup1": 0.0,
                    "popGroup2": 0.13510760345524156,
                    "popGroup3": 0.8451006104367522,
                    "popGroup4": 0.0,
                    "popGroup5": 0.0,
                    "popGroup6": 0.0,
                    "popGroup7": 0.0,
                    "popGroup8": 0.0,
                    "popGroup9": 0.0,
                    "popGroup10": 0.14025584303658023,
                    "popGroup11": 0.6831187456915004,
                    "popGroup12": 0.0,
                    "popGroup13": 0.0,
                    "popGroup14": 0.0,
                    "popGroup15": 0.0
                }
            },
            "61049": {
                "car": {
                    "popGroup2": 1.4035724813270116,
                    "popGroup4": 0.0,
                    "popGroup6": 0.0,
                    "popGroup10": 1.4571980211920557,
                    "popGroup12": 0.0,
                    "popGroup14": 0.0
                },
                "publicTransport": {
                    "popGroup0": 0.0,
                    "popGroup1": 0.0,
                    "popGroup2": 0.10932138575444496,
                    "popGroup3": 0.6877103164424648,
                    "popGroup4": 0.0,
                    "popGroup5": 0.0,
                    "popGroup6": 0.0,
                    "popGroup7": 0.0,
                    "popGroup8": 0.0,
                    "popGroup9": 0.0,
                    "popGroup10": 0.11349101180707444,
                    "popGroup11": 0.5559035780701609,
                    "popGroup12": 0.0,
                    "popGroup13": 0.0,
                    "popGroup14": 0.0,
                    "popGroup15": 0.0
                }
            },
            "61058": {
                "car": {
                    "popGroup2": 3.594502423954068,
                    "popGroup4": 0.0,
                    "popGroup6": 0.0,
                    "popGroup10": 3.73195586357564,
                    "popGroup12": 0.0,
                    "popGroup14": 0.0
                },
                "publicTransport": {
                    "popGroup0": 0.0,
                    "popGroup1": 0.0,
                    "popGroup2": 0.28536596682397286,
                    "popGroup3": 1.8031838991461557,
                    "popGroup4": 0.0,
                    "popGroup5": 0.0,
                    "popGroup6": 0.0,
                    "popGroup7": 0.0,
                    "popGroup8": 0.0,
                    "popGroup9": 0.0,
                    "popGroup10": 0.2962668218178481,
                    "popGroup11": 1.457619469875946,
                    "popGroup12": 0.0,
                    "popGroup13": 0.0,
                    "popGroup14": 0.0,
                    "popGroup15": 0.0
                },
                "bicycle": {
                    "popGroup0": 0.0,
                    "popGroup1": 0.0,
                    "popGroup2": 0.1926383846307301,
                    "popGroup3": 1.2217181653113653,
                    "popGroup4": 0.0,
                    "popGroup5": 0.0,
                    "popGroup6": 0.0,
                    "popGroup7": 0.0,
                    "popGroup8": 0.0,
                    "popGroup9": 0.0,
                    "popGroup10": 0.19991734990465249,
                    "popGroup11": 0.9874237755232442,
                    "popGroup12": 0.0,
                    "popGroup13": 0.0,
                    "popGroup14": 0.0,
                    "popGroup15": 0.0
                }
            },
            "62347": {
                "car": {
                    "popGroup2": 0.4403394114575125,
                    "popGroup4": 0.0,
                    "popGroup6": 0.0,
                    "popGroup10": 0.4571572488627951,
                    "popGroup12": 0.0,
                    "popGroup14": 0.0
                },
                "publicTransport": {
                    "popGroup0": 0.0,
                    "popGroup1": 0.0,
                    "popGroup2": 0.033970639704499345,
                    "popGroup3": 0.21323709477199945,
                    "popGroup4": 0.0,
                    "popGroup5": 0.0,
                    "popGroup6": 0.0,
                    "popGroup7": 0.0,
                    "popGroup8": 0.0,
                    "popGroup9": 0.0,
                    "popGroup10": 0.03526554639647489,
                    "popGroup11": 0.17236643524156753,
                    "popGroup12": 0.0,
                    "popGroup13": 0.0,
                    "popGroup14": 0.0,
                    "popGroup15": 0.0
                }
            }
        }
    }
}