{
    "Sum_Trips_per_Mode": {
        "work": {
            "60101": {
                "car": 1875.631815573372,
                "publicTransport": 588.5224758593838
            },
            "60669": {
                "car": 85.78241377219854,
                "publicTransport": 26.69173948325114,
                "bicycle": 21.9315857665327
            },
            "60608": {
                "car": 34.001685156476725,
                "publicTransport": 12.519906733328549,
                "bicycle": 10.095681837439148
            },
            "60611": {
                "car": 20.897634937363378,
                "publicTransport": 6.204977432657936
            },
            "60670": {
                "car": 76.11372751859226,
                "publicTransport": 24.705386581392588,
                "bicycle": 16.1425160043284
            },
            "60662": {
                "car": 16.559191665558288,
                "publicTransport": 4.214970383757433,
                "bicycle": 4.36035373623947
            },
            "60656": {
                "car": 14.841279655887748,
                "publicTransport": 5.165504310851398,
                "bicycle": 3.6032608764383722
            },
            "60655": {
                "car": 20.379028140080933,
                "publicTransport": 7.6886966357293005,
                "bicycle": 6.02075526691063
            },
            "60624": {
                "car": 40.352574906620795,
                "publicTransport": 15.752742142117501,
                "bicycle": 10.506576162549313,
                "walk": 4.1409237822651885
            },
            "60660": {
                "car": 16.132509370439628,
                "publicTransport": 5.276376809307724
            },
            "60629": {
                "car": 25.251344219831033,
                "publicTransport": 7.820203812960852
            },
            "60618": {
                "car": 6.8392461831806175,
                "publicTransport": 2.198599385854696
            },
            "61059": {
                "car": 18.754658868328338,
                "publicTransport": 6.2525426314745065
            },
            "61001": {
                "car": 3.8588163601155827,
                "publicTransport": 1.1518830125589454
            },
            "61055": {
                "car": 3.9363461211097905,
                "publicTransport": 1.1840876272978242
            },
            "61021": {
                "car": 17.163754307098422,
                "publicTransport": 5.845814440671708
            },
            "61017": {
                "car": 2.8086579219365504,
                "publicTransport": 0.9206899711097059
            },
            "61020": {
                "car": 4.241050616464575,
                "publicTransport": 1.4036660994966728
            },
            "61012": {
                "car": 8.420064167491315,
                "publicTransport": 2.7781768837918253
            },
            "61043": {
                "car": 8.385342962986506,
                "publicTransport": 2.805726800239555
            },
            "61053": {
                "car": 62.79668761355312,
                "publicTransport": 21.11059994494465
            },
            "61027": {
                "car": 4.309200772284761,
                "publicTransport": 1.4210255123453697
            },
            "61016": {
                "car": 2.697674148944743,
                "publicTransport": 0.9386420232161601
            },
            "61045": {
                "car": 14.58028670485275,
                "publicTransport": 4.713222520267803
            },
            "61008": {
                "car": 4.999669213259739,
                "publicTransport": 1.5515454108710574
            },
            "61050": {
                "car": 7.601893638303295,
                "publicTransport": 2.3270192855511276
            },
            "61049": {
                "car": 5.934539416210553,
                "publicTransport": 1.9147595551775152
            },
            "61058": {
                "car": 12.35605182769983,
                "publicTransport": 3.936416584041461
            },
            "62347": {
                "car": 1.4646576283839774,
                "publicTransport": 0.45006372881791495
            }
        }
    },
    "Trips_per_group": {
        "work": {
            "60101": {
                "car": {
                    "popGroup2": 922.2673571089923,
                    "popGroup4": 0.0,
                    "popGroup6": 0.0,
                    "popGroup10": 953.3644584643798,
                    "popGroup12": 0.0,
                    "popGroup14": 0.0
                },
                "publicTransport": {
                    "popGroup0": 0.0,
                    "popGroup1": 0.0,
                    "popGroup2": 61.51458292433771,
                    "popGroup3": 228.89406492675707,
                    "popGroup4": 0.0,
                    "popGroup5": 0.0,
                    "popGroup6": 0.0,
                    "popGroup7": 0.0,
                    "popGroup8": 0.0,
                    "popGroup9": 0.0,
                    "popGroup10": 63.59046126644734,
                    "popGroup11": 234.5233667418417,
                    "popGroup12": 0.0,
                    "popGroup13": 0.0,
                    "popGroup14": 0.0,
                    "popGroup15": 0.0
                }
            },
            "60669": {
                "car": {
                    "popGroup2": 42.179897007638466,
                    "popGroup4": 0.0,
                    "popGroup6": 0.0,
                    "popGroup10": 43.602516764560065,
                    "popGroup12": 0.0,
                    "popGroup14": 0.0
                },
                "publicTransport": {
                    "popGroup0": 0.0,
                    "popGroup1": 0.0,
                    "popGroup2": 2.789759584730022,
                    "popGroup3": 10.381376947804242,
                    "popGroup4": 0.0,
                    "popGroup5": 0.0,
                    "popGroup6": 0.0,
                    "popGroup7": 0.0,
                    "popGroup8": 0.0,
                    "popGroup9": 0.0,
                    "popGroup10": 2.8838471324631816,
                    "popGroup11": 10.636755818253695,
                    "popGroup12": 0.0,
                    "popGroup13": 0.0,
                    "popGroup14": 0.0,
                    "popGroup15": 0.0
                },
                "bicycle": {
                    "popGroup0": 0.0,
                    "popGroup1": 0.0,
                    "popGroup2": 2.2919306240861785,
                    "popGroup3": 8.5314641540942,
                    "popGroup4": 0.0,
                    "popGroup5": 0.0,
                    "popGroup6": 0.0,
                    "popGroup7": 0.0,
                    "popGroup8": 0.0,
                    "popGroup9": 0.0,
                    "popGroup10": 2.3690737087608733,
                    "popGroup11": 8.739117279591445,
                    "popGroup12": 0.0,
                    "popGroup13": 0.0,
                    "popGroup14": 0.0,
                    "popGroup15": 0.0
                }
            },
            "60608": {
                "car": {
                    "popGroup2": 16.7188799014672,
                    "popGroup4": 0.0,
                    "popGroup6": 0.0,
                    "popGroup10": 17.282805255009528,
                    "popGroup12": 0.0,
                    "popGroup14": 0.0
                },
                "publicTransport": {
                    "popGroup0": 0.0,
                    "popGroup1": 0.0,
                    "popGroup2": 1.3085807368682356,
                    "popGroup3": 4.869291493293331,
                    "popGroup4": 0.0,
                    "popGroup5": 0.0,
                    "popGroup6": 0.0,
                    "popGroup7": 0.0,
                    "popGroup8": 0.0,
                    "popGroup9": 0.0,
                    "popGroup10": 1.3527333406853363,
                    "popGroup11": 4.989301162481645,
                    "popGroup12": 0.0,
                    "popGroup13": 0.0,
                    "popGroup14": 0.0,
                    "popGroup15": 0.0
                },
                "bicycle": {
                    "popGroup0": 0.0,
                    "popGroup1": 0.0,
                    "popGroup2": 1.0550218000599378,
                    "popGroup3": 3.9270875125994897,
                    "popGroup4": 0.0,
                    "popGroup5": 0.0,
                    "popGroup6": 0.0,
                    "popGroup7": 0.0,
                    "popGroup8": 0.0,
                    "popGroup9": 0.0,
                    "popGroup10": 1.0905529399611098,
                    "popGroup11": 4.023019584818612,
                    "popGroup12": 0.0,
                    "popGroup13": 0.0,
                    "popGroup14": 0.0,
                    "popGroup15": 0.0
                }
            },
            "60611": {
                "car": {
                    "popGroup2": 10.275585874623564,
                    "popGroup4": 0.0,
                    "popGroup6": 0.0,
                    "popGroup10": 10.622049062739812,
                    "popGroup12": 0.0,
                    "popGroup14": 0.0
                },
                "publicTransport": {
                    "popGroup0": 0.0,
                    "popGroup1": 0.0,
                    "popGroup2": 0.6484519150551875,
                    "popGroup3": 2.4134551172178047,
                    "popGroup4": 0.0,
                    "popGroup5": 0.0,
                    "popGroup6": 0.0,
                    "popGroup7": 0.0,
                    "popGroup8": 0.0,
                    "popGroup9": 0.0,
                    "popGroup10": 0.6703122821974796,
                    "popGroup11": 2.4727581181874636,
                    "popGroup12": 0.0,
                    "popGroup13": 0.0,
                    "popGroup14": 0.0,
                    "popGroup15": 0.0
                }
            },
            "60670": {
                "car": {
                    "popGroup2": 37.42578539284365,
                    "popGroup4": 0.0,
                    "popGroup6": 0.0,
                    "popGroup10": 38.687942125748606,
                    "popGroup12": 0.0,
                    "popGroup14": 0.0
                },
                "publicTransport": {
                    "popGroup0": 0.0,
                    "popGroup1": 0.0,
                    "popGroup2": 2.5818439089173233,
                    "popGroup3": 9.609078966120594,
                    "popGroup4": 0.0,
                    "popGroup5": 0.0,
                    "popGroup6": 0.0,
                    "popGroup7": 0.0,
                    "popGroup8": 0.0,
                    "popGroup9": 0.0,
                    "popGroup10": 2.6689008077407403,
                    "popGroup11": 9.845562898613931,
                    "popGroup12": 0.0,
                    "popGroup13": 0.0,
                    "popGroup14": 0.0,
                    "popGroup15": 0.0
                },
                "bicycle": {
                    "popGroup0": 0.0,
                    "popGroup1": 0.0,
                    "popGroup2": 1.6869188841358156,
                    "popGroup3": 6.279494604622372,
                    "popGroup4": 0.0,
                    "popGroup5": 0.0,
                    "popGroup6": 0.0,
                    "popGroup7": 0.0,
                    "popGroup8": 0.0,
                    "popGroup9": 0.0,
                    "popGroup10": 1.743701732389701,
                    "popGroup11": 6.432400783180509,
                    "popGroup12": 0.0,
                    "popGroup13": 0.0,
                    "popGroup14": 0.0,
                    "popGroup15": 0.0
                }
            },
            "60662": {
                "car": {
                    "popGroup2": 8.142266792961424,
                    "popGroup4": 0.0,
                    "popGroup6": 0.0,
                    "popGroup10": 8.416924872596864,
                    "popGroup12": 0.0,
                    "popGroup14": 0.0
                },
                "publicTransport": {
                    "popGroup0": 0.0,
                    "popGroup1": 0.0,
                    "popGroup2": 0.44051473122770407,
                    "popGroup3": 1.639317681783574,
                    "popGroup4": 0.0,
                    "popGroup5": 0.0,
                    "popGroup6": 0.0,
                    "popGroup7": 0.0,
                    "popGroup8": 0.0,
                    "popGroup9": 0.0,
                    "popGroup10": 0.4553762809634705,
                    "popGroup11": 1.6797616897826841,
                    "popGroup12": 0.0,
                    "popGroup13": 0.0,
                    "popGroup14": 0.0,
                    "popGroup15": 0.0
                },
                "bicycle": {
                    "popGroup0": 0.0,
                    "popGroup1": 0.0,
                    "popGroup2": 0.45567193920622406,
                    "popGroup3": 1.6959967021546287,
                    "popGroup4": 0.0,
                    "popGroup5": 0.0,
                    "popGroup6": 0.0,
                    "popGroup7": 0.0,
                    "popGroup8": 0.0,
                    "popGroup9": 0.0,
                    "popGroup10": 0.4710316571427007,
                    "popGroup11": 1.7376534377359167,
                    "popGroup12": 0.0,
                    "popGroup13": 0.0,
                    "popGroup14": 0.0,
                    "popGroup15": 0.0
                }
            },
            "60656": {
                "car": {
                    "popGroup2": 7.2975622725471645,
                    "popGroup4": 0.0,
                    "popGroup6": 0.0,
                    "popGroup10": 7.543717383340583,
                    "popGroup12": 0.0,
                    "popGroup14": 0.0
                },
                "publicTransport": {
                    "popGroup0": 0.0,
                    "popGroup1": 0.0,
                    "popGroup2": 0.5398203761849971,
                    "popGroup3": 2.009089583798296,
                    "popGroup4": 0.0,
                    "popGroup5": 0.0,
                    "popGroup6": 0.0,
                    "popGroup7": 0.0,
                    "popGroup8": 0.0,
                    "popGroup9": 0.0,
                    "popGroup10": 0.5580244382126605,
                    "popGroup11": 2.058569912655445,
                    "popGroup12": 0.0,
                    "popGroup13": 0.0,
                    "popGroup14": 0.0,
                    "popGroup15": 0.0
                },
                "bicycle": {
                    "popGroup0": 0.0,
                    "popGroup1": 0.0,
                    "popGroup2": 0.3765489876917364,
                    "popGroup3": 1.4016211109212977,
                    "popGroup4": 0.0,
                    "popGroup5": 0.0,
                    "popGroup6": 0.0,
                    "popGroup7": 0.0,
                    "popGroup8": 0.0,
                    "popGroup9": 0.0,
                    "popGroup10": 0.38923044580052596,
                    "popGroup11": 1.4358603320248124,
                    "popGroup12": 0.0,
                    "popGroup13": 0.0,
                    "popGroup14": 0.0,
                    "popGroup15": 0.0
                }
            },
            "60655": {
                "car": {
                    "popGroup2": 10.020511423060846,
                    "popGroup4": 0.0,
                    "popGroup6": 0.0,
                    "popGroup10": 10.358516717020086,
                    "popGroup12": 0.0,
                    "popGroup14": 0.0
                },
                "publicTransport": {
                    "popGroup0": 0.0,
                    "popGroup1": 0.0,
                    "popGroup2": 0.8035554636621525,
                    "popGroup3": 2.990380398007618,
                    "popGroup4": 0.0,
                    "popGroup5": 0.0,
                    "popGroup6": 0.0,
                    "popGroup7": 0.0,
                    "popGroup8": 0.0,
                    "popGroup9": 0.0,
                    "popGroup10": 0.8306606250769779,
                    "popGroup11": 3.0641001489825523,
                    "popGroup12": 0.0,
                    "popGroup13": 0.0,
                    "popGroup14": 0.0,
                    "popGroup15": 0.0
                },
                "bicycle": {
                    "popGroup0": 0.0,
                    "popGroup1": 0.0,
                    "popGroup2": 0.6291863391762641,
                    "popGroup3": 2.3419043270737205,
                    "popGroup4": 0.0,
                    "popGroup5": 0.0,
                    "popGroup6": 0.0,
                    "popGroup7": 0.0,
                    "popGroup8": 0.0,
                    "popGroup9": 0.0,
                    "popGroup10": 0.6503860477829395,
                    "popGroup11": 2.399278552877705,
                    "popGroup12": 0.0,
                    "popGroup13": 0.0,
                    "popGroup14": 0.0,
                    "popGroup15": 0.0
                }
            },
            "60624": {
                "car": {
                    "popGroup2": 19.84170921747202,
                    "popGroup4": 0.0,
                    "popGroup6": 0.0,
                    "popGroup10": 20.510865689148776,
                    "popGroup12": 0.0,
                    "popGroup14": 0.0
                },
                "publicTransport": {
                    "popGroup0": 0.0,
                    "popGroup1": 0.0,
                    "popGroup2": 1.6462189011716997,
                    "popGroup3": 6.127083093458333,
                    "popGroup4": 0.0,
                    "popGroup5": 0.0,
                    "popGroup6": 0.0,
                    "popGroup7": 0.0,
                    "popGroup8": 0.0,
                    "popGroup9": 0.0,
                    "popGroup10": 1.7017181652454503,
                    "popGroup11": 6.277721982242017,
                    "popGroup12": 0.0,
                    "popGroup13": 0.0,
                    "popGroup14": 0.0,
                    "popGroup15": 0.0
                },
                "bicycle": {
                    "popGroup0": 0.0,
                    "popGroup1": 0.0,
                    "popGroup2": 1.0979380351279802,
                    "popGroup3": 4.087490001663418,
                    "popGroup4": 0.0,
                    "popGroup5": 0.0,
                    "popGroup6": 0.0,
                    "popGroup7": 0.0,
                    "popGroup8": 0.0,
                    "popGroup9": 0.0,
                    "popGroup10": 1.1348520276292025,
                    "popGroup11": 4.186296098128713,
                    "popGroup12": 0.0,
                    "popGroup13": 0.0,
                    "popGroup14": 0.0,
                    "popGroup15": 0.0
                },
                "walk": {
                    "popGroup0": 0.0,
                    "popGroup1": 0.0,
                    "popGroup2": 0.43269523054072023,
                    "popGroup3": 1.6117669420596386,
                    "popGroup4": 0.0,
                    "popGroup5": 0.0,
                    "popGroup6": 0.0,
                    "popGroup7": 0.0,
                    "popGroup8": 0.0,
                    "popGroup9": 0.0,
                    "popGroup10": 0.44715777319839056,
                    "popGroup11": 1.6493038364664394,
                    "popGroup12": 0.0,
                    "popGroup13": 0.0,
                    "popGroup14": 0.0,
                    "popGroup15": 0.0
                }
            },
            "60660": {
                "car": {
                    "popGroup2": 7.932507075985593,
                    "popGroup4": 0.0,
                    "popGroup6": 0.0,
                    "popGroup10": 8.200002294454036,
                    "popGroup12": 0.0,
                    "popGroup14": 0.0
                },
                "publicTransport": {
                    "popGroup0": 0.0,
                    "popGroup1": 0.0,
                    "popGroup2": 0.5514069143018672,
                    "popGroup3": 2.0522854738367298,
                    "popGroup4": 0.0,
                    "popGroup5": 0.0,
                    "popGroup6": 0.0,
                    "popGroup7": 0.0,
                    "popGroup8": 0.0,
                    "popGroup9": 0.0,
                    "popGroup10": 0.5699933795808565,
                    "popGroup11": 2.1026910415882707,
                    "popGroup12": 0.0,
                    "popGroup13": 0.0,
                    "popGroup14": 0.0,
                    "popGroup15": 0.0
                }
            },
            "60629": {
                "car": {
                    "popGroup2": 12.416446735779013,
                    "popGroup4": 0.0,
                    "popGroup6": 0.0,
                    "popGroup10": 12.834897484052021,
                    "popGroup12": 0.0,
                    "popGroup14": 0.0
                },
                "publicTransport": {
                    "popGroup0": 0.0,
                    "popGroup1": 0.0,
                    "popGroup2": 0.8172629421328297,
                    "popGroup3": 3.0418998893071874,
                    "popGroup4": 0.0,
                    "popGroup5": 0.0,
                    "popGroup6": 0.0,
                    "popGroup7": 0.0,
                    "popGroup8": 0.0,
                    "popGroup9": 0.0,
                    "popGroup10": 0.8447902464071189,
                    "popGroup11": 3.116250735113716,
                    "popGroup12": 0.0,
                    "popGroup13": 0.0,
                    "popGroup14": 0.0,
                    "popGroup15": 0.0
                }
            },
            "60618": {
                "car": {
                    "popGroup2": 3.3629470767231897,
                    "popGroup4": 0.0,
                    "popGroup6": 0.0,
                    "popGroup10": 3.476299106457428,
                    "popGroup12": 0.0,
                    "popGroup14": 0.0
                },
                "publicTransport": {
                    "popGroup0": 0.0,
                    "popGroup1": 0.0,
                    "popGroup2": 0.22976397013147618,
                    "popGroup3": 0.8551999874780185,
                    "popGroup4": 0.0,
                    "popGroup5": 0.0,
                    "popGroup6": 0.0,
                    "popGroup7": 0.0,
                    "popGroup8": 0.0,
                    "popGroup9": 0.0,
                    "popGroup10": 0.23750437589493775,
                    "popGroup11": 0.8761310523502633,
                    "popGroup12": 0.0,
                    "popGroup13": 0.0,
                    "popGroup14": 0.0,
                    "popGroup15": 0.0
                }
            },
            "61059": {
                "car": {
                    "popGroup2": 9.221834727354448,
                    "popGroup4": 0.0,
                    "popGroup6": 0.0,
                    "popGroup10": 9.53282414097389,
                    "popGroup12": 0.0,
                    "popGroup14": 0.0
                },
                "publicTransport": {
                    "popGroup0": 0.0,
                    "popGroup1": 0.0,
                    "popGroup2": 0.6534562514061286,
                    "popGroup3": 2.4319093709564,
                    "popGroup4": 0.0,
                    "popGroup5": 0.0,
                    "popGroup6": 0.0,
                    "popGroup7": 0.0,
                    "popGroup8": 0.0,
                    "popGroup9": 0.0,
                    "popGroup10": 0.6754877930933676,
                    "popGroup11": 2.4916892160186106,
                    "popGroup12": 0.0,
                    "popGroup13": 0.0,
                    "popGroup14": 0.0,
                    "popGroup15": 0.0
                }
            },
            "61001": {
                "car": {
                    "popGroup2": 1.8974249049691998,
                    "popGroup4": 0.0,
                    "popGroup6": 0.0,
                    "popGroup10": 1.9613914551463827,
                    "popGroup12": 0.0,
                    "popGroup14": 0.0
                },
                "publicTransport": {
                    "popGroup0": 0.0,
                    "popGroup1": 0.0,
                    "popGroup2": 0.1203770242009191,
                    "popGroup3": 0.4480392552602227,
                    "popGroup4": 0.0,
                    "popGroup5": 0.0,
                    "popGroup6": 0.0,
                    "popGroup7": 0.0,
                    "popGroup8": 0.0,
                    "popGroup9": 0.0,
                    "popGroup10": 0.12443409903624397,
                    "popGroup11": 0.45903263406155953,
                    "popGroup12": 0.0,
                    "popGroup13": 0.0,
                    "popGroup14": 0.0,
                    "popGroup15": 0.0
                }
            },
            "61055": {
                "car": {
                    "popGroup2": 1.9355618624445996,
                    "popGroup4": 0.0,
                    "popGroup6": 0.0,
                    "popGroup10": 2.000784258665191,
                    "popGroup12": 0.0,
                    "popGroup14": 0.0
                },
                "publicTransport": {
                    "popGroup0": 0.0,
                    "popGroup1": 0.0,
                    "popGroup2": 0.12374106086847766,
                    "popGroup3": 0.46059777433850857,
                    "popGroup4": 0.0,
                    "popGroup5": 0.0,
                    "popGroup6": 0.0,
                    "popGroup7": 0.0,
                    "popGroup8": 0.0,
                    "popGroup9": 0.0,
                    "popGroup10": 0.12790794677430314,
                    "popGroup11": 0.47184084531653475,
                    "popGroup12": 0.0,
                    "popGroup13": 0.0,
                    "popGroup14": 0.0,
                    "popGroup15": 0.0
                }
            },
            "61021": {
                "car": {
                    "popGroup2": 8.439604187384443,
                    "popGroup4": 0.0,
                    "popGroup6": 0.0,
                    "popGroup10": 8.724150119713979,
                    "popGroup12": 0.0,
                    "popGroup14": 0.0
                },
                "publicTransport": {
                    "popGroup0": 0.0,
                    "popGroup1": 0.0,
                    "popGroup2": 0.6109438340138453,
                    "popGroup3": 2.2737781847228113,
                    "popGroup4": 0.0,
                    "popGroup5": 0.0,
                    "popGroup6": 0.0,
                    "popGroup7": 0.0,
                    "popGroup8": 0.0,
                    "popGroup9": 0.0,
                    "popGroup10": 0.6315349588544996,
                    "popGroup11": 2.329557463080552,
                    "popGroup12": 0.0,
                    "popGroup13": 0.0,
                    "popGroup14": 0.0,
                    "popGroup15": 0.0
                }
            },
            "61017": {
                "car": {
                    "popGroup2": 1.3810536806726041,
                    "popGroup4": 0.0,
                    "popGroup6": 0.0,
                    "popGroup10": 1.4276042412639462,
                    "popGroup12": 0.0,
                    "popGroup14": 0.0
                },
                "publicTransport": {
                    "popGroup0": 0.0,
                    "popGroup1": 0.0,
                    "popGroup2": 0.09621932025187245,
                    "popGroup3": 0.3581284146610539,
                    "popGroup4": 0.0,
                    "popGroup5": 0.0,
                    "popGroup6": 0.0,
                    "popGroup7": 0.0,
                    "popGroup8": 0.0,
                    "popGroup9": 0.0,
                    "popGroup10": 0.09946028386594648,
                    "popGroup11": 0.36688195233083293,
                    "popGroup12": 0.0,
                    "popGroup13": 0.0,
                    "popGroup14": 0.0,
                    "popGroup15": 0.0
                }
            },
            "61020": {
                "car": {
                    "popGroup2": 2.0853798921819164,
                    "popGroup4": 0.0,
                    "popGroup6": 0.0,
                    "popGroup10": 2.1556707242826585,
                    "popGroup12": 0.0,
                    "popGroup14": 0.0
                },
                "publicTransport": {
                    "popGroup0": 0.0,
                    "popGroup1": 0.0,
                    "popGroup2": 0.1466949244824985,
                    "popGroup3": 0.545990738858557,
                    "popGroup4": 0.0,
                    "popGroup5": 0.0,
                    "popGroup6": 0.0,
                    "popGroup7": 0.0,
                    "popGroup8": 0.0,
                    "popGroup9": 0.0,
                    "popGroup10": 0.1516365626928485,
                    "popGroup11": 0.5593438734627688,
                    "popGroup12": 0.0,
                    "popGroup13": 0.0,
                    "popGroup14": 0.0,
                    "popGroup15": 0.0
                }
            },
            "61012": {
                "car": {
                    "popGroup2": 4.1402587842683225,
                    "popGroup4": 0.0,
                    "popGroup6": 0.0,
                    "popGroup10": 4.2798053832229925,
                    "popGroup12": 0.0,
                    "popGroup14": 0.0
                },
                "publicTransport": {
                    "popGroup0": 0.0,
                    "popGroup1": 0.0,
                    "popGroup2": 0.2903543539338223,
                    "popGroup3": 1.0806380856922815,
                    "popGroup4": 0.0,
                    "popGroup5": 0.0,
                    "popGroup6": 0.0,
                    "popGroup7": 0.0,
                    "popGroup8": 0.0,
                    "popGroup9": 0.0,
                    "popGroup10": 0.3001352695840888,
                    "popGroup11": 1.1070491745816327,
                    "popGroup12": 0.0,
                    "popGroup13": 0.0,
                    "popGroup14": 0.0,
                    "popGroup15": 0.0
                }
            },
            "61043": {
                "car": {
                    "popGroup2": 4.123191165962979,
                    "popGroup4": 0.0,
                    "popGroup6": 0.0,
                    "popGroup10": 4.262151797023528,
                    "popGroup12": 0.0,
                    "popGroup14": 0.0
                },
                "publicTransport": {
                    "popGroup0": 0.0,
                    "popGroup1": 0.0,
                    "popGroup2": 0.2932210008927411,
                    "popGroup3": 1.0913838935264262,
                    "popGroup4": 0.0,
                    "popGroup5": 0.0,
                    "popGroup6": 0.0,
                    "popGroup7": 0.0,
                    "popGroup8": 0.0,
                    "popGroup9": 0.0,
                    "popGroup10": 0.30309562051414063,
                    "popGroup11": 1.118026285306247,
                    "popGroup12": 0.0,
                    "popGroup13": 0.0,
                    "popGroup14": 0.0,
                    "popGroup15": 0.0
                }
            },
            "61053": {
                "car": {
                    "popGroup2": 30.877951491498116,
                    "popGroup4": 0.0,
                    "popGroup6": 0.0,
                    "popGroup10": 31.918736122055,
                    "popGroup12": 0.0,
                    "popGroup14": 0.0
                },
                "publicTransport": {
                    "popGroup0": 0.0,
                    "popGroup1": 0.0,
                    "popGroup2": 2.206221286040976,
                    "popGroup3": 8.21178115240597,
                    "popGroup4": 0.0,
                    "popGroup5": 0.0,
                    "popGroup6": 0.0,
                    "popGroup7": 0.0,
                    "popGroup8": 0.0,
                    "popGroup9": 0.0,
                    "popGroup10": 2.280509285122863,
                    "popGroup11": 8.41208822137484,
                    "popGroup12": 0.0,
                    "popGroup13": 0.0,
                    "popGroup14": 0.0,
                    "popGroup15": 0.0
                }
            },
            "61027": {
                "car": {
                    "popGroup2": 2.118910819832824,
                    "popGroup4": 0.0,
                    "popGroup6": 0.0,
                    "popGroup10": 2.190289952451937,
                    "popGroup12": 0.0,
                    "popGroup14": 0.0
                },
                "publicTransport": {
                    "popGroup0": 0.0,
                    "popGroup1": 0.0,
                    "popGroup2": 0.14850803121496003,
                    "popGroup3": 0.5527577789564307,
                    "popGroup4": 0.0,
                    "popGroup5": 0.0,
                    "popGroup6": 0.0,
                    "popGroup7": 0.0,
                    "popGroup8": 0.0,
                    "popGroup9": 0.0,
                    "popGroup10": 0.1535091493636379,
                    "popGroup11": 0.566250552810341,
                    "popGroup12": 0.0,
                    "popGroup13": 0.0,
                    "popGroup14": 0.0,
                    "popGroup15": 0.0
                }
            },
            "61016": {
                "car": {
                    "popGroup2": 1.3264936974020962,
                    "popGroup4": 0.0,
                    "popGroup6": 0.0,
                    "popGroup10": 1.3711804515426465,
                    "popGroup12": 0.0,
                    "popGroup14": 0.0
                },
                "publicTransport": {
                    "popGroup0": 0.0,
                    "popGroup1": 0.0,
                    "popGroup2": 0.09809375135672513,
                    "popGroup3": 0.3651563594477626,
                    "popGroup4": 0.0,
                    "popGroup5": 0.0,
                    "popGroup6": 0.0,
                    "popGroup7": 0.0,
                    "popGroup8": 0.0,
                    "popGroup9": 0.0,
                    "popGroup10": 0.10139286246010043,
                    "popGroup11": 0.37399904995157196,
                    "popGroup12": 0.0,
                    "popGroup13": 0.0,
                    "popGroup14": 0.0,
                    "popGroup15": 0.0
                }
            },
            "61045": {
                "car": {
                    "popGroup2": 7.169338605462583,
                    "popGroup4": 0.0,
                    "popGroup6": 0.0,
                    "popGroup10": 7.410948099390167,
                    "popGroup12": 0.0,
                    "popGroup14": 0.0
                },
                "publicTransport": {
                    "popGroup0": 0.0,
                    "popGroup1": 0.0,
                    "popGroup2": 0.4925712755216921,
                    "popGroup3": 1.8334397377874097,
                    "popGroup4": 0.0,
                    "popGroup5": 0.0,
                    "popGroup6": 0.0,
                    "popGroup7": 0.0,
                    "popGroup8": 0.0,
                    "popGroup9": 0.0,
                    "popGroup10": 0.5091513850406091,
                    "popGroup11": 1.878060121918092,
                    "popGroup12": 0.0,
                    "popGroup13": 0.0,
                    "popGroup14": 0.0,
                    "popGroup15": 0.0
                }
            },
            "61008": {
                "car": {
                    "popGroup2": 2.4584173954524298,
                    "popGroup4": 0.0,
                    "popGroup6": 0.0,
                    "popGroup10": 2.541251817807309,
                    "popGroup12": 0.0,
                    "popGroup14": 0.0
                },
                "publicTransport": {
                    "popGroup0": 0.0,
                    "popGroup1": 0.0,
                    "popGroup2": 0.1621485080805233,
                    "popGroup3": 0.6035693342246895,
                    "popGroup4": 0.0,
                    "popGroup5": 0.0,
                    "popGroup6": 0.0,
                    "popGroup7": 0.0,
                    "popGroup8": 0.0,
                    "popGroup9": 0.0,
                    "popGroup10": 0.167604329662967,
                    "popGroup11": 0.6182232389028776,
                    "popGroup12": 0.0,
                    "popGroup13": 0.0,
                    "popGroup14": 0.0,
                    "popGroup15": 0.0
                }
            },
            "61050": {
                "car": {
                    "popGroup2": 3.7380189761956233,
                    "popGroup4": 0.0,
                    "popGroup6": 0.0,
                    "popGroup10": 3.8638746621076723,
                    "popGroup12": 0.0,
                    "popGroup14": 0.0
                },
                "publicTransport": {
                    "popGroup0": 0.0,
                    "popGroup1": 0.0,
                    "popGroup2": 0.24318786009435833,
                    "popGroup3": 0.9052690922422761,
                    "popGroup4": 0.0,
                    "popGroup5": 0.0,
                    "popGroup6": 0.0,
                    "popGroup7": 0.0,
                    "popGroup8": 0.0,
                    "popGroup9": 0.0,
                    "popGroup10": 0.25136705462444753,
                    "popGroup11": 0.9271952785900459,
                    "popGroup12": 0.0,
                    "popGroup13": 0.0,
                    "popGroup14": 0.0,
                    "popGroup15": 0.0
                }
            },
            "61049": {
                "car": {
                    "popGroup2": 2.918129366413594,
                    "popGroup4": 0.0,
                    "popGroup6": 0.0,
                    "popGroup10": 3.016410049796959,
                    "popGroup12": 0.0,
                    "popGroup14": 0.0
                },
                "publicTransport": {
                    "popGroup0": 0.0,
                    "popGroup1": 0.0,
                    "popGroup2": 0.2001043239210134,
                    "popGroup3": 0.7448773185641142,
                    "popGroup4": 0.0,
                    "popGroup5": 0.0,
                    "popGroup6": 0.0,
                    "popGroup7": 0.0,
                    "popGroup8": 0.0,
                    "popGroup9": 0.0,
                    "popGroup10": 0.20683587031830697,
                    "popGroup11": 0.7629420423740806,
                    "popGroup12": 0.0,
                    "popGroup13": 0.0,
                    "popGroup14": 0.0,
                    "popGroup15": 0.0
                }
            },
            "61058": {
                "car": {
                    "popGroup2": 6.075662940076821,
                    "popGroup4": 0.0,
                    "popGroup6": 0.0,
                    "popGroup10": 6.280388887623008,
                    "popGroup12": 0.0,
                    "popGroup14": 0.0
                },
                "publicTransport": {
                    "popGroup0": 0.0,
                    "popGroup1": 0.0,
                    "popGroup2": 0.41137800482816345,
                    "popGroup3": 1.5313918404468088,
                    "popGroup4": 0.0,
                    "popGroup5": 0.0,
                    "popGroup6": 0.0,
                    "popGroup7": 0.0,
                    "popGroup8": 0.0,
                    "popGroup9": 0.0,
                    "popGroup10": 0.4252110467868891,
                    "popGroup11": 1.5684356919795994,
                    "popGroup12": 0.0,
                    "popGroup13": 0.0,
                    "popGroup14": 0.0,
                    "popGroup15": 0.0
                }
            },
            "62347": {
                "car": {
                    "popGroup2": 0.7201974610562369,
                    "popGroup4": 0.0,
                    "popGroup6": 0.0,
                    "popGroup10": 0.7444601673277405,
                    "popGroup12": 0.0,
                    "popGroup14": 0.0
                },
                "publicTransport": {
                    "popGroup0": 0.0,
                    "popGroup1": 0.0,
                    "popGroup2": 0.047033867837749974,
                    "popGroup3": 0.17509796052018506,
                    "popGroup4": 0.0,
                    "popGroup5": 0.0,
                    "popGroup6": 0.0,
                    "popGroup7": 0.0,
                    "popGroup8": 0.0,
                    "popGroup9": 0.0,
                    "popGroup10": 0.04861446065773811,
                    "popGroup11": 0.1793174398022418,
                    "popGroup12": 0.0,
                    "popGroup13": 0.0,
                    "popGroup14": 0.0,
                    "popGroup15": 0.0
                }
            }
        }
    }
}