{
    "Sum_Trips_per_Mode": {
        "work": {
            "60101": {
                "car": 349.74505474182615,
                "publicTransport": 67.99240347168754
            },
            "60669": {
                "car": 15.141631367569595,
                "publicTransport": 3.0834956951397325
            },
            "60608": {
                "car": 7.2164715241394015,
                "publicTransport": 1.3612344710017847
            },
            "60611": {
                "car": 4.1940833095062535,
                "publicTransport": 1.4959967819334237
            },
            "60670": {
                "car": 12.647845042181359,
                "publicTransport": 3.8075219273040837
            },
            "60662": {
                "car": 3.4674395614202,
                "publicTransport": 1.1607350994913554
            },
            "60656": {
                "car": 3.7700387017949444,
                "publicTransport": 0.7928358536845304
            },
            "60655": {
                "car": 5.294786171895819,
                "publicTransport": 1.1950521361333153
            },
            "60624": {
                "car": 11.55464722571833,
                "publicTransport": 2.9395009406636383
            },
            "60660": {
                "car": 4.012272640644614,
                "publicTransport": 0.9238806294732284
            },
            "60629": {
                "car": 5.94870757231193,
                "publicTransport": 1.5346953854669818
            },
            "60618": {
                "car": 1.1402973047104958,
                "publicTransport": 0.37693121819262043
            },
            "61059": {
                "car": 6.2031890320657865,
                "publicTransport": 1.5210772455817958
            },
            "61001": {
                "car": 1.2267437958574414,
                "publicTransport": 0.32749065932462296
            },
            "61055": {
                "car": 1.40509568279579,
                "publicTransport": 0.6180566374776306
            },
            "61021": {
                "car": 8.001864808257984,
                "publicTransport": 3.6791562147426373,
                "bicycle": 2.6909445481042145
            },
            "61017": {
                "car": 1.2337640231828986,
                "publicTransport": 0.5784598126842423,
                "bicycle": 0.3244086615509021
            },
            "61020": {
                "car": 1.4081915480054659,
                "publicTransport": 0.7845024150505571,
                "bicycle": 0.5231660809518069,
                "walk": 0.20613311701333525
            },
            "61012": {
                "car": 4.125896622806524,
                "publicTransport": 1.8403564501092922
            },
            "61043": {
                "car": 4.7099574411508,
                "publicTransport": 2.1486226479565427,
                "bicycle": 1.5624317021182716
            },
            "61053": {
                "car": 29.994426352109212,
                "publicTransport": 13.548011067138853
            },
            "61027": {
                "car": 1.9486599545552241,
                "publicTransport": 0.8878581186380292
            },
            "61016": {
                "car": 1.5902021645246476,
                "publicTransport": 0.7282273368006092
            },
            "61045": {
                "car": 6.834646096675341,
                "publicTransport": 2.9877066764405438
            },
            "61008": {
                "car": 2.3527230126913024,
                "publicTransport": 0.9917667576166629
            },
            "61050": {
                "car": 3.053850636616253,
                "publicTransport": 1.3707855794656565
            },
            "61049": {
                "car": 2.3938401431623832,
                "publicTransport": 1.226728399035613
            },
            "61058": {
                "car": 5.955157308011872,
                "publicTransport": 2.5360905407914807
            },
            "62347": {
                "car": 0.7086438350388355,
                "publicTransport": 0.29175700346107575
            }
        }
    },
    "Trips_per_group": {
        "work": {
            "60101": {
                "car": {
                    "popGroup2": 177.92199884605242,
                    "popGroup4": 0.0,
                    "popGroup6": 0.0,
                    "popGroup10": 171.8230558957737,
                    "popGroup12": 0.0,
                    "popGroup14": 0.0
                },
                "publicTransport": {
                    "popGroup0": 0.0,
                    "popGroup1": 0.0,
                    "popGroup2": 5.478250672865448,
                    "popGroup3": 30.736289531439706,
                    "popGroup4": 0.0,
                    "popGroup5": 0.0,
                    "popGroup6": 0.0,
                    "popGroup7": 0.0,
                    "popGroup8": 0.0,
                    "popGroup9": 0.0,
                    "popGroup10": 5.2911713104675,
                    "popGroup11": 26.486691956914896,
                    "popGroup12": 0.0,
                    "popGroup13": 0.0,
                    "popGroup14": 0.0,
                    "popGroup15": 0.0
                }
            },
            "60669": {
                "car": {
                    "popGroup2": 7.7029042484657495,
                    "popGroup4": 0.0,
                    "popGroup6": 0.0,
                    "popGroup10": 7.438727119103846,
                    "popGroup12": 0.0,
                    "popGroup14": 0.0
                },
                "publicTransport": {
                    "popGroup0": 0.0,
                    "popGroup1": 0.0,
                    "popGroup2": 0.2439575113766729,
                    "popGroup3": 1.3986577907709186,
                    "popGroup4": 0.0,
                    "popGroup5": 0.0,
                    "popGroup6": 0.0,
                    "popGroup7": 0.0,
                    "popGroup8": 0.0,
                    "popGroup9": 0.0,
                    "popGroup10": 0.2356141343519081,
                    "popGroup11": 1.2052662586402332,
                    "popGroup12": 0.0,
                    "popGroup13": 0.0,
                    "popGroup14": 0.0,
                    "popGroup15": 0.0
                }
            },
            "60608": {
                "car": {
                    "popGroup2": 3.6712239894568013,
                    "popGroup4": 0.0,
                    "popGroup6": 0.0,
                    "popGroup10": 3.5452475346826002,
                    "popGroup12": 0.0,
                    "popGroup14": 0.0
                },
                "publicTransport": {
                    "popGroup0": 0.0,
                    "popGroup1": 0.0,
                    "popGroup2": 0.10958909650974763,
                    "popGroup3": 0.6154184107172345,
                    "popGroup4": 0.0,
                    "popGroup5": 0.0,
                    "popGroup6": 0.0,
                    "popGroup7": 0.0,
                    "popGroup8": 0.0,
                    "popGroup9": 0.0,
                    "popGroup10": 0.10583962778753386,
                    "popGroup11": 0.5303873359872686,
                    "popGroup12": 0.0,
                    "popGroup13": 0.0,
                    "popGroup14": 0.0,
                    "popGroup15": 0.0
                }
            },
            "60611": {
                "car": {
                    "popGroup2": 2.133637119194499,
                    "popGroup4": 0.0,
                    "popGroup6": 0.0,
                    "popGroup10": 2.0604461903117546,
                    "popGroup12": 0.0,
                    "popGroup14": 0.0
                },
                "publicTransport": {
                    "popGroup0": 0.0,
                    "popGroup1": 0.0,
                    "popGroup2": 0.11331139504645237,
                    "popGroup3": 0.6840167732234131,
                    "popGroup4": 0.0,
                    "popGroup5": 0.0,
                    "popGroup6": 0.0,
                    "popGroup7": 0.0,
                    "popGroup8": 0.0,
                    "popGroup9": 0.0,
                    "popGroup10": 0.10943205446080101,
                    "popGroup11": 0.5892365592027572,
                    "popGroup12": 0.0,
                    "popGroup13": 0.0,
                    "popGroup14": 0.0,
                    "popGroup15": 0.0
                }
            },
            "60670": {
                "car": {
                    "popGroup2": 6.434282238663307,
                    "popGroup4": 0.0,
                    "popGroup6": 0.0,
                    "popGroup10": 6.213562803518051,
                    "popGroup12": 0.0,
                    "popGroup14": 0.0
                },
                "publicTransport": {
                    "popGroup0": 0.0,
                    "popGroup1": 0.0,
                    "popGroup2": 0.2890368709488629,
                    "popGroup3": 1.7401421725000952,
                    "popGroup4": 0.0,
                    "popGroup5": 0.0,
                    "popGroup6": 0.0,
                    "popGroup7": 0.0,
                    "popGroup8": 0.0,
                    "popGroup9": 0.0,
                    "popGroup10": 0.2791292533237447,
                    "popGroup11": 1.4992136305313803,
                    "popGroup12": 0.0,
                    "popGroup13": 0.0,
                    "popGroup14": 0.0,
                    "popGroup15": 0.0
                }
            },
            "60662": {
                "car": {
                    "popGroup2": 1.7640079395332502,
                    "popGroup4": 0.0,
                    "popGroup6": 0.0,
                    "popGroup10": 1.7034316218869496,
                    "popGroup12": 0.0,
                    "popGroup14": 0.0
                },
                "publicTransport": {
                    "popGroup0": 0.0,
                    "popGroup1": 0.0,
                    "popGroup2": 0.08794769601393834,
                    "popGroup3": 0.5306424559444195,
                    "popGroup4": 0.0,
                    "popGroup5": 0.0,
                    "popGroup6": 0.0,
                    "popGroup7": 0.0,
                    "popGroup8": 0.0,
                    "popGroup9": 0.0,
                    "popGroup10": 0.0849297556194817,
                    "popGroup11": 0.4572151919135158,
                    "popGroup12": 0.0,
                    "popGroup13": 0.0,
                    "popGroup14": 0.0,
                    "popGroup15": 0.0
                }
            },
            "60656": {
                "car": {
                    "popGroup2": 1.9179921771472046,
                    "popGroup4": 0.0,
                    "popGroup6": 0.0,
                    "popGroup10": 1.8520465246477396,
                    "popGroup12": 0.0,
                    "popGroup14": 0.0
                },
                "publicTransport": {
                    "popGroup0": 0.0,
                    "popGroup1": 0.0,
                    "popGroup2": 0.0602978892708816,
                    "popGroup3": 0.36219750731545236,
                    "popGroup4": 0.0,
                    "popGroup5": 0.0,
                    "popGroup6": 0.0,
                    "popGroup7": 0.0,
                    "popGroup8": 0.0,
                    "popGroup9": 0.0,
                    "popGroup10": 0.058226770296740116,
                    "popGroup11": 0.31211368680145635,
                    "popGroup12": 0.0,
                    "popGroup13": 0.0,
                    "popGroup14": 0.0,
                    "popGroup15": 0.0
                }
            },
            "60655": {
                "car": {
                    "popGroup2": 2.693675312523059,
                    "popGroup4": 0.0,
                    "popGroup6": 0.0,
                    "popGroup10": 2.6011108593727603,
                    "popGroup12": 0.0,
                    "popGroup14": 0.0
                },
                "publicTransport": {
                    "popGroup0": 0.0,
                    "popGroup1": 0.0,
                    "popGroup2": 0.09104977719311157,
                    "popGroup3": 0.5457546817028224,
                    "popGroup4": 0.0,
                    "popGroup5": 0.0,
                    "popGroup6": 0.0,
                    "popGroup7": 0.0,
                    "popGroup8": 0.0,
                    "popGroup9": 0.0,
                    "popGroup10": 0.08791998839885203,
                    "popGroup11": 0.4703276888385293,
                    "popGroup12": 0.0,
                    "popGroup13": 0.0,
                    "popGroup14": 0.0,
                    "popGroup15": 0.0
                }
            },
            "60624": {
                "car": {
                    "popGroup2": 5.878257606044267,
                    "popGroup4": 0.0,
                    "popGroup6": 0.0,
                    "popGroup10": 5.676389619674063,
                    "popGroup12": 0.0,
                    "popGroup14": 0.0
                },
                "publicTransport": {
                    "popGroup0": 0.0,
                    "popGroup1": 0.0,
                    "popGroup2": 0.22424243558381154,
                    "popGroup3": 1.3421631481614202,
                    "popGroup4": 0.0,
                    "popGroup5": 0.0,
                    "popGroup6": 0.0,
                    "popGroup7": 0.0,
                    "popGroup8": 0.0,
                    "popGroup9": 0.0,
                    "popGroup10": 0.2165443858673494,
                    "popGroup11": 1.1565509710510569,
                    "popGroup12": 0.0,
                    "popGroup13": 0.0,
                    "popGroup14": 0.0,
                    "popGroup15": 0.0
                }
            },
            "60660": {
                "car": {
                    "popGroup2": 2.0412025629205703,
                    "popGroup4": 0.0,
                    "popGroup6": 0.0,
                    "popGroup10": 1.9710700777240435,
                    "popGroup12": 0.0,
                    "popGroup14": 0.0
                },
                "publicTransport": {
                    "popGroup0": 0.0,
                    "popGroup1": 0.0,
                    "popGroup2": 0.07016457187035177,
                    "popGroup3": 0.42219215216125544,
                    "popGroup4": 0.0,
                    "popGroup5": 0.0,
                    "popGroup6": 0.0,
                    "popGroup7": 0.0,
                    "popGroup8": 0.0,
                    "popGroup9": 0.0,
                    "popGroup10": 0.06775757955437225,
                    "popGroup11": 0.3637663258872489,
                    "popGroup12": 0.0,
                    "popGroup13": 0.0,
                    "popGroup14": 0.0,
                    "popGroup15": 0.0
                }
            },
            "60629": {
                "car": {
                    "popGroup2": 3.0262794564478703,
                    "popGroup4": 0.0,
                    "popGroup6": 0.0,
                    "popGroup10": 2.9224281158640597,
                    "popGroup12": 0.0,
                    "popGroup14": 0.0
                },
                "publicTransport": {
                    "popGroup0": 0.0,
                    "popGroup1": 0.0,
                    "popGroup2": 0.11639409257104519,
                    "popGroup3": 0.7015715532751532,
                    "popGroup4": 0.0,
                    "popGroup5": 0.0,
                    "popGroup6": 0.0,
                    "popGroup7": 0.0,
                    "popGroup8": 0.0,
                    "popGroup9": 0.0,
                    "popGroup10": 0.11241237510546223,
                    "popGroup11": 0.6043173645153213,
                    "popGroup12": 0.0,
                    "popGroup13": 0.0,
                    "popGroup14": 0.0,
                    "popGroup15": 0.0
                }
            },
            "60618": {
                "car": {
                    "popGroup2": 0.5800858924148562,
                    "popGroup4": 0.0,
                    "popGroup6": 0.0,
                    "popGroup10": 0.5602114122956398,
                    "popGroup12": 0.0,
                    "popGroup14": 0.0
                },
                "publicTransport": {
                    "popGroup0": 0.0,
                    "popGroup1": 0.0,
                    "popGroup2": 0.028580421351077658,
                    "popGroup3": 0.172324811973867,
                    "popGroup4": 0.0,
                    "popGroup5": 0.0,
                    "popGroup6": 0.0,
                    "popGroup7": 0.0,
                    "popGroup8": 0.0,
                    "popGroup9": 0.0,
                    "popGroup10": 0.0276036813797267,
                    "popGroup11": 0.14842230348794905,
                    "popGroup12": 0.0,
                    "popGroup13": 0.0,
                    "popGroup14": 0.0,
                    "popGroup15": 0.0
                }
            },
            "61059": {
                "car": {
                    "popGroup2": 3.1558795575798264,
                    "popGroup4": 0.0,
                    "popGroup6": 0.0,
                    "popGroup10": 3.04730947448596,
                    "popGroup12": 0.0,
                    "popGroup14": 0.0
                },
                "publicTransport": {
                    "popGroup0": 0.0,
                    "popGroup1": 0.0,
                    "popGroup2": 0.11536923187191189,
                    "popGroup3": 0.6951681612587755,
                    "popGroup4": 0.0,
                    "popGroup5": 0.0,
                    "popGroup6": 0.0,
                    "popGroup7": 0.0,
                    "popGroup8": 0.0,
                    "popGroup9": 0.0,
                    "popGroup10": 0.11139880143315693,
                    "popGroup11": 0.5991410510179515,
                    "popGroup12": 0.0,
                    "popGroup13": 0.0,
                    "popGroup14": 0.0,
                    "popGroup15": 0.0
                }
            },
            "61001": {
                "car": {
                    "popGroup2": 0.6241032818915936,
                    "popGroup4": 0.0,
                    "popGroup6": 0.0,
                    "popGroup10": 0.6026405139658478,
                    "popGroup12": 0.0,
                    "popGroup14": 0.0
                },
                "publicTransport": {
                    "popGroup0": 0.0,
                    "popGroup1": 0.0,
                    "popGroup2": 0.024833568395982112,
                    "popGroup3": 0.14967972422931175,
                    "popGroup4": 0.0,
                    "popGroup5": 0.0,
                    "popGroup6": 0.0,
                    "popGroup7": 0.0,
                    "popGroup8": 0.0,
                    "popGroup9": 0.0,
                    "popGroup10": 0.02397931258840253,
                    "popGroup11": 0.1289980541109266,
                    "popGroup12": 0.0,
                    "popGroup13": 0.0,
                    "popGroup14": 0.0,
                    "popGroup15": 0.0
                }
            },
            "61055": {
                "car": {
                    "popGroup2": 0.7148288656715981,
                    "popGroup4": 0.0,
                    "popGroup6": 0.0,
                    "popGroup10": 0.6902668171241919,
                    "popGroup12": 0.0,
                    "popGroup14": 0.0
                },
                "publicTransport": {
                    "popGroup0": 0.0,
                    "popGroup1": 0.0,
                    "popGroup2": 0.04684085848630341,
                    "popGroup3": 0.2825390757667728,
                    "popGroup4": 0.0,
                    "popGroup5": 0.0,
                    "popGroup6": 0.0,
                    "popGroup7": 0.0,
                    "popGroup8": 0.0,
                    "popGroup9": 0.0,
                    "popGroup10": 0.04523365456262511,
                    "popGroup11": 0.2434430486619293,
                    "popGroup12": 0.0,
                    "popGroup13": 0.0,
                    "popGroup14": 0.0,
                    "popGroup15": 0.0
                }
            },
            "61021": {
                "car": {
                    "popGroup2": 4.07100135757106,
                    "popGroup4": 0.0,
                    "popGroup6": 0.0,
                    "popGroup10": 3.9308634506869238,
                    "popGroup12": 0.0,
                    "popGroup14": 0.0
                },
                "publicTransport": {
                    "popGroup0": 0.0,
                    "popGroup1": 0.0,
                    "popGroup2": 0.2786730633559863,
                    "popGroup3": 1.6818613237793496,
                    "popGroup4": 0.0,
                    "popGroup5": 0.0,
                    "popGroup6": 0.0,
                    "popGroup7": 0.0,
                    "popGroup8": 0.0,
                    "popGroup9": 0.0,
                    "popGroup10": 0.26908398735790345,
                    "popGroup11": 1.449537840249398,
                    "popGroup12": 0.0,
                    "popGroup13": 0.0,
                    "popGroup14": 0.0,
                    "popGroup15": 0.0
                },
                "bicycle": {
                    "popGroup0": 0.0,
                    "popGroup1": 0.0,
                    "popGroup2": 0.20388727127841774,
                    "popGroup3": 1.2301682965844456,
                    "popGroup4": 0.0,
                    "popGroup5": 0.0,
                    "popGroup6": 0.0,
                    "popGroup7": 0.0,
                    "popGroup8": 0.0,
                    "popGroup9": 0.0,
                    "popGroup10": 0.19688647717288962,
                    "popGroup11": 1.0600025030684617,
                    "popGroup12": 0.0,
                    "popGroup13": 0.0,
                    "popGroup14": 0.0,
                    "popGroup15": 0.0
                }
            },
            "61017": {
                "car": {
                    "popGroup2": 0.6276773038902714,
                    "popGroup4": 0.0,
                    "popGroup6": 0.0,
                    "popGroup10": 0.6060867192926273,
                    "popGroup12": 0.0,
                    "popGroup14": 0.0
                },
                "publicTransport": {
                    "popGroup0": 0.0,
                    "popGroup1": 0.0,
                    "popGroup2": 0.04381851733782258,
                    "popGroup3": 0.2644415894957821,
                    "popGroup4": 0.0,
                    "popGroup5": 0.0,
                    "popGroup6": 0.0,
                    "popGroup7": 0.0,
                    "popGroup8": 0.0,
                    "popGroup9": 0.0,
                    "popGroup10": 0.04231248564221487,
                    "popGroup11": 0.22788722020842272,
                    "popGroup12": 0.0,
                    "popGroup13": 0.0,
                    "popGroup14": 0.0,
                    "popGroup15": 0.0
                },
                "bicycle": {
                    "popGroup0": 0.0,
                    "popGroup1": 0.0,
                    "popGroup2": 0.02458077556811543,
                    "popGroup3": 0.14833506706196525,
                    "popGroup4": 0.0,
                    "popGroup5": 0.0,
                    "popGroup6": 0.0,
                    "popGroup7": 0.0,
                    "popGroup8": 0.0,
                    "popGroup9": 0.0,
                    "popGroup10": 0.02374111426454095,
                    "popGroup11": 0.12775170465628047,
                    "popGroup12": 0.0,
                    "popGroup13": 0.0,
                    "popGroup14": 0.0,
                    "popGroup15": 0.0
                }
            },
            "61020": {
                "car": {
                    "popGroup2": 0.7164225336313775,
                    "popGroup4": 0.0,
                    "popGroup6": 0.0,
                    "popGroup10": 0.6917690143740882,
                    "popGroup12": 0.0,
                    "popGroup14": 0.0
                },
                "publicTransport": {
                    "popGroup0": 0.0,
                    "popGroup1": 0.0,
                    "popGroup2": 0.05943946859666373,
                    "popGroup3": 0.35861602628254713,
                    "popGroup4": 0.0,
                    "popGroup5": 0.0,
                    "popGroup6": 0.0,
                    "popGroup7": 0.0,
                    "popGroup8": 0.0,
                    "popGroup9": 0.0,
                    "popGroup10": 0.057395716305435954,
                    "popGroup11": 0.3090512038659103,
                    "popGroup12": 0.0,
                    "popGroup13": 0.0,
                    "popGroup14": 0.0,
                    "popGroup15": 0.0
                },
                "bicycle": {
                    "popGroup0": 0.0,
                    "popGroup1": 0.0,
                    "popGroup2": 0.03964082820491855,
                    "popGroup3": 0.2392164109661271,
                    "popGroup4": 0.0,
                    "popGroup5": 0.0,
                    "popGroup6": 0.0,
                    "popGroup7": 0.0,
                    "popGroup8": 0.0,
                    "popGroup9": 0.0,
                    "popGroup10": 0.0382867265252104,
                    "popGroup11": 0.20602211525555084,
                    "popGroup12": 0.0,
                    "popGroup13": 0.0,
                    "popGroup14": 0.0,
                    "popGroup15": 0.0
                },
                "walk": {
                    "popGroup0": 0.0,
                    "popGroup1": 0.0,
                    "popGroup2": 0.015620644356121479,
                    "popGroup3": 0.09430773635819437,
                    "popGroup4": 0.0,
                    "popGroup5": 0.0,
                    "popGroup6": 0.0,
                    "popGroup7": 0.0,
                    "popGroup8": 0.0,
                    "popGroup9": 0.0,
                    "popGroup10": 0.015094564962952587,
                    "popGroup11": 0.08111017133606684,
                    "popGroup12": 0.0,
                    "popGroup13": 0.0,
                    "popGroup14": 0.0,
                    "popGroup15": 0.0
                }
            },
            "61012": {
                "car": {
                    "popGroup2": 2.099049498553966,
                    "popGroup4": 0.0,
                    "popGroup6": 0.0,
                    "popGroup10": 2.0268471242525576,
                    "popGroup12": 0.0,
                    "popGroup14": 0.0
                },
                "publicTransport": {
                    "popGroup0": 0.0,
                    "popGroup1": 0.0,
                    "popGroup2": 0.13942171949541368,
                    "popGroup3": 0.8412960815246824,
                    "popGroup4": 0.0,
                    "popGroup5": 0.0,
                    "popGroup6": 0.0,
                    "popGroup7": 0.0,
                    "popGroup8": 0.0,
                    "popGroup9": 0.0,
                    "popGroup10": 0.13462932969657798,
                    "popGroup11": 0.7250093193926181,
                    "popGroup12": 0.0,
                    "popGroup13": 0.0,
                    "popGroup14": 0.0,
                    "popGroup15": 0.0
                }
            },
            "61043": {
                "car": {
                    "popGroup2": 2.396221448001739,
                    "popGroup4": 0.0,
                    "popGroup6": 0.0,
                    "popGroup10": 2.3137359931490606,
                    "popGroup12": 0.0,
                    "popGroup14": 0.0
                },
                "publicTransport": {
                    "popGroup0": 0.0,
                    "popGroup1": 0.0,
                    "popGroup2": 0.16273695294945628,
                    "popGroup3": 0.9822133884788089,
                    "popGroup4": 0.0,
                    "popGroup5": 0.0,
                    "popGroup6": 0.0,
                    "popGroup7": 0.0,
                    "popGroup8": 0.0,
                    "popGroup9": 0.0,
                    "popGroup10": 0.15713724837282525,
                    "popGroup11": 0.8465350581554523,
                    "popGroup12": 0.0,
                    "popGroup13": 0.0,
                    "popGroup14": 0.0,
                    "popGroup15": 0.0
                },
                "bicycle": {
                    "popGroup0": 0.0,
                    "popGroup1": 0.0,
                    "popGroup2": 0.11838220023085028,
                    "popGroup3": 0.7142673924211734,
                    "popGroup4": 0.0,
                    "popGroup5": 0.0,
                    "popGroup6": 0.0,
                    "popGroup7": 0.0,
                    "popGroup8": 0.0,
                    "popGroup9": 0.0,
                    "popGroup10": 0.11431735888798947,
                    "popGroup11": 0.6154647505782584,
                    "popGroup12": 0.0,
                    "popGroup13": 0.0,
                    "popGroup14": 0.0,
                    "popGroup15": 0.0
                }
            },
            "61053": {
                "car": {
                    "popGroup2": 15.259565020982697,
                    "popGroup4": 0.0,
                    "popGroup6": 0.0,
                    "popGroup10": 14.734861331126515,
                    "popGroup12": 0.0,
                    "popGroup14": 0.0
                },
                "publicTransport": {
                    "popGroup0": 0.0,
                    "popGroup1": 0.0,
                    "popGroup2": 1.0264992539333173,
                    "popGroup3": 6.193328172025971,
                    "popGroup4": 0.0,
                    "popGroup5": 0.0,
                    "popGroup6": 0.0,
                    "popGroup7": 0.0,
                    "popGroup8": 0.0,
                    "popGroup9": 0.0,
                    "popGroup10": 0.9912363847541951,
                    "popGroup11": 5.33694725642537,
                    "popGroup12": 0.0,
                    "popGroup13": 0.0,
                    "popGroup14": 0.0,
                    "popGroup15": 0.0
                }
            },
            "61027": {
                "car": {
                    "popGroup2": 0.9913747092319676,
                    "popGroup4": 0.0,
                    "popGroup6": 0.0,
                    "popGroup10": 0.9572852453232565,
                    "popGroup12": 0.0,
                    "popGroup14": 0.0
                },
                "publicTransport": {
                    "popGroup0": 0.0,
                    "popGroup1": 0.0,
                    "popGroup2": 0.06727306661608874,
                    "popGroup3": 0.40587221413557617,
                    "popGroup4": 0.0,
                    "popGroup5": 0.0,
                    "popGroup6": 0.0,
                    "popGroup7": 0.0,
                    "popGroup8": 0.0,
                    "popGroup9": 0.0,
                    "popGroup10": 0.06496203186855742,
                    "popGroup11": 0.34975080601780695,
                    "popGroup12": 0.0,
                    "popGroup13": 0.0,
                    "popGroup14": 0.0,
                    "popGroup15": 0.0
                }
            },
            "61016": {
                "car": {
                    "popGroup2": 0.8090050405241549,
                    "popGroup4": 0.0,
                    "popGroup6": 0.0,
                    "popGroup10": 0.7811971240004927,
                    "popGroup12": 0.0,
                    "popGroup14": 0.0
                },
                "publicTransport": {
                    "popGroup0": 0.0,
                    "popGroup1": 0.0,
                    "popGroup2": 0.05518124675425643,
                    "popGroup3": 0.3329050818303011,
                    "popGroup4": 0.0,
                    "popGroup5": 0.0,
                    "popGroup6": 0.0,
                    "popGroup7": 0.0,
                    "popGroup8": 0.0,
                    "popGroup9": 0.0,
                    "popGroup10": 0.05328689188331316,
                    "popGroup11": 0.28685411633273855,
                    "popGroup12": 0.0,
                    "popGroup13": 0.0,
                    "popGroup14": 0.0,
                    "popGroup15": 0.0
                }
            },
            "61045": {
                "car": {
                    "popGroup2": 3.477073390864057,
                    "popGroup4": 0.0,
                    "popGroup6": 0.0,
                    "popGroup10": 3.357572705811284,
                    "popGroup12": 0.0,
                    "popGroup14": 0.0
                },
                "publicTransport": {
                    "popGroup0": 0.0,
                    "popGroup1": 0.0,
                    "popGroup2": 0.22644182843375515,
                    "popGroup3": 1.3657678288275705,
                    "popGroup4": 0.0,
                    "popGroup5": 0.0,
                    "popGroup6": 0.0,
                    "popGroup7": 0.0,
                    "popGroup8": 0.0,
                    "popGroup9": 0.0,
                    "popGroup10": 0.21866887374747335,
                    "popGroup11": 1.1768281454317444,
                    "popGroup12": 0.0,
                    "popGroup13": 0.0,
                    "popGroup14": 0.0,
                    "popGroup15": 0.0
                }
            },
            "61008": {
                "car": {
                    "popGroup2": 1.1969181685720036,
                    "popGroup4": 0.0,
                    "popGroup6": 0.0,
                    "popGroup10": 1.1558048441192985,
                    "popGroup12": 0.0,
                    "popGroup14": 0.0
                },
                "publicTransport": {
                    "popGroup0": 0.0,
                    "popGroup1": 0.0,
                    "popGroup2": 0.07517673492159105,
                    "popGroup3": 0.4533720714149876,
                    "popGroup4": 0.0,
                    "popGroup5": 0.0,
                    "popGroup6": 0.0,
                    "popGroup7": 0.0,
                    "popGroup8": 0.0,
                    "popGroup9": 0.0,
                    "popGroup10": 0.07259844899464353,
                    "popGroup11": 0.3906195022854408,
                    "popGroup12": 0.0,
                    "popGroup13": 0.0,
                    "popGroup14": 0.0,
                    "popGroup15": 0.0
                }
            },
            "61050": {
                "car": {
                    "popGroup2": 1.553579843524946,
                    "popGroup4": 0.0,
                    "popGroup6": 0.0,
                    "popGroup10": 1.5002707930913068,
                    "popGroup12": 0.0,
                    "popGroup14": 0.0
                },
                "publicTransport": {
                    "popGroup0": 0.0,
                    "popGroup1": 0.0,
                    "popGroup2": 0.10391959116614168,
                    "popGroup3": 0.6267084494210743,
                    "popGroup4": 0.0,
                    "popGroup5": 0.0,
                    "popGroup6": 0.0,
                    "popGroup7": 0.0,
                    "popGroup8": 0.0,
                    "popGroup9": 0.0,
                    "popGroup10": 0.10036734721060013,
                    "popGroup11": 0.5397901916678405,
                    "popGroup12": 0.0,
                    "popGroup13": 0.0,
                    "popGroup14": 0.0,
                    "popGroup15": 0.0
                }
            },
            "61049": {
                "car": {
                    "popGroup2": 1.217821413562758,
                    "popGroup4": 0.0,
                    "popGroup6": 0.0,
                    "popGroup10": 1.1760187295996254,
                    "popGroup12": 0.0,
                    "popGroup14": 0.0
                },
                "publicTransport": {
                    "popGroup0": 0.0,
                    "popGroup1": 0.0,
                    "popGroup2": 0.09297701582926474,
                    "popGroup3": 0.5607986613699365,
                    "popGroup4": 0.0,
                    "popGroup5": 0.0,
                    "popGroup6": 0.0,
                    "popGroup7": 0.0,
                    "popGroup8": 0.0,
                    "popGroup9": 0.0,
                    "popGroup10": 0.08978916766424766,
                    "popGroup11": 0.4831635541721642,
                    "popGroup12": 0.0,
                    "popGroup13": 0.0,
                    "popGroup14": 0.0,
                    "popGroup15": 0.0
                }
            },
            "61058": {
                "car": {
                    "popGroup2": 3.0296119678737212,
                    "popGroup4": 0.0,
                    "popGroup6": 0.0,
                    "popGroup10": 2.92554534013815,
                    "popGroup12": 0.0,
                    "popGroup14": 0.0
                },
                "publicTransport": {
                    "popGroup0": 0.0,
                    "popGroup1": 0.0,
                    "popGroup2": 0.19224724485901554,
                    "popGroup3": 1.1593873951325682,
                    "popGroup4": 0.0,
                    "popGroup5": 0.0,
                    "popGroup6": 0.0,
                    "popGroup7": 0.0,
                    "popGroup8": 0.0,
                    "popGroup9": 0.0,
                    "popGroup10": 0.18566202395726117,
                    "popGroup11": 0.998793876842636,
                    "popGroup12": 0.0,
                    "popGroup13": 0.0,
                    "popGroup14": 0.0,
                    "popGroup15": 0.0
                }
            },
            "62347": {
                "car": {
                    "popGroup2": 0.36050955202985313,
                    "popGroup4": 0.0,
                    "popGroup6": 0.0,
                    "popGroup10": 0.34813428300898236,
                    "popGroup12": 0.0,
                    "popGroup14": 0.0
                },
                "publicTransport": {
                    "popGroup0": 0.0,
                    "popGroup1": 0.0,
                    "popGroup2": 0.022120565627439154,
                    "popGroup3": 0.13338169835060906,
                    "popGroup4": 0.0,
                    "popGroup5": 0.0,
                    "popGroup6": 0.0,
                    "popGroup7": 0.0,
                    "popGroup8": 0.0,
                    "popGroup9": 0.0,
                    "popGroup10": 0.021363892963365664,
                    "popGroup11": 0.11489084651966186,
                    "popGroup12": 0.0,
                    "popGroup13": 0.0,
                    "popGroup14": 0.0,
                    "popGroup15": 0.0
                }
            }
        }
    }
}